Data_Point,Date_Time,Test_Time(s),Step_Time(s),Cycle_Index,Step_Index,Current(A),Voltage(V),Power(W),Charge_Capacity(Ah),Discharge_Capacity(Ah),Charge_Energy(Wh),Discharge_Energy(Wh),ACR(Ohm),dV/dt(V/s),Internal_Resistance(Ohm),dQ/dV(Ah/V),dV/dQ(V/Ah)
1.00,6/16/2022 2:07:10 PM,60.000,60.000,1.00,1.00,0,3.63468,0,0,0,0,0,,0.03490,,,
2.00,6/16/2022 2:07:10 PM,60.002,60.002,1.00,1.00,0,3.63468,0,0,0,0,0,,0.03490,0.00000,0.00000,0.00000
3.00,6/16/2022 2:07:11 PM,60.182,0.130,1.00,2.00,-0.00013,3.44871,-0.00045,0,0,0,0,,3.58435,0.36518,0.00000,0.00000
4.00,6/16/2022 2:07:11 PM,60.716,0.500,1.00,3.00,0,3.62992,0,0,0,0,0,,-1.78463,,,
5.00,6/16/2022 2:07:12 PM,61.216,1.000,1.00,3.00,0,3.63253,0,0,0,0,0,,0.00254,,,
6.00,6/16/2022 2:07:12 PM,61.716,1.500,1.00,3.00,0,3.63569,0,0,0,0,0,,,,,
7.00,6/16/2022 2:07:13 PM,62.216,2.000,1.00,3.00,0,3.63355,0,0,0,0,0,,,,,
8.00,6/16/2022 2:07:13 PM,62.717,2.501,1.00,3.00,0,3.63457,0,0,0,0,0,,,,,
9.00,6/16/2022 2:07:14 PM,63.216,3.000,1.00,3.00,0,3.63327,0,0,0,0,0,,,,,
10.00,6/16/2022 2:07:14 PM,63.716,3.500,1.00,3.00,0,3.63235,0,0,0,0,0,,,,,
11.00,6/16/2022 2:07:15 PM,64.216,4.000,1.00,3.00,0,3.634,0,0,0,0,0,,,,,
12.00,6/16/2022 2:07:15 PM,64.717,4.501,1.00,3.00,0,3.63315,0,0,0,0,0,,,,,
13.00,6/16/2022 2:07:16 PM,65.217,5.001,1.00,3.00,0,3.62996,0,0,0,0,0,,,,,
14.00,6/16/2022 2:07:16 PM,65.716,5.500,1.00,3.00,0,3.63142,0,0,0,0,0,,,,,
15.00,6/16/2022 2:07:17 PM,66.216,6.000,1.00,3.00,0,3.6327,0,0,0,0,0,,,,,
16.00,6/16/2022 2:07:17 PM,66.717,6.501,1.00,3.00,0,3.63127,0,0,0,0,0,,,,,
17.00,6/16/2022 2:07:18 PM,67.217,7.001,1.00,3.00,0,3.63033,0,0,0,0,0,,-0.00018,,,
18.00,6/16/2022 2:07:18 PM,67.716,7.500,1.00,3.00,0,3.62992,0,0,0,0,0,,,,,
19.00,6/16/2022 2:07:19 PM,68.216,8.000,1.00,3.00,0,3.63249,0,0,0,0,0,,-0.00376,,,
20.00,6/16/2022 2:07:19 PM,68.716,8.500,1.00,3.00,0,3.63288,0,0,0,0,0,,,,,
21.00,6/16/2022 2:07:20 PM,69.217,9.001,1.00,3.00,0,3.63308,0,0,0,0,0,,0.00287,,,
22.00,6/16/2022 2:07:20 PM,69.717,9.501,1.00,3.00,0,3.63285,0,0,0,0,0,,,,,
23.00,6/16/2022 2:07:21 PM,70.217,10.001,1.00,3.00,0,3.63473,0,0,0,0,0,,,,,
24.00,6/16/2022 2:07:21 PM,70.717,10.501,1.00,3.00,0,3.63463,0,0,0,0,0,,,,,
25.00,6/16/2022 2:07:22 PM,71.216,11.000,1.00,3.00,0,3.63516,0,0,0,0,0,,0.00059,,,
26.00,6/16/2022 2:07:22 PM,71.717,11.501,1.00,3.00,0,3.63398,0,0,0,0,0,,,,,
27.00,6/16/2022 2:07:23 PM,72.216,12.000,1.00,3.00,0,3.63296,0,0,0,0,0,,-0.00094,,,
28.00,6/16/2022 2:07:23 PM,72.716,12.500,1.00,3.00,0,3.63288,0,0,0,0,0,,,,,
29.00,6/16/2022 2:07:24 PM,73.217,13.001,1.00,3.00,0,3.63292,0,0,0,0,0,,,,,
30.00,6/16/2022 2:07:24 PM,73.716,13.500,1.00,3.00,0,3.63295,0,0,0,0,0,,,,,
31.00,6/16/2022 2:07:25 PM,74.217,14.001,1.00,3.00,0,3.63282,0,0,0,0,0,,,,,
32.00,6/16/2022 2:07:25 PM,74.717,14.501,1.00,3.00,0,3.63283,0,0,0,0,0,,,,,
33.00,6/16/2022 2:07:26 PM,75.216,15.000,1.00,3.00,0,3.63288,0,0,0,0,0,,,,,
34.00,6/16/2022 2:07:26 PM,75.716,15.500,1.00,3.00,0,3.63567,0,0,0,0,0,,,,,
35.00,6/16/2022 2:07:27 PM,76.216,16.000,1.00,3.00,0,3.63556,0,0,0,0,0,,,,,
36.00,6/16/2022 2:07:27 PM,76.717,16.501,1.00,3.00,0,3.63631,0,0,0,0,0,,,,,
37.00,6/16/2022 2:07:28 PM,77.217,17.001,1.00,3.00,0,3.63583,0,0,0,0,0,,0.00028,,,
38.00,6/16/2022 2:07:28 PM,77.717,17.501,1.00,3.00,0,3.63586,0,0,0,0,0,,,,,
39.00,6/16/2022 2:07:29 PM,78.217,18.001,1.00,3.00,0,3.63579,0,0,0,0,0,,,,,
40.00,6/16/2022 2:07:29 PM,78.717,18.501,1.00,3.00,0,3.63586,0,0,0,0,0,,,,,
41.00,6/16/2022 2:07:30 PM,79.216,19.000,1.00,3.00,0,3.63578,0,0,0,0,0,,,,,
42.00,6/16/2022 2:07:30 PM,79.716,19.500,1.00,3.00,0,3.63661,0,0,0,0,0,,,,,
43.00,6/16/2022 2:07:31 PM,80.216,20.000,1.00,3.00,0,3.63668,0,0,0,0,0,,,,,
44.00,6/16/2022 2:07:31 PM,80.717,20.501,1.00,3.00,0,3.63691,0,0,0,0,0,,,,,
45.00,6/16/2022 2:07:32 PM,81.217,21.001,1.00,3.00,0,3.6368,0,0,0,0,0,,,,,
46.00,6/16/2022 2:07:32 PM,81.716,21.500,1.00,3.00,0,3.6368,0,0,0,0,0,,,,,
47.00,6/16/2022 2:07:33 PM,82.216,22.000,1.00,3.00,0,3.63685,0,0,0,0,0,,0.00021,,,
48.00,6/16/2022 2:07:33 PM,82.716,22.500,1.00,3.00,0,3.63681,0,0,0,0,0,,,,,
49.00,6/16/2022 2:07:34 PM,83.217,23.001,1.00,3.00,0,3.63662,0,0,0,0,0,,,,,
50.00,6/16/2022 2:07:34 PM,83.716,23.500,1.00,3.00,0,3.63702,0,0,0,0,0,,,,,
51.00,6/16/2022 2:07:35 PM,84.216,24.000,1.00,3.00,0,3.63657,0,0,0,0,0,,,,,
52.00,6/16/2022 2:07:35 PM,84.716,24.500,1.00,3.00,0,3.63663,0,0,0,0,0,,,,,
53.00,6/16/2022 2:07:36 PM,85.217,25.001,1.00,3.00,0,3.63654,0,0,0,0,0,,,,,
54.00,6/16/2022 2:07:36 PM,85.716,25.500,1.00,3.00,0,3.63641,0,0,0,0,0,,,,,
55.00,6/16/2022 2:07:37 PM,86.216,26.000,1.00,3.00,0,3.63637,0,0,0,0,0,,,,,
56.00,6/16/2022 2:07:37 PM,86.717,26.501,1.00,3.00,0,3.63623,0,0,0,0,0,,,,,
57.00,6/16/2022 2:07:38 PM,87.216,27.000,1.00,3.00,0,3.63641,0,0,0,0,0,,,,,
58.00,6/16/2022 2:07:38 PM,87.717,27.501,1.00,3.00,0,3.63626,0,0,0,0,0,,,,,
59.00,6/16/2022 2:07:39 PM,88.217,28.001,1.00,3.00,0,3.63618,0,0,0,0,0,,,,,
60.00,6/16/2022 2:07:39 PM,88.717,28.501,1.00,3.00,0,3.63624,0,0,0,0,0,,,,,
61.00,6/16/2022 2:07:40 PM,89.217,29.001,1.00,3.00,0,3.63636,0,0,0,0,0,,-0.00009,,,
62.00,6/16/2022 2:07:40 PM,89.716,29.500,1.00,3.00,0,3.63658,0,0,0,0,0,,,,,
63.00,6/16/2022 2:07:41 PM,90.217,30.001,1.00,3.00,0,3.63663,0,0,0,0,0,,,,,
64.00,6/16/2022 2:07:41 PM,90.717,30.501,1.00,3.00,0,3.63674,0,0,0,0,0,,,,,
65.00,6/16/2022 2:07:42 PM,91.217,31.001,1.00,3.00,0,3.63692,0,0,0,0,0,,,,,
66.00,6/16/2022 2:07:42 PM,91.717,31.501,1.00,3.00,0,3.63693,0,0,0,0,0,,,,,
67.00,6/16/2022 2:07:43 PM,92.217,32.001,1.00,3.00,0,3.63696,0,0,0,0,0,,,,,
68.00,6/16/2022 2:07:43 PM,92.717,32.501,1.00,3.00,0,3.63694,0,0,0,0,0,,,,,
69.00,6/16/2022 2:07:44 PM,93.216,33.000,1.00,3.00,0,3.63707,0,0,0,0,0,,,,,
70.00,6/16/2022 2:07:44 PM,93.716,33.500,1.00,3.00,0,3.63735,0,0,0,0,0,,,,,
71.00,6/16/2022 2:07:45 PM,94.216,34.000,1.00,3.00,0,3.63733,0,0,0,0,0,,,,,
72.00,6/16/2022 2:07:45 PM,94.717,34.501,1.00,3.00,0,3.63735,0,0,0,0,0,,,,,
73.00,6/16/2022 2:07:46 PM,95.216,35.000,1.00,3.00,0,3.63767,0,0,0,0,0,,0.00017,,,
74.00,6/16/2022 2:07:46 PM,95.717,35.501,1.00,3.00,0,3.63766,0,0,0,0,0,,,,,
75.00,6/16/2022 2:07:47 PM,96.216,36.000,1.00,3.00,0,3.63763,0,0,0,0,0,,,,,
76.00,6/16/2022 2:07:47 PM,96.716,36.500,1.00,3.00,0,3.63778,0,0,0,0,0,,,,,
77.00,6/16/2022 2:07:48 PM,97.217,37.001,1.00,3.00,0,3.63793,0,0,0,0,0,,,,,
78.00,6/16/2022 2:07:48 PM,97.717,37.501,1.00,3.00,0,3.63797,0,0,0,0,0,,,,,
79.00,6/16/2022 2:07:49 PM,98.216,38.000,1.00,3.00,0,3.63803,0,0,0,0,0,,,,,
80.00,6/16/2022 2:07:49 PM,98.717,38.501,1.00,3.00,0,3.63811,0,0,0,0,0,,,,,
81.00,6/16/2022 2:07:50 PM,99.216,39.000,1.00,3.00,0,3.63822,0,0,0,0,0,,,,,
82.00,6/16/2022 2:07:50 PM,99.717,39.501,1.00,3.00,0,3.63823,0,0,0,0,0,,,,,
83.00,6/16/2022 2:07:51 PM,100.216,40.000,1.00,3.00,0,3.63818,0,0,0,0,0,,,,,
84.00,6/16/2022 2:07:51 PM,100.716,40.500,1.00,3.00,0,3.63819,0,0,0,0,0,,,,,
85.00,6/16/2022 2:07:52 PM,101.217,41.001,1.00,3.00,0,3.63818,0,0,0,0,0,,,,,
86.00,6/16/2022 2:07:52 PM,101.716,41.500,1.00,3.00,0,3.63822,0,0,0,0,0,,,,,
87.00,6/16/2022 2:07:53 PM,102.216,42.000,1.00,3.00,0,3.63826,0,0,0,0,0,,0.00014,,,
88.00,6/16/2022 2:07:53 PM,102.716,42.500,1.00,3.00,0,3.63831,0,0,0,0,0,,,,,
89.00,6/16/2022 2:07:54 PM,103.217,43.001,1.00,3.00,0,3.63834,0,0,0,0,0,,,,,
90.00,6/16/2022 2:07:54 PM,103.716,43.500,1.00,3.00,0,3.63844,0,0,0,0,0,,,,,
91.00,6/16/2022 2:07:55 PM,104.217,44.001,1.00,3.00,0,3.63843,0,0,0,0,0,,,,,
92.00,6/16/2022 2:07:55 PM,104.716,44.500,1.00,3.00,0,3.63857,0,0,0,0,0,,,,,
93.00,6/16/2022 2:07:56 PM,105.217,45.001,1.00,3.00,0,3.63873,0,0,0,0,0,,,,,
94.00,6/16/2022 2:07:56 PM,105.717,45.501,1.00,3.00,0,3.63891,0,0,0,0,0,,,,,
95.00,6/16/2022 2:07:57 PM,106.216,46.000,1.00,3.00,0,3.63929,0,0,0,0,0,,,,,
96.00,6/16/2022 2:07:57 PM,106.717,46.501,1.00,3.00,0,3.63938,0,0,0,0,0,,,,,
97.00,6/16/2022 2:07:58 PM,107.217,47.001,1.00,3.00,0,3.63937,0,0,0,0,0,,,,,
98.00,6/16/2022 2:07:58 PM,107.716,47.500,1.00,3.00,0,3.63935,0,0,0,0,0,,,,,
99.00,6/16/2022 2:07:59 PM,108.217,48.001,1.00,3.00,0,3.63924,0,0,0,0,0,,,,,
100.00,6/16/2022 2:07:59 PM,108.716,48.500,1.00,3.00,0,3.63909,0,0,0,0,0,,,,,
101.00,6/16/2022 2:08:00 PM,109.216,49.000,1.00,3.00,0,3.63914,0,0,0,0,0,,0.00013,,,
102.00,6/16/2022 2:08:00 PM,109.716,49.500,1.00,3.00,0,3.63915,0,0,0,0,0,,,,,
103.00,6/16/2022 2:08:01 PM,110.217,50.001,1.00,3.00,0,3.63916,0,0,0,0,0,,,,,
104.00,6/16/2022 2:08:01 PM,110.717,50.501,1.00,3.00,0,3.63919,0,0,0,0,0,,,,,
105.00,6/16/2022 2:08:02 PM,111.216,51.000,1.00,3.00,0,3.63928,0,0,0,0,0,,,,,
106.00,6/16/2022 2:08:02 PM,111.716,51.500,1.00,3.00,0,3.63939,0,0,0,0,0,,,,,
107.00,6/16/2022 2:08:03 PM,112.217,52.001,1.00,3.00,0,3.63928,0,0,0,0,0,,,,,
108.00,6/16/2022 2:08:03 PM,112.717,52.501,1.00,3.00,0,3.63943,0,0,0,0,0,,,,,
109.00,6/16/2022 2:08:04 PM,113.216,53.000,1.00,3.00,0,3.63948,0,0,0,0,0,,,,,
110.00,6/16/2022 2:08:04 PM,113.716,53.500,1.00,3.00,0,3.6395,0,0,0,0,0,,,,,
111.00,6/16/2022 2:08:05 PM,114.216,54.000,1.00,3.00,0,3.63959,0,0,0,0,0,,,,,
112.00,6/16/2022 2:08:05 PM,114.716,54.500,1.00,3.00,0,3.63967,0,0,0,0,0,,,,,
113.00,6/16/2022 2:08:06 PM,115.216,55.000,1.00,3.00,0,3.63974,0,0,0,0,0,,0.00003,,,
114.00,6/16/2022 2:08:06 PM,115.716,55.500,1.00,3.00,0,3.63978,0,0,0,0,0,,,,,
115.00,6/16/2022 2:08:07 PM,116.217,56.001,1.00,3.00,0,3.63974,0,0,0,0,0,,,,,
116.00,6/16/2022 2:08:07 PM,116.717,56.501,1.00,3.00,0,3.6398,0,0,0,0,0,,,,,
117.00,6/16/2022 2:08:08 PM,117.216,57.000,1.00,3.00,0,3.63985,0,0,0,0,0,,,,,
118.00,6/16/2022 2:08:08 PM,117.717,57.501,1.00,3.00,0,3.63987,0,0,0,0,0,,,,,
119.00,6/16/2022 2:08:09 PM,118.216,58.000,1.00,3.00,0,3.63989,0,0,0,0,0,,,,,
120.00,6/16/2022 2:08:09 PM,118.716,58.500,1.00,3.00,0,3.63988,0,0,0,0,0,,,,,
121.00,6/16/2022 2:08:10 PM,119.217,59.001,1.00,3.00,0,3.63988,0,0,0,0,0,,,,,
122.00,6/16/2022 2:08:10 PM,119.716,59.500,1.00,3.00,0,3.63984,0,0,0,0,0,,,,,
123.00,6/16/2022 2:08:11 PM,120.216,60.000,1.00,3.00,0,3.6399,0,0,0,0,0,,,,,
124.00,6/16/2022 2:08:11 PM,120.717,60.501,1.00,3.00,0,3.63991,0,0,0,0,0,,,,,
125.00,6/16/2022 2:08:12 PM,121.216,61.000,1.00,3.00,0,3.63991,0,0,0,0,0,,,,,
126.00,6/16/2022 2:08:12 PM,121.717,61.501,1.00,3.00,0,3.63996,0,0,0,0,0,,,,,
127.00,6/16/2022 2:08:13 PM,122.217,62.001,1.00,3.00,0,3.63997,0,0,0,0,0,,0.00004,,,
128.00,6/16/2022 2:08:13 PM,122.716,62.500,1.00,3.00,0,3.63994,0,0,0,0,0,,,,,
129.00,6/16/2022 2:08:14 PM,123.217,63.001,1.00,3.00,0,3.64005,0,0,0,0,0,,,,,
130.00,6/16/2022 2:08:14 PM,123.716,63.500,1.00,3.00,0,3.64008,0,0,0,0,0,,,,,
131.00,6/16/2022 2:08:15 PM,124.216,64.000,1.00,3.00,0,3.64004,0,0,0,0,0,,,,,
132.00,6/16/2022 2:08:15 PM,124.716,64.500,1.00,3.00,0,3.64015,0,0,0,0,0,,,,,
133.00,6/16/2022 2:08:16 PM,125.217,65.001,1.00,3.00,0,3.64015,0,0,0,0,0,,,,,
134.00,6/16/2022 2:08:16 PM,125.716,65.500,1.00,3.00,0,3.64026,0,0,0,0,0,,,,,
135.00,6/16/2022 2:08:17 PM,126.216,66.000,1.00,3.00,0,3.64027,0,0,0,0,0,,,,,
136.00,6/16/2022 2:08:17 PM,126.716,66.500,1.00,3.00,0,3.64031,0,0,0,0,0,,,,,
137.00,6/16/2022 2:08:18 PM,127.217,67.001,1.00,3.00,0,3.64031,0,0,0,0,0,,,,,
138.00,6/16/2022 2:08:18 PM,127.717,67.501,1.00,3.00,0,3.64036,0,0,0,0,0,,,,,
139.00,6/16/2022 2:08:19 PM,128.216,68.000,1.00,3.00,0,3.64048,0,0,0,0,0,,,,,
140.00,6/16/2022 2:08:19 PM,128.716,68.500,1.00,3.00,0,3.6405,0,0,0,0,0,,,,,
141.00,6/16/2022 2:08:20 PM,129.216,69.000,1.00,3.00,0,3.64052,0,0,0,0,0,,0.00002,,,
142.00,6/16/2022 2:08:20 PM,129.717,69.501,1.00,3.00,0,3.64053,0,0,0,0,0,,,,,
143.00,6/16/2022 2:08:21 PM,130.217,70.001,1.00,3.00,0,3.64048,0,0,0,0,0,,,,,
144.00,6/16/2022 2:08:21 PM,130.717,70.501,1.00,3.00,0,3.64035,0,0,0,0,0,,,,,
145.00,6/16/2022 2:08:22 PM,131.217,71.001,1.00,3.00,0,3.64024,0,0,0,0,0,,,,,
146.00,6/16/2022 2:08:22 PM,131.717,71.501,1.00,3.00,0,3.64026,0,0,0,0,0,,,,,
147.00,6/16/2022 2:08:23 PM,132.216,72.000,1.00,3.00,0,3.64011,0,0,0,0,0,,,,,
148.00,6/16/2022 2:08:23 PM,132.717,72.501,1.00,3.00,0,3.64013,0,0,0,0,0,,,,,
149.00,6/16/2022 2:08:24 PM,133.217,73.001,1.00,3.00,0,3.64026,0,0,0,0,0,,,,,
150.00,6/16/2022 2:08:24 PM,133.716,73.500,1.00,3.00,0,3.64027,0,0,0,0,0,,,,,
151.00,6/16/2022 2:08:25 PM,134.216,74.000,1.00,3.00,0,3.64037,0,0,0,0,0,,,,,
152.00,6/16/2022 2:08:25 PM,134.716,74.500,1.00,3.00,0,3.64041,0,0,0,0,0,,,,,
153.00,6/16/2022 2:08:26 PM,135.216,75.000,1.00,3.00,0,3.64047,0,0,0,0,0,,,,,
154.00,6/16/2022 2:08:26 PM,135.717,75.501,1.00,3.00,0,3.64045,0,0,0,0,0,,,,,
155.00,6/16/2022 2:08:27 PM,136.216,76.000,1.00,3.00,0,3.64046,0,0,0,0,0,,0.00002,,,
156.00,6/16/2022 2:08:27 PM,136.716,76.500,1.00,3.00,0,3.64048,0,0,0,0,0,,,,,
157.00,6/16/2022 2:08:28 PM,137.217,77.001,1.00,3.00,0,3.64047,0,0,0,0,0,,,,,
158.00,6/16/2022 2:08:28 PM,137.716,77.500,1.00,3.00,0,3.6405,0,0,0,0,0,,,,,
159.00,6/16/2022 2:08:29 PM,138.216,78.000,1.00,3.00,0,3.64055,0,0,0,0,0,,,,,
160.00,6/16/2022 2:08:29 PM,138.717,78.501,1.00,3.00,0,3.64057,0,0,0,0,0,,,,,
161.00,6/16/2022 2:08:30 PM,139.216,79.000,1.00,3.00,0,3.6406,0,0,0,0,0,,,,,
162.00,6/16/2022 2:08:30 PM,139.717,79.501,1.00,3.00,0,3.64059,0,0,0,0,0,,,,,
163.00,6/16/2022 2:08:31 PM,140.216,80.000,1.00,3.00,0,3.64059,0,0,0,0,0,,,,,
164.00,6/16/2022 2:08:31 PM,140.717,80.501,1.00,3.00,0,3.64063,0,0,0,0,0,,,,,
165.00,6/16/2022 2:08:32 PM,141.216,81.000,1.00,3.00,0,3.64059,0,0,0,0,0,,,,,
166.00,6/16/2022 2:08:32 PM,141.717,81.501,1.00,3.00,0,3.64062,0,0,0,0,0,,,,,
167.00,6/16/2022 2:08:33 PM,142.216,82.000,1.00,3.00,0,3.64069,0,0,0,0,0,,,,,
168.00,6/16/2022 2:08:33 PM,142.716,82.500,1.00,3.00,0,3.64072,0,0,0,0,0,,,,,
169.00,6/16/2022 2:08:34 PM,143.217,83.001,1.00,3.00,0,3.64072,0,0,0,0,0,,0.00002,,,
170.00,6/16/2022 2:08:34 PM,143.716,83.500,1.00,3.00,0,3.64071,0,0,0,0,0,,,,,
171.00,6/16/2022 2:08:35 PM,144.216,84.000,1.00,3.00,0,3.64074,0,0,0,0,0,,,,,
172.00,6/16/2022 2:08:35 PM,144.716,84.500,1.00,3.00,0,3.64076,0,0,0,0,0,,,,,
173.00,6/16/2022 2:08:36 PM,145.216,85.000,1.00,3.00,0,3.64068,0,0,0,0,0,,,,,
174.00,6/16/2022 2:08:36 PM,145.717,85.501,1.00,3.00,0,3.64069,0,0,0,0,0,,,,,
175.00,6/16/2022 2:08:37 PM,146.216,86.000,1.00,3.00,0,3.64077,0,0,0,0,0,,,,,
176.00,6/16/2022 2:08:37 PM,146.717,86.501,1.00,3.00,0,3.64081,0,0,0,0,0,,,,,
177.00,6/16/2022 2:08:38 PM,147.217,87.001,1.00,3.00,0,3.64081,0,0,0,0,0,,,,,
178.00,6/16/2022 2:08:38 PM,147.716,87.500,1.00,3.00,0,3.64082,0,0,0,0,0,,,,,
179.00,6/16/2022 2:08:39 PM,148.216,88.000,1.00,3.00,0,3.64079,0,0,0,0,0,,,,,
180.00,6/16/2022 2:08:39 PM,148.716,88.500,1.00,3.00,0,3.64082,0,0,0,0,0,,,,,
181.00,6/16/2022 2:08:40 PM,149.216,89.000,1.00,3.00,0,3.64081,0,0,0,0,0,,,,,
182.00,6/16/2022 2:08:40 PM,149.717,89.501,1.00,3.00,0,3.64066,0,0,0,0,0,,,,,
183.00,6/16/2022 2:08:41 PM,150.216,90.000,1.00,3.00,0,3.64083,0,0,0,0,0,,0.00002,,,
184.00,6/16/2022 2:08:41 PM,150.717,90.501,1.00,3.00,0,3.64088,0,0,0,0,0,,,,,
185.00,6/16/2022 2:08:42 PM,151.216,91.000,1.00,3.00,0,3.64082,0,0,0,0,0,,,,,
186.00,6/16/2022 2:08:42 PM,151.717,91.501,1.00,3.00,0,3.64089,0,0,0,0,0,,,,,
187.00,6/16/2022 2:08:43 PM,152.217,92.001,1.00,3.00,0,3.64085,0,0,0,0,0,,,,,
188.00,6/16/2022 2:08:43 PM,152.717,92.501,1.00,3.00,0,3.64091,0,0,0,0,0,,,,,
189.00,6/16/2022 2:08:44 PM,153.216,93.000,1.00,3.00,0,3.64089,0,0,0,0,0,,,,,
190.00,6/16/2022 2:08:44 PM,153.717,93.501,1.00,3.00,0,3.64091,0,0,0,0,0,,,,,
191.00,6/16/2022 2:08:45 PM,154.216,94.000,1.00,3.00,0,3.64092,0,0,0,0,0,,,,,
192.00,6/16/2022 2:08:45 PM,154.716,94.500,1.00,3.00,0,3.64094,0,0,0,0,0,,,,,
193.00,6/16/2022 2:08:46 PM,155.217,95.001,1.00,3.00,0,3.64095,0,0,0,0,0,,,,,
194.00,6/16/2022 2:08:46 PM,155.717,95.501,1.00,3.00,0,3.64094,0,0,0,0,0,,,,,
195.00,6/16/2022 2:08:47 PM,156.216,96.000,1.00,3.00,0,3.641,0,0,0,0,0,,,,,
196.00,6/16/2022 2:08:47 PM,156.716,96.500,1.00,3.00,0,3.64094,0,0,0,0,0,,,,,
197.00,6/16/2022 2:08:48 PM,157.216,97.000,1.00,3.00,0,3.64095,0,0,0,0,0,,0.00003,,,
198.00,6/16/2022 2:08:48 PM,157.716,97.500,1.00,3.00,0,3.64106,0,0,0,0,0,,,,,
199.00,6/16/2022 2:08:49 PM,158.216,98.000,1.00,3.00,0,3.64097,0,0,0,0,0,,,,,
200.00,6/16/2022 2:08:49 PM,158.716,98.500,1.00,3.00,0,3.64106,0,0,0,0,0,,,,,
201.00,6/16/2022 2:08:50 PM,159.217,99.001,1.00,3.00,0,3.64113,0,0,0,0,0,,,,,
202.00,6/16/2022 2:08:50 PM,159.717,99.501,1.00,3.00,0,3.6412,0,0,0,0,0,,,,,
203.00,6/16/2022 2:08:51 PM,160.216,100.000,1.00,3.00,0,3.64124,0,0,0,0,0,,,,,
204.00,6/16/2022 2:08:51 PM,160.717,100.501,1.00,3.00,0,3.64123,0,0,0,0,0,,,,,
205.00,6/16/2022 2:08:52 PM,161.217,101.001,1.00,3.00,0,3.64124,0,0,0,0,0,,,,,
206.00,6/16/2022 2:08:52 PM,161.716,101.500,1.00,3.00,0,3.64132,0,0,0,0,0,,,,,
207.00,6/16/2022 2:08:53 PM,162.216,102.000,1.00,3.00,0,3.64128,0,0,0,0,0,,,,,
208.00,6/16/2022 2:08:53 PM,162.716,102.500,1.00,3.00,0,3.64117,0,0,0,0,0,,,,,
209.00,6/16/2022 2:08:54 PM,163.217,103.001,1.00,3.00,0,3.64111,0,0,0,0,0,,,,,
210.00,6/16/2022 2:08:54 PM,163.716,103.500,1.00,3.00,0,3.64084,0,0,0,0,0,,,,,
211.00,6/16/2022 2:08:55 PM,164.217,104.001,1.00,3.00,0,3.64104,0,0,0,0,0,,0.00004,,,
212.00,6/16/2022 2:08:55 PM,164.717,104.501,1.00,3.00,0,3.64093,0,0,0,0,0,,,,,
213.00,6/16/2022 2:08:56 PM,165.216,105.000,1.00,3.00,0,3.64096,0,0,0,0,0,,,,,
214.00,6/16/2022 2:08:56 PM,165.716,105.500,1.00,3.00,0,3.64103,0,0,0,0,0,,,,,
215.00,6/16/2022 2:08:57 PM,166.217,106.001,1.00,3.00,0,3.64117,0,0,0,0,0,,,,,
216.00,6/16/2022 2:08:57 PM,166.716,106.500,1.00,3.00,0,3.64114,0,0,0,0,0,,,,,
217.00,6/16/2022 2:08:58 PM,167.216,107.000,1.00,3.00,0,3.64116,0,0,0,0,0,,,,,
218.00,6/16/2022 2:08:58 PM,167.717,107.501,1.00,3.00,0,3.64115,0,0,0,0,0,,,,,
219.00,6/16/2022 2:08:59 PM,168.216,108.000,1.00,3.00,0,3.64108,0,0,0,0,0,,,,,
220.00,6/16/2022 2:08:59 PM,168.716,108.500,1.00,3.00,0,3.64108,0,0,0,0,0,,,,,
221.00,6/16/2022 2:09:00 PM,169.216,109.000,1.00,3.00,0,3.64118,0,0,0,0,0,,,,,
222.00,6/16/2022 2:09:00 PM,169.717,109.501,1.00,3.00,0,3.64122,0,0,0,0,0,,,,,
223.00,6/16/2022 2:09:01 PM,170.216,110.000,1.00,3.00,0,3.64122,0,0,0,0,0,,,,,
224.00,6/16/2022 2:09:01 PM,170.716,110.500,1.00,3.00,0,3.64123,0,0,0,0,0,,,,,
225.00,6/16/2022 2:09:02 PM,171.217,111.001,1.00,3.00,0,3.64126,0,0,0,0,0,,0.00003,,,
226.00,6/16/2022 2:09:02 PM,171.717,111.501,1.00,3.00,0,3.64122,0,0,0,0,0,,,,,
227.00,6/16/2022 2:09:03 PM,172.216,112.000,1.00,3.00,0,3.64126,0,0,0,0,0,,,,,
228.00,6/16/2022 2:09:03 PM,172.716,112.500,1.00,3.00,0,3.64123,0,0,0,0,0,,,,,
229.00,6/16/2022 2:09:04 PM,173.217,113.001,1.00,3.00,0,3.64122,0,0,0,0,0,,,,,
230.00,6/16/2022 2:09:04 PM,173.717,113.501,1.00,3.00,0,3.64129,0,0,0,0,0,,,,,
231.00,6/16/2022 2:09:05 PM,174.216,114.000,1.00,3.00,0,3.64131,0,0,0,0,0,,,,,
232.00,6/16/2022 2:09:05 PM,174.717,114.501,1.00,3.00,0,3.6411,0,0,0,0,0,,,,,
233.00,6/16/2022 2:09:06 PM,175.216,115.000,1.00,3.00,0,3.64131,0,0,0,0,0,,,,,
234.00,6/16/2022 2:09:06 PM,175.716,115.500,1.00,3.00,0,3.64137,0,0,0,0,0,,,,,
235.00,6/16/2022 2:09:07 PM,176.216,116.000,1.00,3.00,0,3.64132,0,0,0,0,0,,,,,
236.00,6/16/2022 2:09:07 PM,176.717,116.501,1.00,3.00,0,3.6413,0,0,0,0,0,,,,,
237.00,6/16/2022 2:09:08 PM,177.217,117.001,1.00,3.00,0,3.64133,0,0,0,0,0,,,,,
238.00,6/16/2022 2:09:08 PM,177.717,117.501,1.00,3.00,0,3.64132,0,0,0,0,0,,,,,
239.00,6/16/2022 2:09:09 PM,178.217,118.001,1.00,3.00,0,3.64137,0,0,0,0,0,,-0.00007,,,
240.00,6/16/2022 2:09:09 PM,178.717,118.501,1.00,3.00,0,3.64131,0,0,0,0,0,,,,,
241.00,6/16/2022 2:09:10 PM,179.217,119.001,1.00,3.00,0,3.64131,0,0,0,0,0,,,,,
242.00,6/16/2022 2:09:10 PM,179.716,119.500,1.00,3.00,0,3.64135,0,0,0,0,0,,,,,
243.00,6/16/2022 2:09:11 PM,180.216,120.000,1.00,3.00,0,3.64133,0,0,0,0,0,,,,,
244.00,6/16/2022 2:09:11 PM,180.217,120.001,1.00,3.00,0,3.64133,0,0,0,0,0,,-0.00007,0.36518,0.00000,0.00000
245.00,6/16/2022 2:09:11 PM,180.769,0.500,1.00,4.00,0.5,3.82716,1.91358,7E-05,0,0.00026,0,,0.06152,,0.00007,13628.70000
246.00,6/16/2022 2:09:12 PM,181.269,1.000,1.00,4.00,0.5,3.82762,1.91381,0.00014,0,0.00053,0,,0.00259,,,
247.00,6/16/2022 2:09:12 PM,181.770,1.501,1.00,4.00,0.5,3.82787,1.91394,0.00021,0,0.00079,0,,,,,
248.00,6/16/2022 2:09:13 PM,182.270,2.001,1.00,4.00,0.5,3.82807,1.91404,0.00028,0,0.00106,0,,,,,
249.00,6/16/2022 2:09:13 PM,182.770,2.501,1.00,4.00,0.5,3.82819,1.9141,0.00035,0,0.00133,0,,,,,
250.00,6/16/2022 2:09:14 PM,183.269,3.000,1.00,4.00,0.5,3.82855,1.91428,0.00042,0,0.00159,0,,0.00117,,,
251.00,6/16/2022 2:09:14 PM,183.769,3.501,1.00,4.00,0.5,3.82876,1.91438,0.00048,0,0.00186,0,,,,,
252.00,6/16/2022 2:09:15 PM,184.270,4.001,1.00,4.00,0.5,3.82877,1.91439,0.00055,0,0.00212,0,,,,,
253.00,6/16/2022 2:09:15 PM,184.770,4.501,1.00,4.00,0.5,3.82904,1.91452,0.00062,0,0.00239,0,,,,,
254.00,6/16/2022 2:09:16 PM,185.270,5.001,1.00,4.00,0.5,3.82925,1.91463,0.00069,0,0.00265,0,,,,,
255.00,6/16/2022 2:09:16 PM,185.769,5.500,1.00,4.00,0.5,3.82941,1.91471,0.00076,0,0.00292,0,,,,,
256.00,6/16/2022 2:09:17 PM,186.269,6.000,1.00,4.00,0.5,3.82965,1.91483,0.00083,0,0.00318,0,,0.00038,,,
257.00,6/16/2022 2:09:17 PM,186.770,6.501,1.00,4.00,0.5,3.82982,1.91491,0.0009,0,0.00345,0,,,,,
258.00,6/16/2022 2:09:18 PM,187.269,7.000,1.00,4.00,0.5,3.82997,1.91499,0.00097,0,0.00371,0,,,,,
259.00,6/16/2022 2:09:18 PM,187.769,7.500,1.00,4.00,0.5,3.8302,1.9151,0.00104,0,0.00398,0,,,,,
260.00,6/16/2022 2:09:19 PM,188.270,8.001,1.00,4.00,0.5,3.83033,1.91517,0.00111,0,0.00425,0,,,,,
261.00,6/16/2022 2:09:19 PM,188.770,8.501,1.00,4.00,0.5,3.83047,1.91524,0.00118,0,0.00451,0,,,,,
262.00,6/16/2022 2:09:20 PM,189.269,9.000,1.00,4.00,0.5,3.83064,1.91532,0.00125,0,0.00478,0,,,,,
263.00,6/16/2022 2:09:20 PM,189.770,9.501,1.00,4.00,0.5,3.83083,1.91542,0.00132,0,0.00504,0,,,,,
264.00,6/16/2022 2:09:21 PM,190.269,10.000,1.00,4.00,0.5,3.83065,1.91533,0.00139,0,0.00531,0,,,,,
265.00,6/16/2022 2:09:21 PM,190.769,10.500,1.00,4.00,0.5,3.83095,1.91548,0.00146,0,0.00557,0,,,,,
266.00,6/16/2022 2:09:22 PM,191.269,11.000,1.00,4.00,0.5,3.83093,1.91547,0.00153,0,0.00584,0,,,,,
267.00,6/16/2022 2:09:22 PM,191.769,11.500,1.00,4.00,0.5,3.83086,1.91543,0.00159,0,0.00611,0,,,,,
268.00,6/16/2022 2:09:23 PM,192.269,12.000,1.00,4.00,0.5,3.8307,1.91535,0.00166,0,0.00637,0,,0.00017,,,
269.00,6/16/2022 2:09:23 PM,192.770,12.501,1.00,4.00,0.5,3.8309,1.91545,0.00173,0,0.00664,0,,,,,
270.00,6/16/2022 2:09:24 PM,193.269,13.000,1.00,4.00,0.5,3.83124,1.91562,0.0018,0,0.0069,0,,,,0.34383,
271.00,6/16/2022 2:09:24 PM,193.770,13.501,1.00,4.00,0.5,3.83139,1.9157,0.00187,0,0.00717,0,,,,,
272.00,6/16/2022 2:09:25 PM,194.269,14.000,1.00,4.00,0.5,3.83148,1.91574,0.00194,0,0.00743,0,,,,,
273.00,6/16/2022 2:09:25 PM,194.770,14.501,1.00,4.00,0.5,3.83167,1.91584,0.00201,0,0.0077,0,,,,,
274.00,6/16/2022 2:09:26 PM,195.270,15.001,1.00,4.00,0.5,3.8317,1.91585,0.00208,0,0.00797,0,,0.00036,,,
275.00,6/16/2022 2:09:26 PM,195.769,15.500,1.00,4.00,0.5,3.83176,1.91588,0.00215,0,0.00823,0,,,,,
276.00,6/16/2022 2:09:27 PM,196.269,16.000,1.00,4.00,0.5,3.83189,1.91595,0.00222,0,0.0085,0,,,,,
277.00,6/16/2022 2:09:27 PM,196.769,16.500,1.00,4.00,0.5,3.83202,1.91601,0.00229,0,0.00876,0,,,,,
278.00,6/16/2022 2:09:28 PM,197.270,17.001,1.00,4.00,0.5,3.83204,1.91602,0.00236,0,0.00903,0,,,,,
279.00,6/16/2022 2:09:28 PM,197.769,17.500,1.00,4.00,0.5,3.83218,1.91609,0.00243,0,0.00929,0,,,,,
280.00,6/16/2022 2:09:29 PM,198.270,18.001,1.00,4.00,0.5,3.83228,1.91614,0.0025,0,0.00956,0,,,,,
281.00,6/16/2022 2:09:29 PM,198.770,18.501,1.00,4.00,0.5,3.83236,1.91618,0.00257,0,0.00983,0,,,,,
282.00,6/16/2022 2:09:30 PM,199.269,19.000,1.00,4.00,0.5,3.83249,1.91625,0.00263,0,0.01009,0,,,,,
283.00,6/16/2022 2:09:30 PM,199.769,19.500,1.00,4.00,0.5,3.83247,1.91624,0.0027,0,0.01036,0,,,,,
284.00,6/16/2022 2:09:31 PM,200.269,20.000,1.00,4.00,0.5,3.83262,1.91631,0.00277,0,0.01062,0,,,,,
285.00,6/16/2022 2:09:31 PM,200.769,20.500,1.00,4.00,0.5,3.83274,1.91637,0.00284,0,0.01089,0,,,,,
286.00,6/16/2022 2:09:32 PM,201.269,21.000,1.00,4.00,0.5,3.83275,1.91638,0.00291,0,0.01115,0,,0.00019,,,
287.00,6/16/2022 2:09:32 PM,201.769,21.500,1.00,4.00,0.5,3.83286,1.91643,0.00298,0,0.01142,0,,,,,
288.00,6/16/2022 2:09:33 PM,202.269,22.000,1.00,4.00,0.5,3.83298,1.91649,0.00305,0,0.01168,0,,,,,
289.00,6/16/2022 2:09:33 PM,202.770,22.501,1.00,4.00,0.5,3.83308,1.91654,0.00312,0,0.01195,0,,,,,
290.00,6/16/2022 2:09:34 PM,203.269,23.000,1.00,4.00,0.5,3.83305,1.91653,0.00319,0,0.01222,0,,,,,
291.00,6/16/2022 2:09:34 PM,203.769,23.501,1.00,4.00,0.5,3.83315,1.91658,0.00326,0,0.01248,0,,,,,
292.00,6/16/2022 2:09:35 PM,204.270,24.001,1.00,4.00,0.5,3.83321,1.91661,0.00333,0,0.01275,0,,,,,
293.00,6/16/2022 2:09:35 PM,204.769,24.500,1.00,4.00,0.5,3.83337,1.91669,0.0034,0,0.01301,0,,,,,
294.00,6/16/2022 2:09:36 PM,205.270,25.001,1.00,4.00,0.5,3.83342,1.91671,0.00347,0,0.01328,0,,,,,
295.00,6/16/2022 2:09:36 PM,205.770,25.501,1.00,4.00,0.50001,3.83349,1.91678,0.00354,0,0.01355,0,,,,,
296.00,6/16/2022 2:09:37 PM,206.270,26.001,1.00,4.00,0.5,3.83355,1.91678,0.00361,0,0.01381,0,,,,,
297.00,6/16/2022 2:09:37 PM,206.769,26.500,1.00,4.00,0.5,3.83364,1.91682,0.00367,0,0.01408,0,,,,,
298.00,6/16/2022 2:09:38 PM,207.269,27.000,1.00,4.00,0.5,3.83368,1.91684,0.00374,0,0.01434,0,,0.00018,,,
299.00,6/16/2022 2:09:38 PM,207.770,27.501,1.00,4.00,0.5,3.83359,1.9168,0.00381,0,0.01461,0,,,,,
300.00,6/16/2022 2:09:39 PM,208.269,28.000,1.00,4.00,0.5,3.83386,1.91693,0.00388,0,0.01487,0,,,,,
301.00,6/16/2022 2:09:39 PM,208.769,28.500,1.00,4.00,0.5,3.83393,1.91697,0.00395,0,0.01514,0,,,,,
302.00,6/16/2022 2:09:40 PM,209.269,29.000,1.00,4.00,0.5,3.83399,1.917,0.00402,0,0.01541,0,,,,,
303.00,6/16/2022 2:09:40 PM,209.769,29.500,1.00,4.00,0.5,3.83411,1.91706,0.00409,0,0.01567,0,,,,,
304.00,6/16/2022 2:09:41 PM,210.269,30.000,1.00,4.00,0.5,3.83418,1.91709,0.00416,0,0.01594,0,,,,,
305.00,6/16/2022 2:09:41 PM,210.769,30.500,1.00,4.00,0.5,3.83428,1.91714,0.00423,0,0.0162,0,,,,,
306.00,6/16/2022 2:09:42 PM,211.269,31.000,1.00,4.00,0.5,3.83423,1.91712,0.0043,0,0.01647,0,,,,,
307.00,6/16/2022 2:09:42 PM,211.770,31.501,1.00,4.00,0.5,3.83434,1.91717,0.00437,0,0.01674,0,,,,,
308.00,6/16/2022 2:09:43 PM,212.269,32.000,1.00,4.00,0.5,3.83455,1.91728,0.00444,0,0.017,0,,0.00021,,,
309.00,6/16/2022 2:09:43 PM,212.770,32.501,1.00,4.00,0.5,3.83469,1.91735,0.00451,0,0.01727,0,,,,,
310.00,6/16/2022 2:09:44 PM,213.269,33.000,1.00,4.00,0.5,3.83478,1.91739,0.00458,0,0.01753,0,,,,,
311.00,6/16/2022 2:09:44 PM,213.769,33.500,1.00,4.00,0.5,3.83472,1.91736,0.00465,0,0.0178,0,,,,,
312.00,6/16/2022 2:09:45 PM,214.269,34.000,1.00,4.00,0.5,3.83467,1.91734,0.00471,0,0.01807,0,,,,,
313.00,6/16/2022 2:09:45 PM,214.770,34.501,1.00,4.00,0.5,3.83467,1.91734,0.00478,0,0.01833,0,,,,,
314.00,6/16/2022 2:09:46 PM,215.270,35.001,1.00,4.00,0.5,3.83442,1.91721,0.00485,0,0.0186,0,,,,,
315.00,6/16/2022 2:09:46 PM,215.770,35.501,1.00,4.00,0.5,3.83455,1.91728,0.00492,0,0.01886,0,,,,,
316.00,6/16/2022 2:09:47 PM,216.269,36.000,1.00,4.00,0.5,3.83468,1.91734,0.00499,0,0.01913,0,,,,,
317.00,6/16/2022 2:09:47 PM,216.770,36.501,1.00,4.00,0.5,3.83484,1.91742,0.00506,0,0.0194,0,,,,,
318.00,6/16/2022 2:09:48 PM,217.270,37.002,1.00,4.00,0.5,3.83477,1.91739,0.00513,0,0.01966,0,,,,,
319.00,6/16/2022 2:09:48 PM,217.769,37.500,1.00,4.00,0.5,3.83485,1.91743,0.0052,0,0.01993,0,,,,,
320.00,6/16/2022 2:09:49 PM,218.270,38.001,1.00,4.00,0.5,3.83497,1.91749,0.00527,0,0.02019,0,,,,,
321.00,6/16/2022 2:09:49 PM,218.769,38.500,1.00,4.00,0.5,3.83503,1.91752,0.00534,0,0.02046,0,,,,,
322.00,6/16/2022 2:09:50 PM,219.269,39.000,1.00,4.00,0.5,3.83515,1.91758,0.00541,0,0.02073,0,,0.00013,,,
323.00,6/16/2022 2:09:50 PM,219.769,39.501,1.00,4.00,0.5,3.8352,1.9176,0.00548,0,0.02099,0,,,,,
324.00,6/16/2022 2:09:51 PM,220.269,40.000,1.00,4.00,0.5,3.83529,1.91765,0.00555,0,0.02126,0,,,,,
325.00,6/16/2022 2:09:51 PM,220.769,40.500,1.00,4.00,0.5,3.83533,1.91767,0.00562,0,0.02152,0,,,,,
326.00,6/16/2022 2:09:52 PM,221.269,41.000,1.00,4.00,0.5,3.83535,1.91768,0.00569,0,0.02179,0,,,,,
327.00,6/16/2022 2:09:52 PM,221.770,41.501,1.00,4.00,0.5,3.83538,1.91769,0.00576,0,0.02206,0,,,,,
328.00,6/16/2022 2:09:53 PM,222.269,42.000,1.00,4.00,0.5,3.83545,1.91773,0.00582,0,0.02232,0,,,,,
329.00,6/16/2022 2:09:53 PM,222.770,42.501,1.00,4.00,0.5,3.83553,1.91777,0.00589,0,0.02259,0,,,,,
330.00,6/16/2022 2:09:54 PM,223.269,43.000,1.00,4.00,0.5,3.83562,1.91781,0.00596,0,0.02285,0,,,,,
331.00,6/16/2022 2:09:54 PM,223.770,43.501,1.00,4.00,0.5,3.83561,1.91781,0.00603,0,0.02312,0,,,,,
332.00,6/16/2022 2:09:55 PM,224.270,44.001,1.00,4.00,0.5,3.83566,1.91783,0.0061,0,0.02339,0,,,,,
333.00,6/16/2022 2:09:55 PM,224.770,44.501,1.00,4.00,0.5,3.83573,1.91787,0.00617,0,0.02365,0,,,,,
334.00,6/16/2022 2:09:56 PM,225.270,45.001,1.00,4.00,0.5,3.83578,1.91789,0.00624,0,0.02392,0,,0.00017,,,
335.00,6/16/2022 2:09:56 PM,225.769,45.500,1.00,4.00,0.5,3.83579,1.9179,0.00631,0,0.02418,0,,,,,
336.00,6/16/2022 2:09:57 PM,226.269,46.000,1.00,4.00,0.5,3.8359,1.91795,0.00638,0,0.02445,0,,,,,
337.00,6/16/2022 2:09:57 PM,226.770,46.501,1.00,4.00,0.5,3.83586,1.91793,0.00645,0,0.02472,0,,,,,
338.00,6/16/2022 2:09:58 PM,227.269,47.000,1.00,4.00,0.5,3.83585,1.91793,0.00652,0,0.02498,0,,,,,
339.00,6/16/2022 2:09:58 PM,227.770,47.501,1.00,4.00,0.5,3.83601,1.91801,0.00659,0,0.02525,0,,,,,
340.00,6/16/2022 2:09:59 PM,228.269,48.000,1.00,4.00,0.5,3.83605,1.91803,0.00666,0,0.02551,0,,,,,
341.00,6/16/2022 2:09:59 PM,228.769,48.500,1.00,4.00,0.5,3.8361,1.91805,0.00673,0,0.02578,0,,,,,
342.00,6/16/2022 2:10:00 PM,229.269,49.000,1.00,4.00,0.5,3.83596,1.91798,0.0068,0,0.02605,0,,,,,
343.00,6/16/2022 2:10:00 PM,229.770,49.501,1.00,4.00,0.5,3.83619,1.9181,0.00686,0,0.02631,0,,,,,
344.00,6/16/2022 2:10:01 PM,230.270,50.001,1.00,4.00,0.5,3.83623,1.91812,0.00693,0,0.02658,0,,,,,1.45222
345.00,6/16/2022 2:10:01 PM,230.770,50.501,1.00,4.00,0.5,3.83623,1.91812,0.007,0,0.02684,0,,,,,
346.00,6/16/2022 2:10:02 PM,231.269,51.000,1.00,4.00,0.5,3.83634,1.91817,0.00707,0,0.02711,0,,,,1.04671,
347.00,6/16/2022 2:10:02 PM,231.769,51.501,1.00,4.00,0.5,3.83636,1.91818,0.00714,0,0.02738,0,,,,,
348.00,6/16/2022 2:10:03 PM,232.269,52.000,1.00,4.00,0.5,3.83635,1.91818,0.00721,0,0.02764,0,,0.00011,,,
349.00,6/16/2022 2:10:03 PM,232.769,52.500,1.00,4.00,0.5,3.83644,1.91822,0.00728,0,0.02791,0,,,,,
350.00,6/16/2022 2:10:04 PM,233.269,53.000,1.00,4.00,0.5,3.83657,1.91829,0.00735,0,0.02817,0,,,,,
351.00,6/16/2022 2:10:04 PM,233.769,53.500,1.00,4.00,0.5,3.83652,1.91826,0.00742,0,0.02844,0,,,,,
352.00,6/16/2022 2:10:05 PM,234.269,54.000,1.00,4.00,0.5,3.83675,1.91838,0.00749,0,0.02871,0,,,,,
353.00,6/16/2022 2:10:05 PM,234.770,54.501,1.00,4.00,0.5,3.83672,1.91836,0.00756,0,0.02897,0,,,,,
354.00,6/16/2022 2:10:06 PM,235.269,55.000,1.00,4.00,0.5,3.83672,1.91836,0.00763,0,0.02924,0,,,,,
355.00,6/16/2022 2:10:06 PM,235.769,55.500,1.00,4.00,0.5,3.83694,1.91847,0.0077,0,0.0295,0,,,,,
356.00,6/16/2022 2:10:07 PM,236.269,56.000,1.00,4.00,0.5,3.83698,1.91849,0.00777,0,0.02977,0,,,,,
357.00,6/16/2022 2:10:07 PM,236.769,56.500,1.00,4.00,0.5,3.83687,1.91844,0.00784,0,0.03004,0,,,,,
358.00,6/16/2022 2:10:08 PM,237.270,57.001,1.00,4.00,0.5,3.83704,1.91852,0.00791,0,0.0303,0,,,,,
359.00,6/16/2022 2:10:08 PM,237.769,57.500,1.00,4.00,0.5,3.83716,1.91858,0.00797,0,0.03057,0,,,,,
360.00,6/16/2022 2:10:09 PM,238.270,58.001,1.00,4.00,0.5,3.83725,1.91863,0.00804,0,0.03084,0,,,,,
361.00,6/16/2022 2:10:09 PM,238.770,58.501,1.00,4.00,0.5,3.83707,1.91854,0.00811,0,0.0311,0,,,,,
362.00,6/16/2022 2:10:10 PM,239.269,59.000,1.00,4.00,0.5,3.83705,1.91853,0.00818,0,0.03137,0,,0.00015,,,
363.00,6/16/2022 2:10:10 PM,239.769,59.500,1.00,4.00,0.50001,3.83703,1.91855,0.00825,0,0.03163,0,,,,,
364.00,6/16/2022 2:10:11 PM,240.270,60.001,1.00,4.00,0.5,3.83696,1.91848,0.00832,0,0.0319,0,,,,,
365.00,6/16/2022 2:10:11 PM,240.270,60.002,1.00,4.00,0.5,3.83696,1.91848,0.00832,0,0.0319,0,,0.00015,0.36518,1.04671,1.45222
366.00,6/16/2022 2:10:11 PM,240.804,0.500,1.00,5.00,0,3.6509,0,0.00832,0,0.0319,0,,-0.11318,,,
367.00,6/16/2022 2:10:12 PM,241.304,1.000,1.00,5.00,0,3.65038,0,0.00832,0,0.0319,0,,-0.00225,,,
368.00,6/16/2022 2:10:12 PM,241.805,1.501,1.00,5.00,0,3.65009,0,0.00832,0,0.0319,0,,,,,
369.00,6/16/2022 2:10:13 PM,242.304,2.000,1.00,5.00,0,3.64983,0,0.00832,0,0.0319,0,,,,,
370.00,6/16/2022 2:10:13 PM,242.805,2.501,1.00,5.00,0,3.6496,0,0.00832,0,0.0319,0,,,,,
371.00,6/16/2022 2:10:14 PM,243.305,3.001,1.00,5.00,0,3.64956,0,0.00832,0,0.0319,0,,,,,
372.00,6/16/2022 2:10:14 PM,243.804,3.500,1.00,5.00,0,3.64953,0,0.00832,0,0.0319,0,,,,,
373.00,6/16/2022 2:10:15 PM,244.305,4.001,1.00,5.00,0,3.64943,0,0.00832,0,0.0319,0,,,,,
374.00,6/16/2022 2:10:15 PM,244.805,4.501,1.00,5.00,0,3.64932,0,0.00832,0,0.0319,0,,,,,
375.00,6/16/2022 2:10:16 PM,245.304,5.000,1.00,5.00,0,3.64923,0,0.00832,0,0.0319,0,,-0.00033,,,
376.00,6/16/2022 2:10:16 PM,245.805,5.501,1.00,5.00,0,3.64921,0,0.00832,0,0.0319,0,,,,,
377.00,6/16/2022 2:10:17 PM,246.305,6.001,1.00,5.00,0,3.64917,0,0.00832,0,0.0319,0,,,,,
378.00,6/16/2022 2:10:17 PM,246.805,6.501,1.00,5.00,0,3.64903,0,0.00832,0,0.0319,0,,,,,
379.00,6/16/2022 2:10:18 PM,247.305,7.001,1.00,5.00,0,3.64893,0,0.00832,0,0.0319,0,,,,,
380.00,6/16/2022 2:10:18 PM,247.804,7.500,1.00,5.00,0,3.64885,0,0.00832,0,0.0319,0,,,,,
381.00,6/16/2022 2:10:19 PM,248.305,8.001,1.00,5.00,0,3.64881,0,0.00832,0,0.0319,0,,,,,
382.00,6/16/2022 2:10:19 PM,248.804,8.500,1.00,5.00,0,3.64872,0,0.00832,0,0.0319,0,,,,,
383.00,6/16/2022 2:10:20 PM,249.304,9.000,1.00,5.00,0,3.64865,0,0.00832,0,0.0319,0,,,,,
384.00,6/16/2022 2:10:20 PM,249.805,9.501,1.00,5.00,0,3.64859,0,0.00832,0,0.0319,0,,,,,
385.00,6/16/2022 2:10:21 PM,250.305,10.001,1.00,5.00,0,3.64854,0,0.00832,0,0.0319,0,,,,,
386.00,6/16/2022 2:10:21 PM,250.805,10.501,1.00,5.00,0,3.64847,0,0.00832,0,0.0319,0,,,,,
387.00,6/16/2022 2:10:22 PM,251.305,11.001,1.00,5.00,0,3.64844,0,0.00832,0,0.0319,0,,,,,
388.00,6/16/2022 2:10:22 PM,251.804,11.500,1.00,5.00,0,3.64836,0,0.00832,0,0.0319,0,,,,,
389.00,6/16/2022 2:10:23 PM,252.305,12.001,1.00,5.00,0,3.64828,0,0.00832,0,0.0319,0,,-0.00013,,,
390.00,6/16/2022 2:10:23 PM,252.805,12.501,1.00,5.00,0,3.64812,0,0.00832,0,0.0319,0,,,,,
391.00,6/16/2022 2:10:24 PM,253.305,13.001,1.00,5.00,0,3.64807,0,0.00832,0,0.0319,0,,,,,
392.00,6/16/2022 2:10:24 PM,253.805,13.501,1.00,5.00,0,3.64814,0,0.00832,0,0.0319,0,,,,,
393.00,6/16/2022 2:10:25 PM,254.305,14.001,1.00,5.00,0,3.64806,0,0.00832,0,0.0319,0,,,,,
394.00,6/16/2022 2:10:25 PM,254.805,14.501,1.00,5.00,0,3.64801,0,0.00832,0,0.0319,0,,,,,
395.00,6/16/2022 2:10:26 PM,255.305,15.001,1.00,5.00,0,3.64801,0,0.00832,0,0.0319,0,,,,,
396.00,6/16/2022 2:10:26 PM,255.805,15.501,1.00,5.00,0,3.64793,0,0.00832,0,0.0319,0,,,,,
397.00,6/16/2022 2:10:27 PM,256.305,16.001,1.00,5.00,0,3.64789,0,0.00832,0,0.0319,0,,,,,
398.00,6/16/2022 2:10:27 PM,256.805,16.501,1.00,5.00,0,3.64786,0,0.00832,0,0.0319,0,,,,,
399.00,6/16/2022 2:10:28 PM,257.304,17.000,1.00,5.00,0,3.64781,0,0.00832,0,0.0319,0,,,,,
400.00,6/16/2022 2:10:28 PM,257.805,17.501,1.00,5.00,0,3.64774,0,0.00832,0,0.0319,0,,,,,
401.00,6/16/2022 2:10:29 PM,258.304,18.000,1.00,5.00,0,3.64772,0,0.00832,0,0.0319,0,,,,,
402.00,6/16/2022 2:10:29 PM,258.804,18.500,1.00,5.00,0,3.64764,0,0.00832,0,0.0319,0,,,,,
403.00,6/16/2022 2:10:30 PM,259.304,19.000,1.00,5.00,0,3.64759,0,0.00832,0,0.0319,0,,-0.00009,,,
404.00,6/16/2022 2:10:30 PM,259.805,19.501,1.00,5.00,0,3.64762,0,0.00832,0,0.0319,0,,,,,
405.00,6/16/2022 2:10:31 PM,260.305,20.001,1.00,5.00,0,3.64759,0,0.00832,0,0.0319,0,,,,,
406.00,6/16/2022 2:10:31 PM,260.805,20.501,1.00,5.00,0,3.64756,0,0.00832,0,0.0319,0,,,,,
407.00,6/16/2022 2:10:32 PM,261.305,21.001,1.00,5.00,0,3.64758,0,0.00832,0,0.0319,0,,,,,
408.00,6/16/2022 2:10:32 PM,261.805,21.501,1.00,5.00,0,3.6474,0,0.00832,0,0.0319,0,,,,,
409.00,6/16/2022 2:10:33 PM,262.304,22.000,1.00,5.00,0,3.6475,0,0.00832,0,0.0319,0,,,,,
410.00,6/16/2022 2:10:33 PM,262.804,22.500,1.00,5.00,0,3.64759,0,0.00832,0,0.0319,0,,,,,
411.00,6/16/2022 2:10:34 PM,263.304,23.000,1.00,5.00,0,3.64749,0,0.00832,0,0.0319,0,,,,,
412.00,6/16/2022 2:10:34 PM,263.805,23.501,1.00,5.00,0,3.64734,0,0.00832,0,0.0319,0,,,,,
413.00,6/16/2022 2:10:35 PM,264.305,24.001,1.00,5.00,0,3.64736,0,0.00832,0,0.0319,0,,,,,
414.00,6/16/2022 2:10:35 PM,264.804,24.500,1.00,5.00,0,3.64715,0,0.00832,0,0.0319,0,,,,,
415.00,6/16/2022 2:10:36 PM,265.304,25.000,1.00,5.00,0,3.64692,0,0.00832,0,0.0319,0,,,,,
416.00,6/16/2022 2:10:36 PM,265.805,25.501,1.00,5.00,0,3.64684,0,0.00832,0,0.0319,0,,,,,
417.00,6/16/2022 2:10:37 PM,266.304,26.000,1.00,5.00,0,3.64686,0,0.00832,0,0.0319,0,,-0.00006,,,
418.00,6/16/2022 2:10:37 PM,266.804,26.500,1.00,5.00,0,3.64699,0,0.00832,0,0.0319,0,,,,,
419.00,6/16/2022 2:10:38 PM,267.304,27.000,1.00,5.00,0,3.64697,0,0.00832,0,0.0319,0,,,,,
420.00,6/16/2022 2:10:38 PM,267.804,27.500,1.00,5.00,0,3.64699,0,0.00832,0,0.0319,0,,,,,
421.00,6/16/2022 2:10:39 PM,268.305,28.001,1.00,5.00,0,3.64693,0,0.00832,0,0.0319,0,,,,,
422.00,6/16/2022 2:10:39 PM,268.805,28.501,1.00,5.00,0,3.6469,0,0.00832,0,0.0319,0,,,,,
423.00,6/16/2022 2:10:40 PM,269.304,29.000,1.00,5.00,0,3.64688,0,0.00832,0,0.0319,0,,,,,
424.00,6/16/2022 2:10:40 PM,269.804,29.500,1.00,5.00,0,3.64686,0,0.00832,0,0.0319,0,,,,,
425.00,6/16/2022 2:10:41 PM,270.304,30.000,1.00,5.00,0,3.64677,0,0.00832,0,0.0319,0,,,,,
426.00,6/16/2022 2:10:41 PM,270.804,30.500,1.00,5.00,0,3.6468,0,0.00832,0,0.0319,0,,,,,
427.00,6/16/2022 2:10:42 PM,271.305,31.001,1.00,5.00,0,3.64673,0,0.00832,0,0.0319,0,,,,,
428.00,6/16/2022 2:10:42 PM,271.805,31.501,1.00,5.00,0,3.64676,0,0.00832,0,0.0319,0,,,,,
429.00,6/16/2022 2:10:43 PM,272.304,32.000,1.00,5.00,0,3.64675,0,0.00832,0,0.0319,0,,,,,
430.00,6/16/2022 2:10:43 PM,272.804,32.500,1.00,5.00,0,3.6467,0,0.00832,0,0.0319,0,,,,,
431.00,6/16/2022 2:10:44 PM,273.304,33.000,1.00,5.00,0,3.64669,0,0.00832,0,0.0319,0,,-0.00005,,,
432.00,6/16/2022 2:10:44 PM,273.805,33.501,1.00,5.00,0,3.64657,0,0.00832,0,0.0319,0,,,,,
433.00,6/16/2022 2:10:45 PM,274.305,34.001,1.00,5.00,0,3.64653,0,0.00832,0,0.0319,0,,,,,
434.00,6/16/2022 2:10:45 PM,274.804,34.500,1.00,5.00,0,3.64662,0,0.00832,0,0.0319,0,,,,,
435.00,6/16/2022 2:10:46 PM,275.304,35.000,1.00,5.00,0,3.64658,0,0.00832,0,0.0319,0,,,,,
436.00,6/16/2022 2:10:46 PM,275.804,35.500,1.00,5.00,0,3.64655,0,0.00832,0,0.0319,0,,,,,
437.00,6/16/2022 2:10:47 PM,276.304,36.000,1.00,5.00,0,3.64655,0,0.00832,0,0.0319,0,,,,,
438.00,6/16/2022 2:10:47 PM,276.805,36.501,1.00,5.00,0,3.64648,0,0.00832,0,0.0319,0,,,,,
439.00,6/16/2022 2:10:48 PM,277.304,37.000,1.00,5.00,0,3.64648,0,0.00832,0,0.0319,0,,,,,
440.00,6/16/2022 2:10:48 PM,277.805,37.501,1.00,5.00,0,3.64641,0,0.00832,0,0.0319,0,,,,,
441.00,6/16/2022 2:10:49 PM,278.304,38.000,1.00,5.00,0,3.64643,0,0.00832,0,0.0319,0,,,,,
442.00,6/16/2022 2:10:49 PM,278.805,38.501,1.00,5.00,0,3.64643,0,0.00832,0,0.0319,0,,,,,
443.00,6/16/2022 2:10:50 PM,279.304,39.000,1.00,5.00,0,3.64641,0,0.00832,0,0.0319,0,,-0.00005,,,
444.00,6/16/2022 2:10:50 PM,279.805,39.501,1.00,5.00,0,3.64634,0,0.00832,0,0.0319,0,,,,,
445.00,6/16/2022 2:10:51 PM,280.304,40.000,1.00,5.00,0,3.64635,0,0.00832,0,0.0319,0,,,,,
446.00,6/16/2022 2:10:51 PM,280.805,40.501,1.00,5.00,0,3.64636,0,0.00832,0,0.0319,0,,,,,
447.00,6/16/2022 2:10:52 PM,281.304,41.000,1.00,5.00,0,3.64638,0,0.00832,0,0.0319,0,,,,,
448.00,6/16/2022 2:10:52 PM,281.805,41.501,1.00,5.00,0,3.6464,0,0.00832,0,0.0319,0,,,,,
449.00,6/16/2022 2:10:53 PM,282.304,42.000,1.00,5.00,0,3.64644,0,0.00832,0,0.0319,0,,,,,
450.00,6/16/2022 2:10:53 PM,282.805,42.501,1.00,5.00,0,3.64646,0,0.00832,0,0.0319,0,,,,,
451.00,6/16/2022 2:10:54 PM,283.304,43.000,1.00,5.00,0,3.64643,0,0.00832,0,0.0319,0,,,,,
452.00,6/16/2022 2:10:54 PM,283.804,43.500,1.00,5.00,0,3.64645,0,0.00832,0,0.0319,0,,,,,
453.00,6/16/2022 2:10:55 PM,284.305,44.001,1.00,5.00,0,3.64645,0,0.00832,0,0.0319,0,,,,,
454.00,6/16/2022 2:10:55 PM,284.805,44.501,1.00,5.00,0,3.64652,0,0.00832,0,0.0319,0,,,,,
455.00,6/16/2022 2:10:56 PM,285.304,45.000,1.00,5.00,0,3.64643,0,0.00832,0,0.0319,0,,,,,
456.00,6/16/2022 2:10:56 PM,285.804,45.500,1.00,5.00,0,3.64624,0,0.00832,0,0.0319,0,,,,,
457.00,6/16/2022 2:10:57 PM,286.305,46.001,1.00,5.00,0,3.64635,0,0.00832,0,0.0319,0,,0.00000,,,
458.00,6/16/2022 2:10:57 PM,286.805,46.501,1.00,5.00,0,3.64607,0,0.00832,0,0.0319,0,,,,,
459.00,6/16/2022 2:10:58 PM,287.304,47.000,1.00,5.00,0,3.64617,0,0.00832,0,0.0319,0,,,,,
460.00,6/16/2022 2:10:58 PM,287.804,47.500,1.00,5.00,0,3.64614,0,0.00832,0,0.0319,0,,,,,
461.00,6/16/2022 2:10:59 PM,288.305,48.001,1.00,5.00,0,3.64607,0,0.00832,0,0.0319,0,,,,,
462.00,6/16/2022 2:10:59 PM,288.804,48.500,1.00,5.00,0,3.64595,0,0.00832,0,0.0319,0,,,,,
463.00,6/16/2022 2:11:00 PM,289.304,49.000,1.00,5.00,0,3.64601,0,0.00832,0,0.0319,0,,,,,
464.00,6/16/2022 2:11:00 PM,289.805,49.501,1.00,5.00,0,3.64598,0,0.00832,0,0.0319,0,,,,,
465.00,6/16/2022 2:11:01 PM,290.304,50.000,1.00,5.00,0,3.64603,0,0.00832,0,0.0319,0,,,,,
466.00,6/16/2022 2:11:01 PM,290.804,50.500,1.00,5.00,0,3.646,0,0.00832,0,0.0319,0,,,,,
467.00,6/16/2022 2:11:02 PM,291.304,51.000,1.00,5.00,0,3.64593,0,0.00832,0,0.0319,0,,,,,
468.00,6/16/2022 2:11:02 PM,291.805,51.501,1.00,5.00,0,3.64599,0,0.00832,0,0.0319,0,,,,,
469.00,6/16/2022 2:11:03 PM,292.304,52.000,1.00,5.00,0,3.64598,0,0.00832,0,0.0319,0,,,,,
470.00,6/16/2022 2:11:03 PM,292.804,52.500,1.00,5.00,0,3.64597,0,0.00832,0,0.0319,0,,,,,
471.00,6/16/2022 2:11:04 PM,293.304,53.000,1.00,5.00,0,3.64592,0,0.00832,0,0.0319,0,,-0.00004,,,
472.00,6/16/2022 2:11:04 PM,293.804,53.500,1.00,5.00,0,3.64594,0,0.00832,0,0.0319,0,,,,,
473.00,6/16/2022 2:11:05 PM,294.304,54.000,1.00,5.00,0,3.64587,0,0.00832,0,0.0319,0,,,,,
474.00,6/16/2022 2:11:05 PM,294.805,54.501,1.00,5.00,0,3.64592,0,0.00832,0,0.0319,0,,,,,
475.00,6/16/2022 2:11:06 PM,295.305,55.001,1.00,5.00,0,3.64579,0,0.00832,0,0.0319,0,,,,,
476.00,6/16/2022 2:11:06 PM,295.805,55.501,1.00,5.00,0,3.64582,0,0.00832,0,0.0319,0,,,,,
477.00,6/16/2022 2:11:07 PM,296.304,56.000,1.00,5.00,0,3.64586,0,0.00832,0,0.0319,0,,,,,
478.00,6/16/2022 2:11:07 PM,296.804,56.500,1.00,5.00,0,3.64586,0,0.00832,0,0.0319,0,,,,,
479.00,6/16/2022 2:11:08 PM,297.304,57.000,1.00,5.00,0,3.64585,0,0.00832,0,0.0319,0,,,,,
480.00,6/16/2022 2:11:08 PM,297.805,57.501,1.00,5.00,0,3.64584,0,0.00832,0,0.0319,0,,,,,
481.00,6/16/2022 2:11:09 PM,298.304,58.000,1.00,5.00,0,3.64579,0,0.00832,0,0.0319,0,,,,,
482.00,6/16/2022 2:11:09 PM,298.804,58.500,1.00,5.00,0,3.64579,0,0.00832,0,0.0319,0,,,,,
483.00,6/16/2022 2:11:10 PM,299.305,59.001,1.00,5.00,0,3.64576,0,0.00832,0,0.0319,0,,,,,
484.00,6/16/2022 2:11:10 PM,299.804,59.500,1.00,5.00,0,3.64576,0,0.00832,0,0.0319,0,,,,,
485.00,6/16/2022 2:11:11 PM,300.304,60.000,1.00,5.00,0,3.64573,0,0.00832,0,0.0319,0,,-0.00001,,,
486.00,6/16/2022 2:11:11 PM,300.305,60.001,1.00,5.00,0,3.64573,0,0.00832,0,0.0319,0,,-0.00001,0.36518,0.00000,0.00000
487.00,6/16/2022 2:11:11 PM,300.856,0.500,1.00,6.00,-0.19999,3.57129,-0.71422,0.00833,3E-05,0.03193,0.0001,,-0.18096,,0.00007,13975.52000
488.00,6/16/2022 2:11:12 PM,301.357,1.001,1.00,6.00,-0.19999,3.5711,-0.71418,0.00833,6E-05,0.03193,0.0002,,,,,
489.00,6/16/2022 2:11:12 PM,301.856,1.500,1.00,6.00,-0.19999,3.571,-0.71416,0.00833,8E-05,0.03193,0.0003,,,,,
490.00,6/16/2022 2:11:13 PM,302.357,2.001,1.00,6.00,-0.19999,3.57086,-0.71414,0.00833,0.00011,0.03193,0.0004,,,,,
491.00,6/16/2022 2:11:13 PM,302.856,2.500,1.00,6.00,-0.19999,3.57082,-0.71413,0.00833,0.00014,0.03193,0.0005,,,,,
492.00,6/16/2022 2:11:14 PM,303.356,3.000,1.00,6.00,-0.19999,3.57065,-0.71409,0.00833,0.00017,0.03193,0.00059,,-0.00051,,,
493.00,6/16/2022 2:11:14 PM,303.856,3.500,1.00,6.00,-0.19999,3.57066,-0.7141,0.00833,0.00019,0.03193,0.00069,,,,,
494.00,6/16/2022 2:11:15 PM,304.356,4.000,1.00,6.00,-0.19999,3.57058,-0.71408,0.00833,0.00022,0.03193,0.00079,,,,,
495.00,6/16/2022 2:11:15 PM,304.856,4.500,1.00,6.00,-0.19999,3.57051,-0.71407,0.00833,0.00025,0.03193,0.00089,,,,,
496.00,6/16/2022 2:11:16 PM,305.357,5.001,1.00,6.00,-0.19999,3.57048,-0.71406,0.00833,0.00028,0.03193,0.00099,,,,,
497.00,6/16/2022 2:11:16 PM,305.857,5.501,1.00,6.00,-0.19999,3.57042,-0.71405,0.00833,0.00031,0.03193,0.00109,,,,,
498.00,6/16/2022 2:11:17 PM,306.357,6.001,1.00,6.00,-0.19999,3.57037,-0.71404,0.00833,0.00033,0.03193,0.00119,,,,,
499.00,6/16/2022 2:11:17 PM,306.856,6.500,1.00,6.00,-0.19999,3.57041,-0.71405,0.00833,0.00036,0.03193,0.00129,,,,,
500.00,6/16/2022 2:11:18 PM,307.356,7.000,1.00,6.00,-0.19998,3.57036,-0.714,0.00833,0.00039,0.03193,0.00139,,,,,
501.00,6/16/2022 2:11:18 PM,307.857,7.501,1.00,6.00,-0.19999,3.57037,-0.71404,0.00833,0.00042,0.03193,0.00149,,,,,
502.00,6/16/2022 2:11:19 PM,308.356,8.000,1.00,6.00,-0.19999,3.57033,-0.71403,0.00833,0.00044,0.03193,0.00158,,,,,
503.00,6/16/2022 2:11:19 PM,308.856,8.500,1.00,6.00,-0.19998,3.57028,-0.71398,0.00833,0.00047,0.03193,0.00168,,,,,
504.00,6/16/2022 2:11:20 PM,309.356,9.000,1.00,6.00,-0.19999,3.57027,-0.71402,0.00833,0.0005,0.03193,0.00178,,,,,
505.00,6/16/2022 2:11:20 PM,309.856,9.500,1.00,6.00,-0.19999,3.5702,-0.714,0.00833,0.00053,0.03193,0.00188,,,,,
506.00,6/16/2022 2:11:21 PM,310.357,10.001,1.00,6.00,-0.19999,3.57022,-0.71401,0.00833,0.00055,0.03193,0.00198,,-0.00012,,,
507.00,6/16/2022 2:11:21 PM,310.856,10.500,1.00,6.00,-0.19999,3.57016,-0.714,0.00833,0.00058,0.03193,0.00208,,,,,
508.00,6/16/2022 2:11:22 PM,311.357,11.001,1.00,6.00,-0.19999,3.57002,-0.71397,0.00833,0.00061,0.03193,0.00218,,,,,
509.00,6/16/2022 2:11:22 PM,311.857,11.501,1.00,6.00,-0.19999,3.56992,-0.71395,0.00833,0.00064,0.03193,0.00228,,,,,
510.00,6/16/2022 2:11:23 PM,312.356,12.000,1.00,6.00,-0.19999,3.56985,-0.71393,0.00833,0.00067,0.03193,0.00238,,,,,
511.00,6/16/2022 2:11:23 PM,312.857,12.501,1.00,6.00,-0.19999,3.56963,-0.71389,0.00833,0.00069,0.03193,0.00248,,,,,
512.00,6/16/2022 2:11:24 PM,313.356,13.000,1.00,6.00,-0.19999,3.56948,-0.71386,0.00833,0.00072,0.03193,0.00257,,,,,
513.00,6/16/2022 2:11:24 PM,313.856,13.500,1.00,6.00,-0.19999,3.56942,-0.71385,0.00833,0.00075,0.03193,0.00267,,,,,
514.00,6/16/2022 2:11:25 PM,314.357,14.001,1.00,6.00,-0.19999,3.56956,-0.71388,0.00833,0.00078,0.03193,0.00277,,,,,
515.00,6/16/2022 2:11:25 PM,314.857,14.501,1.00,6.00,-0.19999,3.5695,-0.71386,0.00833,0.0008,0.03193,0.00287,,,,,
516.00,6/16/2022 2:11:26 PM,315.357,15.001,1.00,6.00,-0.19999,3.56945,-0.71385,0.00833,0.00083,0.03193,0.00297,,,,,
517.00,6/16/2022 2:11:26 PM,315.856,15.500,1.00,6.00,-0.19998,3.56946,-0.71382,0.00833,0.00086,0.03193,0.00307,,,,,
518.00,6/16/2022 2:11:27 PM,316.356,16.000,1.00,6.00,-0.19999,3.56942,-0.71385,0.00833,0.00089,0.03193,0.00317,,,,,
519.00,6/16/2022 2:11:27 PM,316.856,16.500,1.00,6.00,-0.19999,3.56939,-0.71384,0.00833,0.00092,0.03193,0.00327,,,,,
520.00,6/16/2022 2:11:28 PM,317.357,17.001,1.00,6.00,-0.19999,3.56932,-0.71383,0.00833,0.00094,0.03193,0.00337,,-0.00015,,,
521.00,6/16/2022 2:11:28 PM,317.857,17.501,1.00,6.00,-0.19999,3.56928,-0.71382,0.00833,0.00097,0.03193,0.00347,,,,,
522.00,6/16/2022 2:11:29 PM,318.356,18.000,1.00,6.00,-0.19999,3.56927,-0.71382,0.00833,0.001,0.03193,0.00356,,,,,
523.00,6/16/2022 2:11:29 PM,318.856,18.500,1.00,6.00,-0.19999,3.56914,-0.71379,0.00833,0.00103,0.03193,0.00366,,,,,
524.00,6/16/2022 2:11:30 PM,319.357,19.001,1.00,6.00,-0.19999,3.56912,-0.71379,0.00833,0.00105,0.03193,0.00376,,,,,
525.00,6/16/2022 2:11:30 PM,319.856,19.500,1.00,6.00,-0.19999,3.56908,-0.71378,0.00833,0.00108,0.03193,0.00386,,,,,
526.00,6/16/2022 2:11:31 PM,320.357,20.001,1.00,6.00,-0.19999,3.56911,-0.71379,0.00833,0.00111,0.03193,0.00396,,,,,
527.00,6/16/2022 2:11:31 PM,320.856,20.500,1.00,6.00,-0.19999,3.569,-0.71376,0.00833,0.00114,0.03193,0.00406,,,,,
528.00,6/16/2022 2:11:32 PM,321.357,21.001,1.00,6.00,-0.19999,3.56896,-0.71376,0.00833,0.00116,0.03193,0.00416,,,,,
529.00,6/16/2022 2:11:32 PM,321.857,21.501,1.00,6.00,-0.19999,3.56898,-0.71376,0.00833,0.00119,0.03193,0.00426,,,,,
530.00,6/16/2022 2:11:33 PM,322.356,22.000,1.00,6.00,-0.19998,3.5689,-0.71371,0.00833,0.00122,0.03193,0.00436,,,,,
531.00,6/16/2022 2:11:33 PM,322.856,22.500,1.00,6.00,-0.19999,3.56889,-0.71374,0.00833,0.00125,0.03193,0.00446,,,,,
532.00,6/16/2022 2:11:34 PM,323.357,23.001,1.00,6.00,-0.19999,3.56884,-0.71373,0.00833,0.00128,0.03193,0.00455,,,,,
533.00,6/16/2022 2:11:34 PM,323.856,23.500,1.00,6.00,-0.19999,3.56877,-0.71372,0.00833,0.0013,0.03193,0.00465,,,,,
534.00,6/16/2022 2:11:35 PM,324.357,24.001,1.00,6.00,-0.19999,3.56879,-0.71372,0.00833,0.00133,0.03193,0.00475,,-0.00009,,,
535.00,6/16/2022 2:11:35 PM,324.856,24.500,1.00,6.00,-0.19999,3.56875,-0.71371,0.00833,0.00136,0.03193,0.00485,,,,,
536.00,6/16/2022 2:11:36 PM,325.357,25.001,1.00,6.00,-0.19999,3.5687,-0.7137,0.00833,0.00139,0.03193,0.00495,,,,,
537.00,6/16/2022 2:11:36 PM,325.856,25.500,1.00,6.00,-0.19999,3.56866,-0.7137,0.00833,0.00141,0.03193,0.00505,,,,,
538.00,6/16/2022 2:11:37 PM,326.357,26.001,1.00,6.00,-0.19999,3.56865,-0.71369,0.00833,0.00144,0.03193,0.00515,,,,,
539.00,6/16/2022 2:11:37 PM,326.857,26.501,1.00,6.00,-0.19998,3.56859,-0.71365,0.00833,0.00147,0.03193,0.00525,,,,,
540.00,6/16/2022 2:11:38 PM,327.356,27.000,1.00,6.00,-0.19998,3.56857,-0.71364,0.00833,0.0015,0.03193,0.00535,,,,,
541.00,6/16/2022 2:11:38 PM,327.856,27.500,1.00,6.00,-0.19999,3.56847,-0.71366,0.00833,0.00153,0.03193,0.00544,,,,,
542.00,6/16/2022 2:11:39 PM,328.357,28.001,1.00,6.00,-0.19999,3.5685,-0.71366,0.00833,0.00155,0.03193,0.00554,,,,,
543.00,6/16/2022 2:11:39 PM,328.856,28.500,1.00,6.00,-0.19999,3.56847,-0.71366,0.00833,0.00158,0.03193,0.00564,,,,,
544.00,6/16/2022 2:11:40 PM,329.356,29.000,1.00,6.00,-0.19999,3.56845,-0.71365,0.00833,0.00161,0.03193,0.00574,,,,,
545.00,6/16/2022 2:11:40 PM,329.857,29.501,1.00,6.00,-0.19999,3.56842,-0.71365,0.00833,0.00164,0.03193,0.00584,,,,,
546.00,6/16/2022 2:11:41 PM,330.357,30.001,1.00,6.00,-0.19998,3.56838,-0.7136,0.00833,0.00166,0.03193,0.00594,,,,,
547.00,6/16/2022 2:11:41 PM,330.856,30.500,1.00,6.00,-0.19999,3.56837,-0.71364,0.00833,0.00169,0.03193,0.00604,,,,,
548.00,6/16/2022 2:11:42 PM,331.357,31.001,1.00,6.00,-0.19999,3.56836,-0.71364,0.00833,0.00172,0.03193,0.00614,,-0.00001,,,
549.00,6/16/2022 2:11:42 PM,331.856,31.500,1.00,6.00,-0.19999,3.56827,-0.71362,0.00833,0.00175,0.03193,0.00624,,,,,
550.00,6/16/2022 2:11:43 PM,332.357,32.001,1.00,6.00,-0.19998,3.5682,-0.71357,0.00833,0.00178,0.03193,0.00634,,,,,
551.00,6/16/2022 2:11:43 PM,332.856,32.500,1.00,6.00,-0.19998,3.56831,-0.71359,0.00833,0.0018,0.03193,0.00644,,,,,
552.00,6/16/2022 2:11:44 PM,333.357,33.001,1.00,6.00,-0.19999,3.5683,-0.71362,0.00833,0.00183,0.03193,0.00653,,,,,
553.00,6/16/2022 2:11:44 PM,333.856,33.500,1.00,6.00,-0.19999,3.56827,-0.71362,0.00833,0.00186,0.03193,0.00663,,,,,
554.00,6/16/2022 2:11:45 PM,334.357,34.001,1.00,6.00,-0.19999,3.56833,-0.71363,0.00833,0.00189,0.03193,0.00673,,,,,
555.00,6/16/2022 2:11:45 PM,334.856,34.500,1.00,6.00,-0.19999,3.56831,-0.71363,0.00833,0.00191,0.03193,0.00683,,,,,
556.00,6/16/2022 2:11:46 PM,335.357,35.001,1.00,6.00,-0.19999,3.5683,-0.71362,0.00833,0.00194,0.03193,0.00693,,,,,
557.00,6/16/2022 2:11:46 PM,335.856,35.500,1.00,6.00,-0.19999,3.56832,-0.71363,0.00833,0.00197,0.03193,0.00703,,,,,
558.00,6/16/2022 2:11:47 PM,336.356,36.000,1.00,6.00,-0.19999,3.56829,-0.71362,0.00833,0.002,0.03193,0.00713,,,,,
559.00,6/16/2022 2:11:47 PM,336.856,36.500,1.00,6.00,-0.19999,3.56835,-0.71363,0.00833,0.00202,0.03193,0.00723,,,,,
560.00,6/16/2022 2:11:48 PM,337.357,37.001,1.00,6.00,-0.19999,3.56834,-0.71363,0.00833,0.00205,0.03193,0.00733,,-0.00004,,,
561.00,6/16/2022 2:11:48 PM,337.857,37.501,1.00,6.00,-0.19999,3.56813,-0.71359,0.00833,0.00208,0.03193,0.00742,,,,,
562.00,6/16/2022 2:11:49 PM,338.357,38.001,1.00,6.00,-0.19999,3.56802,-0.71357,0.00833,0.00211,0.03193,0.00752,,,,,
563.00,6/16/2022 2:11:49 PM,338.857,38.501,1.00,6.00,-0.19999,3.56787,-0.71354,0.00833,0.00214,0.03193,0.00762,,,,,
564.00,6/16/2022 2:11:50 PM,339.357,39.001,1.00,6.00,-0.19999,3.56784,-0.71353,0.00833,0.00216,0.03193,0.00772,,,,,
565.00,6/16/2022 2:11:50 PM,339.856,39.500,1.00,6.00,-0.19999,3.56776,-0.71352,0.00833,0.00219,0.03193,0.00782,,,,,
566.00,6/16/2022 2:11:51 PM,340.357,40.001,1.00,6.00,-0.19999,3.5678,-0.71352,0.00833,0.00222,0.03193,0.00792,,,,,
567.00,6/16/2022 2:11:51 PM,340.857,40.501,1.00,6.00,-0.19999,3.56781,-0.71353,0.00833,0.00225,0.03193,0.00802,,,,,
568.00,6/16/2022 2:11:52 PM,341.356,41.000,1.00,6.00,-0.19999,3.56788,-0.71354,0.00833,0.00227,0.03193,0.00812,,,,,
569.00,6/16/2022 2:11:52 PM,341.857,41.501,1.00,6.00,-0.19999,3.56788,-0.71354,0.00833,0.0023,0.03193,0.00822,,,,,
570.00,6/16/2022 2:11:53 PM,342.356,42.000,1.00,6.00,-0.19999,3.56786,-0.71354,0.00833,0.00233,0.03193,0.00831,,,,,
571.00,6/16/2022 2:11:53 PM,342.856,42.500,1.00,6.00,-0.19999,3.56788,-0.71354,0.00833,0.00236,0.03193,0.00841,,,,,
572.00,6/16/2022 2:11:54 PM,343.356,43.000,1.00,6.00,-0.19999,3.56782,-0.71353,0.00833,0.00239,0.03193,0.00851,,,,,
573.00,6/16/2022 2:11:54 PM,343.856,43.500,1.00,6.00,-0.19999,3.56779,-0.71352,0.00833,0.00241,0.03193,0.00861,,,,,
574.00,6/16/2022 2:11:55 PM,344.356,44.000,1.00,6.00,-0.19999,3.56768,-0.7135,0.00833,0.00244,0.03193,0.00871,,-0.00001,,,
575.00,6/16/2022 2:11:55 PM,344.856,44.500,1.00,6.00,-0.19999,3.56781,-0.71353,0.00833,0.00247,0.03193,0.00881,,,,,
576.00,6/16/2022 2:11:56 PM,345.356,45.000,1.00,6.00,-0.19999,3.56774,-0.71351,0.00833,0.0025,0.03193,0.00891,,,,,
577.00,6/16/2022 2:11:56 PM,345.857,45.501,1.00,6.00,-0.19999,3.56775,-0.71351,0.00833,0.00252,0.03193,0.00901,,,,,
578.00,6/16/2022 2:11:57 PM,346.356,46.000,1.00,6.00,-0.19999,3.56775,-0.71351,0.00833,0.00255,0.03193,0.00911,,,,,
579.00,6/16/2022 2:11:57 PM,346.856,46.500,1.00,6.00,-0.19999,3.5677,-0.7135,0.00833,0.00258,0.03193,0.00921,,,,,
580.00,6/16/2022 2:11:58 PM,347.356,47.000,1.00,6.00,-0.19999,3.56773,-0.71351,0.00833,0.00261,0.03193,0.0093,,,,,
581.00,6/16/2022 2:11:58 PM,347.856,47.500,1.00,6.00,-0.19999,3.56764,-0.71349,0.00833,0.00263,0.03193,0.0094,,,,,
582.00,6/16/2022 2:11:59 PM,348.356,48.000,1.00,6.00,-0.19998,3.56765,-0.71346,0.00833,0.00266,0.03193,0.0095,,,,,
583.00,6/16/2022 2:11:59 PM,348.856,48.500,1.00,6.00,-0.19999,3.56766,-0.7135,0.00833,0.00269,0.03193,0.0096,,,,,
584.00,6/16/2022 2:12:00 PM,349.356,49.000,1.00,6.00,-0.19999,3.56756,-0.71348,0.00833,0.00272,0.03193,0.0097,,,,,
585.00,6/16/2022 2:12:00 PM,349.856,49.500,1.00,6.00,-0.19999,3.56765,-0.71349,0.00833,0.00275,0.03193,0.0098,,,,,
586.00,6/16/2022 2:12:01 PM,350.356,50.000,1.00,6.00,-0.19999,3.56764,-0.71349,0.00833,0.00277,0.03193,0.0099,,,,,
587.00,6/16/2022 2:12:01 PM,350.856,50.500,1.00,6.00,-0.19999,3.56761,-0.71349,0.00833,0.0028,0.03193,0.01,,,,,
588.00,6/16/2022 2:12:02 PM,351.356,51.000,1.00,6.00,-0.19999,3.56759,-0.71348,0.00833,0.00283,0.03193,0.0101,,-0.00003,,,
589.00,6/16/2022 2:12:02 PM,351.856,51.500,1.00,6.00,-0.19998,3.56758,-0.71344,0.00833,0.00286,0.03193,0.0102,,,,,
590.00,6/16/2022 2:12:03 PM,352.356,52.000,1.00,6.00,-0.19999,3.56761,-0.71349,0.00833,0.00288,0.03193,0.01029,,,,,
591.00,6/16/2022 2:12:03 PM,352.858,52.502,1.00,6.00,-0.19999,3.56755,-0.71347,0.00833,0.00291,0.03193,0.01039,,,,,
592.00,6/16/2022 2:12:04 PM,353.356,53.000,1.00,6.00,-0.19999,3.56749,-0.71346,0.00833,0.00294,0.03193,0.01049,,,,,
593.00,6/16/2022 2:12:04 PM,353.857,53.501,1.00,6.00,-0.19999,3.56751,-0.71347,0.00833,0.00297,0.03193,0.01059,,,,,
594.00,6/16/2022 2:12:05 PM,354.357,54.001,1.00,6.00,-0.19999,3.5675,-0.71346,0.00833,0.003,0.03193,0.01069,,,,,
595.00,6/16/2022 2:12:05 PM,354.856,54.500,1.00,6.00,-0.19999,3.56736,-0.71344,0.00833,0.00302,0.03193,0.01079,,,,,
596.00,6/16/2022 2:12:06 PM,355.356,55.000,1.00,6.00,-0.19998,3.56748,-0.71342,0.00833,0.00305,0.03193,0.01089,,,,,
597.00,6/16/2022 2:12:06 PM,355.856,55.500,1.00,6.00,-0.19999,3.56744,-0.71345,0.00833,0.00308,0.03193,0.01099,,,,,
598.00,6/16/2022 2:12:07 PM,356.357,56.001,1.00,6.00,-0.19999,3.56746,-0.71346,0.00833,0.00311,0.03193,0.01109,,,,,
599.00,6/16/2022 2:12:07 PM,356.856,56.500,1.00,6.00,-0.19999,3.56742,-0.71345,0.00833,0.00313,0.03193,0.01118,,,,,
600.00,6/16/2022 2:12:08 PM,357.357,57.001,1.00,6.00,-0.19999,3.56732,-0.71343,0.00833,0.00316,0.03193,0.01128,,,,,
601.00,6/16/2022 2:12:08 PM,357.857,57.501,1.00,6.00,-0.19999,3.56731,-0.71343,0.00833,0.00319,0.03193,0.01138,,,,,
602.00,6/16/2022 2:12:09 PM,358.357,58.001,1.00,6.00,-0.19999,3.56733,-0.71343,0.00833,0.00322,0.03193,0.01148,,-0.00004,,,
603.00,6/16/2022 2:12:09 PM,358.857,58.501,1.00,6.00,-0.19999,3.56731,-0.71343,0.00833,0.00325,0.03193,0.01158,,,,,
604.00,6/16/2022 2:12:10 PM,359.356,59.000,1.00,6.00,-0.19999,3.56733,-0.71343,0.00833,0.00327,0.03193,0.01168,,,,,
605.00,6/16/2022 2:12:10 PM,359.856,59.500,1.00,6.00,-0.19999,3.56735,-0.71343,0.00833,0.0033,0.03193,0.01178,,,,,
606.00,6/16/2022 2:12:11 PM,360.357,60.001,1.00,6.00,-0.19999,3.56734,-0.71343,0.00833,0.00333,0.03193,0.01188,,,,,
607.00,6/16/2022 2:12:11 PM,360.359,60.003,1.00,6.00,-0.19999,3.56732,-0.71343,0.00833,0.00333,0.03193,0.01188,,-0.00004,0.36518,0.00007,13975.52000
608.00,6/16/2022 2:12:11 PM,360.891,0.500,1.00,7.00,0,3.64168,0,0.00833,0.00333,0.03193,0.01188,,0.00914,,,
609.00,6/16/2022 2:12:12 PM,361.391,1.000,1.00,7.00,0,3.64186,0,0.00833,0.00333,0.03193,0.01188,,,,,
610.00,6/16/2022 2:12:12 PM,361.892,1.501,1.00,7.00,0,3.64199,0,0.00833,0.00333,0.03193,0.01188,,,,,
611.00,6/16/2022 2:12:13 PM,362.391,2.000,1.00,7.00,0,3.6421,0,0.00833,0.00333,0.03193,0.01188,,,,,
612.00,6/16/2022 2:12:13 PM,362.891,2.500,1.00,7.00,0,3.64221,0,0.00833,0.00333,0.03193,0.01188,,,,,
613.00,6/16/2022 2:12:14 PM,363.391,3.000,1.00,7.00,0,3.64232,0,0.00833,0.00333,0.03193,0.01188,,,,,
614.00,6/16/2022 2:12:14 PM,363.891,3.500,1.00,7.00,0,3.64241,0,0.00833,0.00333,0.03193,0.01188,,,,,
615.00,6/16/2022 2:12:15 PM,364.391,4.000,1.00,7.00,0,3.64248,0,0.00833,0.00333,0.03193,0.01188,,,,,
616.00,6/16/2022 2:12:15 PM,364.892,4.501,1.00,7.00,0,3.6424,0,0.00833,0.00333,0.03193,0.01188,,,,,
617.00,6/16/2022 2:12:16 PM,365.392,5.001,1.00,7.00,0,3.6424,0,0.00833,0.00333,0.03193,0.01188,,,,,
618.00,6/16/2022 2:12:16 PM,365.891,5.500,1.00,7.00,0,3.64238,0,0.00833,0.00333,0.03193,0.01188,,,,,
619.00,6/16/2022 2:12:17 PM,366.391,6.000,1.00,7.00,0,3.64232,0,0.00833,0.00333,0.03193,0.01188,,,,,
620.00,6/16/2022 2:12:17 PM,366.891,6.500,1.00,7.00,0,3.64211,0,0.00833,0.00333,0.03193,0.01188,,,,,
621.00,6/16/2022 2:12:18 PM,367.392,7.001,1.00,7.00,0,3.64226,0,0.00833,0.00333,0.03193,0.01188,,0.00017,,,
622.00,6/16/2022 2:12:18 PM,367.891,7.500,1.00,7.00,0,3.64233,0,0.00833,0.00333,0.03193,0.01188,,,,,
623.00,6/16/2022 2:12:19 PM,368.392,8.001,1.00,7.00,0,3.64244,0,0.00833,0.00333,0.03193,0.01188,,,,,
624.00,6/16/2022 2:12:19 PM,368.891,8.500,1.00,7.00,0,3.64243,0,0.00833,0.00333,0.03193,0.01188,,,,,
625.00,6/16/2022 2:12:20 PM,369.392,9.001,1.00,7.00,0,3.64245,0,0.00833,0.00333,0.03193,0.01188,,,,,
626.00,6/16/2022 2:12:20 PM,369.891,9.500,1.00,7.00,0,3.64248,0,0.00833,0.00333,0.03193,0.01188,,,,,
627.00,6/16/2022 2:12:21 PM,370.391,10.000,1.00,7.00,0,3.64254,0,0.00833,0.00333,0.03193,0.01188,,,,,
628.00,6/16/2022 2:12:21 PM,370.891,10.500,1.00,7.00,0,3.64254,0,0.00833,0.00333,0.03193,0.01188,,,,,
629.00,6/16/2022 2:12:22 PM,371.392,11.001,1.00,7.00,0,3.64256,0,0.00833,0.00333,0.03193,0.01188,,,,,
630.00,6/16/2022 2:12:22 PM,371.892,11.501,1.00,7.00,0,3.6426,0,0.00833,0.00333,0.03193,0.01188,,,,,
631.00,6/16/2022 2:12:23 PM,372.391,12.000,1.00,7.00,0,3.64263,0,0.00833,0.00333,0.03193,0.01188,,,,,
632.00,6/16/2022 2:12:23 PM,372.891,12.500,1.00,7.00,0,3.64268,0,0.00833,0.00333,0.03193,0.01188,,,,,
633.00,6/16/2022 2:12:24 PM,373.392,13.001,1.00,7.00,0,3.64265,0,0.00833,0.00333,0.03193,0.01188,,,,,
634.00,6/16/2022 2:12:24 PM,373.891,13.500,1.00,7.00,0,3.64259,0,0.00833,0.00333,0.03193,0.01188,,,,,
635.00,6/16/2022 2:12:25 PM,374.391,14.000,1.00,7.00,0,3.64272,0,0.00833,0.00333,0.03193,0.01188,,0.00008,,,
636.00,6/16/2022 2:12:25 PM,374.891,14.500,1.00,7.00,0,3.64272,0,0.00833,0.00333,0.03193,0.01188,,,,,
637.00,6/16/2022 2:12:26 PM,375.392,15.001,1.00,7.00,0,3.64276,0,0.00833,0.00333,0.03193,0.01188,,,,,
638.00,6/16/2022 2:12:26 PM,375.892,15.501,1.00,7.00,0,3.64276,0,0.00833,0.00333,0.03193,0.01188,,,,,
639.00,6/16/2022 2:12:27 PM,376.391,16.000,1.00,7.00,0,3.64277,0,0.00833,0.00333,0.03193,0.01188,,,,,
640.00,6/16/2022 2:12:27 PM,376.892,16.501,1.00,7.00,0,3.64283,0,0.00833,0.00333,0.03193,0.01188,,,,,
641.00,6/16/2022 2:12:28 PM,377.392,17.001,1.00,7.00,0,3.64278,0,0.00833,0.00333,0.03193,0.01188,,,,,
642.00,6/16/2022 2:12:28 PM,377.891,17.500,1.00,7.00,0,3.64272,0,0.00833,0.00333,0.03193,0.01188,,,,,
643.00,6/16/2022 2:12:29 PM,378.391,18.000,1.00,7.00,0,3.64276,0,0.00833,0.00333,0.03193,0.01188,,,,,
644.00,6/16/2022 2:12:29 PM,378.891,18.500,1.00,7.00,0,3.64279,0,0.00833,0.00333,0.03193,0.01188,,,,,
645.00,6/16/2022 2:12:30 PM,379.391,19.000,1.00,7.00,0,3.64285,0,0.00833,0.00333,0.03193,0.01188,,,,,
646.00,6/16/2022 2:12:30 PM,379.892,19.501,1.00,7.00,0,3.64284,0,0.00833,0.00333,0.03193,0.01188,,,,,
647.00,6/16/2022 2:12:31 PM,380.391,20.000,1.00,7.00,0,3.64288,0,0.00833,0.00333,0.03193,0.01188,,,,,
648.00,6/16/2022 2:12:31 PM,380.892,20.501,1.00,7.00,0,3.6429,0,0.00833,0.00333,0.03193,0.01188,,,,,
649.00,6/16/2022 2:12:32 PM,381.391,21.000,1.00,7.00,0,3.64288,0,0.00833,0.00333,0.03193,0.01188,,0.00001,,,
650.00,6/16/2022 2:12:32 PM,381.891,21.500,1.00,7.00,0,3.64281,0,0.00833,0.00333,0.03193,0.01188,,,,,
651.00,6/16/2022 2:12:33 PM,382.391,22.000,1.00,7.00,0,3.64293,0,0.00833,0.00333,0.03193,0.01188,,,,,
652.00,6/16/2022 2:12:33 PM,382.891,22.500,1.00,7.00,0,3.64299,0,0.00833,0.00333,0.03193,0.01188,,,,,
653.00,6/16/2022 2:12:34 PM,383.391,23.000,1.00,7.00,0,3.64298,0,0.00833,0.00333,0.03193,0.01188,,,,,
654.00,6/16/2022 2:12:34 PM,383.892,23.501,1.00,7.00,0,3.64301,0,0.00833,0.00333,0.03193,0.01188,,,,,
655.00,6/16/2022 2:12:35 PM,384.392,24.001,1.00,7.00,0,3.64302,0,0.00833,0.00333,0.03193,0.01188,,,,,
656.00,6/16/2022 2:12:35 PM,384.891,24.500,1.00,7.00,0,3.64301,0,0.00833,0.00333,0.03193,0.01188,,,,,
657.00,6/16/2022 2:12:36 PM,385.391,25.000,1.00,7.00,0,3.64298,0,0.00833,0.00333,0.03193,0.01188,,,,,
658.00,6/16/2022 2:12:36 PM,385.891,25.500,1.00,7.00,0,3.64308,0,0.00833,0.00333,0.03193,0.01188,,,,,
659.00,6/16/2022 2:12:37 PM,386.391,26.000,1.00,7.00,0,3.64316,0,0.00833,0.00333,0.03193,0.01188,,,,,
660.00,6/16/2022 2:12:37 PM,386.893,26.501,1.00,7.00,0,3.64313,0,0.00833,0.00333,0.03193,0.01188,,,,,
661.00,6/16/2022 2:12:38 PM,387.392,27.001,1.00,7.00,0,3.64317,0,0.00833,0.00333,0.03193,0.01188,,,,,
662.00,6/16/2022 2:12:38 PM,387.892,27.501,1.00,7.00,0,3.64331,0,0.00833,0.00333,0.03193,0.01188,,,,,
663.00,6/16/2022 2:12:39 PM,388.391,28.000,1.00,7.00,0,3.64333,0,0.00833,0.00333,0.03193,0.01188,,0.00004,,,
664.00,6/16/2022 2:12:39 PM,388.891,28.500,1.00,7.00,0,3.64333,0,0.00833,0.00333,0.03193,0.01188,,,,,
665.00,6/16/2022 2:12:40 PM,389.391,29.000,1.00,7.00,0,3.64341,0,0.00833,0.00333,0.03193,0.01188,,,,,
666.00,6/16/2022 2:12:40 PM,389.892,29.501,1.00,7.00,0,3.64337,0,0.00833,0.00333,0.03193,0.01188,,,,,
667.00,6/16/2022 2:12:41 PM,390.392,30.001,1.00,7.00,0,3.64316,0,0.00833,0.00333,0.03193,0.01188,,,,,
668.00,6/16/2022 2:12:41 PM,390.891,30.500,1.00,7.00,0,3.64302,0,0.00833,0.00333,0.03193,0.01188,,,,,
669.00,6/16/2022 2:12:42 PM,391.393,31.002,1.00,7.00,0,3.6431,0,0.00833,0.00333,0.03193,0.01188,,,,,
670.00,6/16/2022 2:12:42 PM,391.891,31.500,1.00,7.00,0,3.64298,0,0.00833,0.00333,0.03193,0.01188,,,,,
671.00,6/16/2022 2:12:43 PM,392.391,32.000,1.00,7.00,0,3.64306,0,0.00833,0.00333,0.03193,0.01188,,,,,
672.00,6/16/2022 2:12:43 PM,392.891,32.500,1.00,7.00,0,3.64297,0,0.00833,0.00333,0.03193,0.01188,,,,,
673.00,6/16/2022 2:12:44 PM,393.393,33.002,1.00,7.00,0,3.64311,0,0.00833,0.00333,0.03193,0.01188,,,,,
674.00,6/16/2022 2:12:44 PM,393.891,33.500,1.00,7.00,0,3.64319,0,0.00833,0.00333,0.03193,0.01188,,,,,
675.00,6/16/2022 2:12:45 PM,394.392,34.001,1.00,7.00,0,3.64324,0,0.00833,0.00333,0.03193,0.01188,,0.00004,,,
676.00,6/16/2022 2:12:45 PM,394.892,34.501,1.00,7.00,0,3.6432,0,0.00833,0.00333,0.03193,0.01188,,,,,
677.00,6/16/2022 2:12:46 PM,395.391,35.000,1.00,7.00,0,3.64327,0,0.00833,0.00333,0.03193,0.01188,,,,,
678.00,6/16/2022 2:12:46 PM,395.892,35.501,1.00,7.00,0,3.64324,0,0.00833,0.00333,0.03193,0.01188,,,,,
679.00,6/16/2022 2:12:47 PM,396.392,36.001,1.00,7.00,0,3.64325,0,0.00833,0.00333,0.03193,0.01188,,,,,
680.00,6/16/2022 2:12:47 PM,396.891,36.500,1.00,7.00,0,3.64327,0,0.00833,0.00333,0.03193,0.01188,,,,,
681.00,6/16/2022 2:12:48 PM,397.391,37.000,1.00,7.00,0,3.64327,0,0.00833,0.00333,0.03193,0.01188,,,,,
682.00,6/16/2022 2:12:48 PM,397.891,37.500,1.00,7.00,0,3.64326,0,0.00833,0.00333,0.03193,0.01188,,,,,
683.00,6/16/2022 2:12:49 PM,398.391,38.000,1.00,7.00,0,3.64329,0,0.00833,0.00333,0.03193,0.01188,,,,,
684.00,6/16/2022 2:12:49 PM,398.891,38.500,1.00,7.00,0,3.64329,0,0.00833,0.00333,0.03193,0.01188,,,,,
685.00,6/16/2022 2:12:50 PM,399.391,39.000,1.00,7.00,0,3.64327,0,0.00833,0.00333,0.03193,0.01188,,,,,
686.00,6/16/2022 2:12:50 PM,399.892,39.501,1.00,7.00,0,3.64333,0,0.00833,0.00333,0.03193,0.01188,,,,,
687.00,6/16/2022 2:12:51 PM,400.391,40.000,1.00,7.00,0,3.64328,0,0.00833,0.00333,0.03193,0.01188,,,,,
688.00,6/16/2022 2:12:51 PM,400.891,40.500,1.00,7.00,0,3.64322,0,0.00833,0.00333,0.03193,0.01188,,,,,
689.00,6/16/2022 2:12:52 PM,401.391,41.000,1.00,7.00,0,3.64333,0,0.00833,0.00333,0.03193,0.01188,,0.00002,,,
690.00,6/16/2022 2:12:52 PM,401.892,41.501,1.00,7.00,0,3.64328,0,0.00833,0.00333,0.03193,0.01188,,,,,
691.00,6/16/2022 2:12:53 PM,402.392,42.001,1.00,7.00,0,3.64336,0,0.00833,0.00333,0.03193,0.01188,,,,,
692.00,6/16/2022 2:12:53 PM,402.891,42.500,1.00,7.00,0,3.64334,0,0.00833,0.00333,0.03193,0.01188,,,,,
693.00,6/16/2022 2:12:54 PM,403.391,43.000,1.00,7.00,0,3.64337,0,0.00833,0.00333,0.03193,0.01188,,,,,
694.00,6/16/2022 2:12:54 PM,403.891,43.500,1.00,7.00,0,3.64339,0,0.00833,0.00333,0.03193,0.01188,,,,,
695.00,6/16/2022 2:12:55 PM,404.391,44.000,1.00,7.00,0,3.64342,0,0.00833,0.00333,0.03193,0.01188,,,,,
696.00,6/16/2022 2:12:55 PM,404.891,44.500,1.00,7.00,0,3.64343,0,0.00833,0.00333,0.03193,0.01188,,,,,
697.00,6/16/2022 2:12:56 PM,405.391,45.000,1.00,7.00,0,3.64338,0,0.00833,0.00333,0.03193,0.01188,,,,,
698.00,6/16/2022 2:12:56 PM,405.892,45.501,1.00,7.00,0,3.6434,0,0.00833,0.00333,0.03193,0.01188,,,,,
699.00,6/16/2022 2:12:57 PM,406.391,46.000,1.00,7.00,0,3.64342,0,0.00833,0.00333,0.03193,0.01188,,,,,
700.00,6/16/2022 2:12:57 PM,406.891,46.500,1.00,7.00,0,3.64346,0,0.00833,0.00333,0.03193,0.01188,,,,,
701.00,6/16/2022 2:12:58 PM,407.392,47.001,1.00,7.00,0,3.64343,0,0.00833,0.00333,0.03193,0.01188,,,,,
702.00,6/16/2022 2:12:58 PM,407.892,47.501,1.00,7.00,0,3.64344,0,0.00833,0.00333,0.03193,0.01188,,,,,
703.00,6/16/2022 2:12:59 PM,408.391,48.000,1.00,7.00,0,3.64346,0,0.00833,0.00333,0.03193,0.01188,,0.00003,,,
704.00,6/16/2022 2:12:59 PM,408.891,48.500,1.00,7.00,0,3.64347,0,0.00833,0.00333,0.03193,0.01188,,,,,
705.00,6/16/2022 2:13:00 PM,409.391,49.000,1.00,7.00,0,3.6435,0,0.00833,0.00333,0.03193,0.01188,,,,,
706.00,6/16/2022 2:13:00 PM,409.891,49.500,1.00,7.00,0,3.6435,0,0.00833,0.00333,0.03193,0.01188,,,,,
707.00,6/16/2022 2:13:01 PM,410.391,50.000,1.00,7.00,0,3.64348,0,0.00833,0.00333,0.03193,0.01188,,,,,
708.00,6/16/2022 2:13:01 PM,410.892,50.501,1.00,7.00,0,3.6435,0,0.00833,0.00333,0.03193,0.01188,,,,,
709.00,6/16/2022 2:13:02 PM,411.391,51.000,1.00,7.00,0,3.64353,0,0.00833,0.00333,0.03193,0.01188,,,,,
710.00,6/16/2022 2:13:02 PM,411.891,51.500,1.00,7.00,0,3.64349,0,0.00833,0.00333,0.03193,0.01188,,,,,
711.00,6/16/2022 2:13:03 PM,412.391,52.000,1.00,7.00,0,3.64347,0,0.00833,0.00333,0.03193,0.01188,,,,,
712.00,6/16/2022 2:13:03 PM,412.891,52.500,1.00,7.00,0,3.64367,0,0.00833,0.00333,0.03193,0.01188,,,,,
713.00,6/16/2022 2:13:04 PM,413.392,53.001,1.00,7.00,0,3.64361,0,0.00833,0.00333,0.03193,0.01188,,,,,
714.00,6/16/2022 2:13:04 PM,413.891,53.500,1.00,7.00,0,3.6437,0,0.00833,0.00333,0.03193,0.01188,,,,,
715.00,6/16/2022 2:13:05 PM,414.392,54.001,1.00,7.00,0,3.64373,0,0.00833,0.00333,0.03193,0.01188,,,,,
716.00,6/16/2022 2:13:05 PM,414.891,54.500,1.00,7.00,0,3.64376,0,0.00833,0.00333,0.03193,0.01188,,,,,
717.00,6/16/2022 2:13:06 PM,415.392,55.001,1.00,7.00,0,3.64384,0,0.00833,0.00333,0.03193,0.01188,,0.00003,,,
718.00,6/16/2022 2:13:06 PM,415.891,55.500,1.00,7.00,0,3.64386,0,0.00833,0.00333,0.03193,0.01188,,,,,
719.00,6/16/2022 2:13:07 PM,416.391,56.000,1.00,7.00,0,3.64377,0,0.00833,0.00333,0.03193,0.01188,,,,,
720.00,6/16/2022 2:13:07 PM,416.891,56.500,1.00,7.00,0,3.64376,0,0.00833,0.00333,0.03193,0.01188,,,,,
721.00,6/16/2022 2:13:08 PM,417.391,57.000,1.00,7.00,0,3.64358,0,0.00833,0.00333,0.03193,0.01188,,,,,
722.00,6/16/2022 2:13:08 PM,417.892,57.501,1.00,7.00,0,3.64358,0,0.00833,0.00333,0.03193,0.01188,,,,,
723.00,6/16/2022 2:13:09 PM,418.391,58.000,1.00,7.00,0,3.64355,0,0.00833,0.00333,0.03193,0.01188,,,,,
724.00,6/16/2022 2:13:09 PM,418.891,58.500,1.00,7.00,0,3.6435,0,0.00833,0.00333,0.03193,0.01188,,,,,
725.00,6/16/2022 2:13:10 PM,419.391,59.000,1.00,7.00,0,3.64355,0,0.00833,0.00333,0.03193,0.01188,,,,,
726.00,6/16/2022 2:13:10 PM,419.892,59.501,1.00,7.00,0,3.64356,0,0.00833,0.00333,0.03193,0.01188,,,,,
727.00,6/16/2022 2:13:11 PM,420.392,60.001,1.00,7.00,0,3.64348,0,0.00833,0.00333,0.03193,0.01188,,,,,
728.00,6/16/2022 2:13:11 PM,420.394,60.003,1.00,7.00,0,3.64348,0,0.00833,0.00333,0.03193,0.01188,,0.00003,0.36518,0.00000,0.00000
729.00,6/16/2022 2:13:11 PM,420.945,0.500,1.00,8.00,0.4,3.79221,1.51688,0.00838,0.00333,0.03214,0.01189,,0.02755,,0.00007,13858.72000
730.00,6/16/2022 2:13:12 PM,421.445,1.000,1.00,8.00,0.4,3.79245,1.51698,0.00844,0.00333,0.03235,0.01189,,,,,
731.00,6/16/2022 2:13:12 PM,421.945,1.500,1.00,8.00,0.4,3.79274,1.5171,0.00849,0.00333,0.03256,0.01189,,,,,
732.00,6/16/2022 2:13:13 PM,422.445,2.000,1.00,8.00,0.4,3.79292,1.51717,0.00855,0.00333,0.03277,0.01189,,,,,
733.00,6/16/2022 2:13:13 PM,422.946,2.501,1.00,8.00,0.4,3.79308,1.51723,0.00861,0.00333,0.03298,0.01189,,,,,
734.00,6/16/2022 2:13:14 PM,423.445,3.000,1.00,8.00,0.4,3.79336,1.51734,0.00866,0.00333,0.03319,0.01189,,0.00066,,,
735.00,6/16/2022 2:13:14 PM,423.946,3.501,1.00,8.00,0.4,3.79345,1.51738,0.00872,0.00333,0.0334,0.01189,,,,,
736.00,6/16/2022 2:13:15 PM,424.445,4.000,1.00,8.00,0.4,3.79358,1.51743,0.00877,0.00333,0.03361,0.01189,,,,,
737.00,6/16/2022 2:13:15 PM,424.945,4.500,1.00,8.00,0.4,3.79362,1.51745,0.00883,0.00333,0.03382,0.01189,,,,,
738.00,6/16/2022 2:13:16 PM,425.446,5.001,1.00,8.00,0.4,3.79382,1.51753,0.00888,0.00333,0.03403,0.01189,,,,,
739.00,6/16/2022 2:13:16 PM,425.945,5.500,1.00,8.00,0.4,3.79403,1.51761,0.00894,0.00333,0.03424,0.01189,,,,,
740.00,6/16/2022 2:13:17 PM,426.445,6.000,1.00,8.00,0.4,3.79412,1.51765,0.00899,0.00333,0.03445,0.01189,,,,,
741.00,6/16/2022 2:13:17 PM,426.945,6.500,1.00,8.00,0.4,3.7942,1.51768,0.00905,0.00333,0.03466,0.01189,,,,,
742.00,6/16/2022 2:13:18 PM,427.446,7.001,1.00,8.00,0.4,3.79436,1.51774,0.0091,0.00333,0.03487,0.01189,,0.00028,,,
743.00,6/16/2022 2:13:18 PM,427.945,7.501,1.00,8.00,0.4,3.79443,1.51777,0.00916,0.00333,0.03508,0.01189,,,,,
744.00,6/16/2022 2:13:19 PM,428.445,8.000,1.00,8.00,0.4,3.79453,1.51781,0.00922,0.00333,0.03529,0.01189,,,,,
745.00,6/16/2022 2:13:19 PM,428.945,8.500,1.00,8.00,0.4,3.79463,1.51785,0.00927,0.00333,0.0355,0.01189,,,,,
746.00,6/16/2022 2:13:20 PM,429.445,9.000,1.00,8.00,0.4,3.79468,1.51787,0.00933,0.00333,0.03571,0.01189,,,,,
747.00,6/16/2022 2:13:20 PM,429.945,9.500,1.00,8.00,0.4,3.7948,1.51792,0.00938,0.00333,0.03592,0.01189,,,,,
748.00,6/16/2022 2:13:21 PM,430.445,10.000,1.00,8.00,0.4,3.79492,1.51797,0.00944,0.00333,0.03613,0.01189,,,,,
749.00,6/16/2022 2:13:21 PM,430.945,10.500,1.00,8.00,0.4,3.795,1.518,0.00949,0.00333,0.03634,0.01189,,,,,
750.00,6/16/2022 2:13:22 PM,431.446,11.001,1.00,8.00,0.4,3.79508,1.51803,0.00955,0.00333,0.03656,0.01189,,,,,
751.00,6/16/2022 2:13:22 PM,431.946,11.501,1.00,8.00,0.4,3.79513,1.51805,0.0096,0.00333,0.03677,0.01189,,,,,
752.00,6/16/2022 2:13:23 PM,432.445,12.000,1.00,8.00,0.4,3.79527,1.51811,0.00966,0.00333,0.03698,0.01189,,0.00021,,,
753.00,6/16/2022 2:13:23 PM,432.945,12.500,1.00,8.00,0.4,3.79537,1.51815,0.00971,0.00333,0.03719,0.01189,,,,,
754.00,6/16/2022 2:13:24 PM,433.445,13.000,1.00,8.00,0.4,3.79543,1.51817,0.00977,0.00333,0.0374,0.01189,,,,,
755.00,6/16/2022 2:13:24 PM,433.945,13.500,1.00,8.00,0.4,3.79553,1.51821,0.00983,0.00333,0.03761,0.01189,,,,,
756.00,6/16/2022 2:13:25 PM,434.445,14.000,1.00,8.00,0.4,3.79563,1.51825,0.00988,0.00333,0.03782,0.01189,,,,,
757.00,6/16/2022 2:13:25 PM,434.945,14.500,1.00,8.00,0.4,3.79569,1.51828,0.00994,0.00333,0.03803,0.01189,,,,,
758.00,6/16/2022 2:13:26 PM,435.445,15.000,1.00,8.00,0.4,3.79577,1.51831,0.00999,0.00333,0.03824,0.01189,,,,,
759.00,6/16/2022 2:13:26 PM,435.945,15.500,1.00,8.00,0.4,3.79567,1.51827,0.01005,0.00333,0.03845,0.01189,,,,,
760.00,6/16/2022 2:13:27 PM,436.445,16.000,1.00,8.00,0.4,3.79597,1.51839,0.0101,0.00333,0.03866,0.01189,,,,,
761.00,6/16/2022 2:13:27 PM,436.945,16.500,1.00,8.00,0.4,3.79597,1.51839,0.01016,0.00333,0.03887,0.01189,,,,,
762.00,6/16/2022 2:13:28 PM,437.446,17.001,1.00,8.00,0.4,3.79612,1.51845,0.01021,0.00333,0.03908,0.01189,,,,,
763.00,6/16/2022 2:13:28 PM,437.946,17.501,1.00,8.00,0.4,3.79617,1.51847,0.01027,0.00333,0.03929,0.01189,,,,,
764.00,6/16/2022 2:13:29 PM,438.445,18.000,1.00,8.00,0.4,3.79631,1.51852,0.01033,0.00333,0.0395,0.01189,,0.00017,,,
765.00,6/16/2022 2:13:29 PM,438.945,18.500,1.00,8.00,0.4,3.79641,1.51856,0.01038,0.00333,0.03971,0.01189,,,,,
766.00,6/16/2022 2:13:30 PM,439.445,19.000,1.00,8.00,0.4,3.79651,1.5186,0.01044,0.00333,0.03992,0.01189,,,,,
767.00,6/16/2022 2:13:30 PM,439.945,19.500,1.00,8.00,0.4,3.79659,1.51864,0.01049,0.00333,0.04013,0.01189,,,,,
768.00,6/16/2022 2:13:31 PM,440.445,20.000,1.00,8.00,0.4,3.79654,1.51862,0.01055,0.00333,0.04034,0.01189,,,,0.43927,
769.00,6/16/2022 2:13:31 PM,440.946,20.501,1.00,8.00,0.4,3.79683,1.51873,0.0106,0.00333,0.04056,0.01189,,,,,
770.00,6/16/2022 2:13:32 PM,441.445,21.000,1.00,8.00,0.4,3.79697,1.51879,0.01066,0.00333,0.04077,0.01189,,,,,
771.00,6/16/2022 2:13:32 PM,441.945,21.500,1.00,8.00,0.4,3.79701,1.5188,0.01071,0.00333,0.04098,0.01189,,,,,
772.00,6/16/2022 2:13:33 PM,442.445,22.000,1.00,8.00,0.4,3.79708,1.51883,0.01077,0.00333,0.04119,0.01189,,,,,
773.00,6/16/2022 2:13:33 PM,442.946,22.501,1.00,8.00,0.4,3.79718,1.51887,0.01082,0.00333,0.0414,0.01189,,,,,
774.00,6/16/2022 2:13:34 PM,443.446,23.001,1.00,8.00,0.4,3.7971,1.51884,0.01088,0.00333,0.04161,0.01189,,,,,
775.00,6/16/2022 2:13:34 PM,443.945,23.500,1.00,8.00,0.4,3.79704,1.51882,0.01094,0.00333,0.04182,0.01189,,,,,
776.00,6/16/2022 2:13:35 PM,444.445,24.000,1.00,8.00,0.4,3.79701,1.5188,0.01099,0.00333,0.04203,0.01189,,0.00018,,,
777.00,6/16/2022 2:13:35 PM,444.946,24.501,1.00,8.00,0.4,3.79698,1.51879,0.01105,0.00333,0.04224,0.01189,,,,,
778.00,6/16/2022 2:13:36 PM,445.445,25.000,1.00,8.00,0.4,3.7971,1.51884,0.0111,0.00333,0.04245,0.01189,,,,,
779.00,6/16/2022 2:13:36 PM,445.945,25.500,1.00,8.00,0.4,3.79716,1.51886,0.01116,0.00333,0.04266,0.01189,,,,,
780.00,6/16/2022 2:13:37 PM,446.445,26.000,1.00,8.00,0.4,3.79714,1.51886,0.01121,0.00333,0.04287,0.01189,,,,,
781.00,6/16/2022 2:13:37 PM,446.946,26.501,1.00,8.00,0.4,3.7973,1.51892,0.01127,0.00333,0.04308,0.01189,,,,,
782.00,6/16/2022 2:13:38 PM,447.445,27.000,1.00,8.00,0.4,3.79742,1.51897,0.01132,0.00333,0.04329,0.01189,,,,,
783.00,6/16/2022 2:13:38 PM,447.945,27.500,1.00,8.00,0.4,3.79737,1.51895,0.01138,0.00333,0.0435,0.01189,,,,,
784.00,6/16/2022 2:13:39 PM,448.445,28.000,1.00,8.00,0.4,3.79748,1.51899,0.01143,0.00333,0.04371,0.01189,,,,,
785.00,6/16/2022 2:13:39 PM,448.946,28.501,1.00,8.00,0.4,3.79761,1.51904,0.01149,0.00333,0.04392,0.01189,,,,,
786.00,6/16/2022 2:13:40 PM,449.445,29.000,1.00,8.00,0.4,3.79764,1.51906,0.01155,0.00333,0.04414,0.01189,,,,,
787.00,6/16/2022 2:13:40 PM,449.946,29.501,1.00,8.00,0.4,3.7977,1.51908,0.0116,0.00333,0.04435,0.01189,,,,,
788.00,6/16/2022 2:13:41 PM,450.445,30.000,1.00,8.00,0.4,3.79776,1.5191,0.01166,0.00333,0.04456,0.01189,,,,,
789.00,6/16/2022 2:13:41 PM,450.945,30.500,1.00,8.00,0.4,3.79781,1.51912,0.01171,0.00333,0.04477,0.01189,,,,,
790.00,6/16/2022 2:13:42 PM,451.445,31.000,1.00,8.00,0.4,3.79783,1.51913,0.01177,0.00333,0.04498,0.01189,,0.00013,,,
791.00,6/16/2022 2:13:42 PM,451.945,31.500,1.00,8.00,0.4,3.79786,1.51914,0.01182,0.00333,0.04519,0.01189,,,,,
792.00,6/16/2022 2:13:43 PM,452.446,32.001,1.00,8.00,0.4,3.79798,1.51919,0.01188,0.00333,0.0454,0.01189,,,,,
793.00,6/16/2022 2:13:43 PM,452.946,32.501,1.00,8.00,0.4,3.79801,1.5192,0.01193,0.00333,0.04561,0.01189,,,,,
794.00,6/16/2022 2:13:44 PM,453.445,33.000,1.00,8.00,0.4,3.79809,1.51924,0.01199,0.00333,0.04582,0.01189,,,,,
795.00,6/16/2022 2:13:44 PM,453.945,33.500,1.00,8.00,0.4,3.79803,1.51921,0.01204,0.00333,0.04603,0.01189,,,,,
796.00,6/16/2022 2:13:45 PM,454.446,34.001,1.00,8.00,0.4,3.79818,1.51927,0.0121,0.00333,0.04624,0.01189,,,,,
797.00,6/16/2022 2:13:45 PM,454.945,34.500,1.00,8.00,0.4,3.79825,1.5193,0.01216,0.00333,0.04645,0.01189,,,,,
798.00,6/16/2022 2:13:46 PM,455.445,35.000,1.00,8.00,0.4,3.79827,1.51931,0.01221,0.00333,0.04666,0.01189,,,,,
799.00,6/16/2022 2:13:46 PM,455.946,35.501,1.00,8.00,0.4,3.79833,1.51933,0.01227,0.00333,0.04687,0.01189,,,,,
800.00,6/16/2022 2:13:47 PM,456.445,36.000,1.00,8.00,0.4,3.79833,1.51933,0.01232,0.00333,0.04708,0.01189,,,,,
801.00,6/16/2022 2:13:47 PM,456.946,36.501,1.00,8.00,0.4,3.79844,1.51938,0.01238,0.00333,0.0473,0.01189,,,,,
802.00,6/16/2022 2:13:48 PM,457.445,37.000,1.00,8.00,0.4,3.79848,1.51939,0.01243,0.00333,0.04751,0.01189,,,,,
803.00,6/16/2022 2:13:48 PM,457.945,37.500,1.00,8.00,0.4,3.7986,1.51944,0.01249,0.00333,0.04772,0.01189,,,,,
804.00,6/16/2022 2:13:49 PM,458.446,38.001,1.00,8.00,0.4,3.79861,1.51944,0.01254,0.00333,0.04793,0.01189,,0.00011,,,
805.00,6/16/2022 2:13:49 PM,458.946,38.501,1.00,8.00,0.4,3.79866,1.51946,0.0126,0.00333,0.04814,0.01189,,,,,
806.00,6/16/2022 2:13:50 PM,459.445,39.000,1.00,8.00,0.4,3.79857,1.51943,0.01265,0.00333,0.04835,0.01189,,,,,
807.00,6/16/2022 2:13:50 PM,459.945,39.500,1.00,8.00,0.4,3.79858,1.51943,0.01271,0.00333,0.04856,0.01189,,,,,
808.00,6/16/2022 2:13:51 PM,460.445,40.000,1.00,8.00,0.4,3.79873,1.51949,0.01277,0.00333,0.04877,0.01189,,,,,
809.00,6/16/2022 2:13:51 PM,460.946,40.501,1.00,8.00,0.4,3.79879,1.51952,0.01282,0.00333,0.04898,0.01189,,,,,
810.00,6/16/2022 2:13:52 PM,461.445,41.000,1.00,8.00,0.4,3.79883,1.51953,0.01288,0.00333,0.04919,0.01189,,,,,
811.00,6/16/2022 2:13:52 PM,461.946,41.502,1.00,8.00,0.4,3.79881,1.51952,0.01293,0.00333,0.0494,0.01189,,,,,
812.00,6/16/2022 2:13:53 PM,462.445,42.000,1.00,8.00,0.4,3.79897,1.51959,0.01299,0.00333,0.04961,0.01189,,,,,
813.00,6/16/2022 2:13:53 PM,462.945,42.500,1.00,8.00,0.4,3.79898,1.51959,0.01304,0.00333,0.04982,0.01189,,,,,
814.00,6/16/2022 2:13:54 PM,463.446,43.001,1.00,8.00,0.4,3.79904,1.51962,0.0131,0.00333,0.05004,0.01189,,,,,
815.00,6/16/2022 2:13:54 PM,463.946,43.501,1.00,8.00,0.4,3.79907,1.51963,0.01315,0.00333,0.05025,0.01189,,,,,
816.00,6/16/2022 2:13:55 PM,464.445,44.000,1.00,8.00,0.4,3.79917,1.51967,0.01321,0.00333,0.05046,0.01189,,,,,
817.00,6/16/2022 2:13:55 PM,464.946,44.501,1.00,8.00,0.4,3.79923,1.51969,0.01326,0.00333,0.05067,0.01189,,,,,
818.00,6/16/2022 2:13:56 PM,465.445,45.000,1.00,8.00,0.4,3.79933,1.51973,0.01332,0.00333,0.05088,0.01189,,0.00009,,,
819.00,6/16/2022 2:13:56 PM,465.945,45.500,1.00,8.00,0.4,3.79938,1.51975,0.01338,0.00333,0.05109,0.01189,,,,,
820.00,6/16/2022 2:13:57 PM,466.445,46.000,1.00,8.00,0.4,3.7994,1.51976,0.01343,0.00333,0.0513,0.01189,,,,,
821.00,6/16/2022 2:13:57 PM,466.946,46.501,1.00,8.00,0.4,3.79945,1.51978,0.01349,0.00333,0.05151,0.01189,,,,,
822.00,6/16/2022 2:13:58 PM,467.445,47.000,1.00,8.00,0.4,3.79959,1.51984,0.01354,0.00333,0.05172,0.01189,,,,,
823.00,6/16/2022 2:13:58 PM,467.946,47.501,1.00,8.00,0.4,3.79959,1.51984,0.0136,0.00333,0.05193,0.01189,,,,,
824.00,6/16/2022 2:13:59 PM,468.445,48.000,1.00,8.00,0.4,3.79971,1.51988,0.01365,0.00333,0.05214,0.01189,,,,,
825.00,6/16/2022 2:13:59 PM,468.946,48.501,1.00,8.00,0.4,3.79966,1.51986,0.01371,0.00333,0.05235,0.01189,,,,,
826.00,6/16/2022 2:14:00 PM,469.445,49.000,1.00,8.00,0.4,3.79972,1.51989,0.01376,0.00333,0.05256,0.01189,,,,,
827.00,6/16/2022 2:14:00 PM,469.945,49.500,1.00,8.00,0.4,3.7994,1.51976,0.01382,0.00333,0.05277,0.01189,,,,,
828.00,6/16/2022 2:14:01 PM,470.445,50.000,1.00,8.00,0.4,3.79951,1.5198,0.01387,0.00333,0.05299,0.01189,,,,,
829.00,6/16/2022 2:14:01 PM,470.945,50.500,1.00,8.00,0.4,3.79942,1.51977,0.01393,0.00333,0.0532,0.01189,,,,,
830.00,6/16/2022 2:14:02 PM,471.445,51.000,1.00,8.00,0.4,3.79963,1.51985,0.01399,0.00333,0.05341,0.01189,,0.00013,,,
831.00,6/16/2022 2:14:02 PM,471.945,51.500,1.00,8.00,0.4,3.79978,1.51991,0.01404,0.00333,0.05362,0.01189,,,,,
832.00,6/16/2022 2:14:03 PM,472.445,52.000,1.00,8.00,0.4,3.79974,1.5199,0.0141,0.00333,0.05383,0.01189,,,,,
833.00,6/16/2022 2:14:03 PM,472.946,52.501,1.00,8.00,0.4,3.79984,1.51994,0.01415,0.00333,0.05404,0.01189,,,,,
834.00,6/16/2022 2:14:04 PM,473.445,53.000,1.00,8.00,0.4,3.79981,1.51992,0.01421,0.00333,0.05425,0.01189,,,,,
835.00,6/16/2022 2:14:04 PM,473.945,53.500,1.00,8.00,0.4,3.79985,1.51994,0.01426,0.00333,0.05446,0.01189,,,,,
836.00,6/16/2022 2:14:05 PM,474.445,54.000,1.00,8.00,0.4,3.7999,1.51996,0.01432,0.00333,0.05467,0.01189,,,,,
837.00,6/16/2022 2:14:05 PM,474.946,54.501,1.00,8.00,0.4,3.79994,1.51998,0.01437,0.00333,0.05488,0.01189,,,,,
838.00,6/16/2022 2:14:06 PM,475.445,55.000,1.00,8.00,0.4,3.79997,1.51999,0.01443,0.00333,0.05509,0.01189,,,,,
839.00,6/16/2022 2:14:06 PM,475.945,55.500,1.00,8.00,0.4,3.8,1.52,0.01449,0.00333,0.0553,0.01189,,,,,
840.00,6/16/2022 2:14:07 PM,476.445,56.000,1.00,8.00,0.4,3.80005,1.52002,0.01454,0.00333,0.05551,0.01189,,,,,
841.00,6/16/2022 2:14:07 PM,476.946,56.501,1.00,8.00,0.4,3.80006,1.52002,0.0146,0.00333,0.05573,0.01189,,,,,
842.00,6/16/2022 2:14:08 PM,477.445,57.000,1.00,8.00,0.4,3.80014,1.52006,0.01465,0.00333,0.05594,0.01189,,,,,
843.00,6/16/2022 2:14:08 PM,477.946,57.501,1.00,8.00,0.4,3.80016,1.52006,0.01471,0.00333,0.05615,0.01189,,,,,
844.00,6/16/2022 2:14:09 PM,478.445,58.000,1.00,8.00,0.4,3.80021,1.52008,0.01476,0.00333,0.05636,0.01189,,0.00007,,,
845.00,6/16/2022 2:14:09 PM,478.945,58.500,1.00,8.00,0.4,3.80022,1.52009,0.01482,0.00333,0.05657,0.01189,,,,,
846.00,6/16/2022 2:14:10 PM,479.445,59.000,1.00,8.00,0.4,3.80024,1.5201,0.01487,0.00333,0.05678,0.01189,,,,,
847.00,6/16/2022 2:14:10 PM,479.945,59.501,1.00,8.00,0.4,3.80027,1.52011,0.01493,0.00333,0.05699,0.01189,,,,,
848.00,6/16/2022 2:14:11 PM,480.446,60.001,1.00,8.00,0.4,3.8003,1.52012,0.01498,0.00333,0.0572,0.01189,,,,,
849.00,6/16/2022 2:14:11 PM,480.447,60.003,1.00,8.00,0.4,3.80031,1.52012,0.01498,0.00333,0.0572,0.01189,,0.00007,0.36518,0.43927,13858.72000
