Device,Current (mA),Timestamp
INA219,11.000,2022-06-16 18:06:22.153097+00:00
INA219,11.300,2022-06-16 18:06:22.599197+00:00
INA219,11.400,2022-06-16 18:06:23.166212+00:00
INA219,11.200,2022-06-16 18:06:23.611311+00:00
INA219,11.000,2022-06-16 18:06:24.182787+00:00
INA219,11.000,2022-06-16 18:06:24.636255+00:00
INA219,11.100,2022-06-16 18:06:25.195478+00:00
INA219,10.900,2022-06-16 18:06:25.662635+00:00
INA219,11.300,2022-06-16 18:06:26.219754+00:00
INA219,11.000,2022-06-16 18:06:26.689982+00:00
INA219,11.100,2022-06-16 18:06:27.249858+00:00
INA219,11.200,2022-06-16 18:06:27.714796+00:00
INA219,10.900,2022-06-16 18:06:28.275564+00:00
INA219,10.900,2022-06-16 18:06:28.743800+00:00
INA219,11.000,2022-06-16 18:06:29.302870+00:00
INA219,10.900,2022-06-16 18:06:29.770497+00:00
INA219,11.200,2022-06-16 18:06:30.332069+00:00
INA219,11.100,2022-06-16 18:06:30.795522+00:00
INA219,11.000,2022-06-16 18:06:31.350742+00:00
INA219,11.400,2022-06-16 18:06:31.818522+00:00
INA219,11.000,2022-06-16 18:06:32.378576+00:00
INA219,11.000,2022-06-16 18:06:32.842478+00:00
INA219,11.100,2022-06-16 18:06:33.400045+00:00
INA219,10.900,2022-06-16 18:06:33.864890+00:00
INA219,11.200,2022-06-16 18:06:34.424727+00:00
INA219,10.800,2022-06-16 18:06:34.892791+00:00
INA219,11.200,2022-06-16 18:06:35.451319+00:00
INA219,11.200,2022-06-16 18:06:35.918244+00:00
INA219,11.300,2022-06-16 18:06:36.473470+00:00
INA219,10.800,2022-06-16 18:06:36.935451+00:00
INA219,11.400,2022-06-16 18:06:37.496286+00:00
INA219,11.300,2022-06-16 18:06:37.960626+00:00
INA219,11.300,2022-06-16 18:06:38.519347+00:00
INA219,11.000,2022-06-16 18:06:38.975522+00:00
INA219,11.300,2022-06-16 18:06:39.539219+00:00
INA219,11.000,2022-06-16 18:06:39.988293+00:00
INA219,11.200,2022-06-16 18:06:40.547475+00:00
INA219,11.200,2022-06-16 18:06:41.014109+00:00
INA219,11.000,2022-06-16 18:06:41.576077+00:00
INA219,11.300,2022-06-16 18:06:42.028993+00:00
INA219,11.000,2022-06-16 18:06:42.589454+00:00
INA219,11.100,2022-06-16 18:06:43.056037+00:00
INA219,11.100,2022-06-16 18:06:43.615860+00:00
INA219,11.100,2022-06-16 18:06:44.084313+00:00
INA219,11.000,2022-06-16 18:06:44.645033+00:00
INA219,11.000,2022-06-16 18:06:45.112727+00:00
INA219,10.900,2022-06-16 18:06:45.653535+00:00
INA219,11.000,2022-06-16 18:06:46.132283+00:00
INA219,11.200,2022-06-16 18:06:46.697077+00:00
INA219,10.900,2022-06-16 18:06:47.164097+00:00
INA219,11.100,2022-06-16 18:06:47.722094+00:00
INA219,10.900,2022-06-16 18:06:48.176406+00:00
INA219,11.000,2022-06-16 18:06:48.732096+00:00
INA219,11.000,2022-06-16 18:06:49.199238+00:00
INA219,11.300,2022-06-16 18:06:49.758502+00:00
INA219,11.100,2022-06-16 18:06:50.212051+00:00
INA219,11.300,2022-06-16 18:06:50.775237+00:00
INA219,11.000,2022-06-16 18:06:51.239039+00:00
INA219,10.900,2022-06-16 18:06:51.799888+00:00
INA219,11.200,2022-06-16 18:06:52.261891+00:00
INA219,10.900,2022-06-16 18:06:52.822316+00:00
INA219,10.800,2022-06-16 18:06:53.289470+00:00
INA219,11.000,2022-06-16 18:06:53.850676+00:00
INA219,11.200,2022-06-16 18:06:54.319506+00:00
INA219,10.800,2022-06-16 18:06:54.879243+00:00
INA219,11.200,2022-06-16 18:06:55.347604+00:00
INA219,11.200,2022-06-16 18:06:55.903340+00:00
INA219,10.700,2022-06-16 18:06:56.366805+00:00
INA219,11.000,2022-06-16 18:06:56.925899+00:00
INA219,11.100,2022-06-16 18:06:57.393730+00:00
INA219,11.200,2022-06-16 18:06:57.955211+00:00
INA219,11.200,2022-06-16 18:06:58.418750+00:00
INA219,11.200,2022-06-16 18:06:58.976193+00:00
INA219,11.100,2022-06-16 18:06:59.443482+00:00
INA219,11.200,2022-06-16 18:06:59.986283+00:00
INA219,11.000,2022-06-16 18:07:00.456861+00:00
INA219,10.900,2022-06-16 18:07:01.014178+00:00
INA219,11.000,2022-06-16 18:07:01.481433+00:00
INA219,11.000,2022-06-16 18:07:02.022336+00:00
INA219,11.000,2022-06-16 18:07:02.504904+00:00
INA219,11.000,2022-06-16 18:07:03.060117+00:00
INA219,10.900,2022-06-16 18:07:03.529883+00:00
INA219,11.000,2022-06-16 18:07:04.088993+00:00
INA219,11.000,2022-06-16 18:07:04.556018+00:00
INA219,11.200,2022-06-16 18:07:05.113986+00:00
INA219,10.800,2022-06-16 18:07:05.580600+00:00
INA219,11.000,2022-06-16 18:07:06.143265+00:00
INA219,11.000,2022-06-16 18:07:06.597483+00:00
INA219,11.000,2022-06-16 18:07:07.160892+00:00
INA219,11.200,2022-06-16 18:07:07.612254+00:00
INA219,10.800,2022-06-16 18:07:08.175434+00:00
INA219,11.000,2022-06-16 18:07:08.627395+00:00
INA219,11.200,2022-06-16 18:07:09.188292+00:00
INA219,11.200,2022-06-16 18:07:09.655327+00:00
INA219,11.100,2022-06-16 18:07:10.215301+00:00
INA219,10.800,2022-06-16 18:07:10.683019+00:00
INA219,11.200,2022-06-16 18:07:11.239065+00:00
INA219,11.200,2022-06-16 18:07:11.704036+00:00
INA219,11.000,2022-06-16 18:07:12.244223+00:00
INA219,11.100,2022-06-16 18:07:12.725445+00:00
INA219,11.000,2022-06-16 18:07:13.284863+00:00
INA219,11.400,2022-06-16 18:07:13.749106+00:00
INA219,10.900,2022-06-16 18:07:14.302651+00:00
INA219,11.400,2022-06-16 18:07:14.769596+00:00
INA219,11.000,2022-06-16 18:07:15.325772+00:00
INA219,11.000,2022-06-16 18:07:15.793142+00:00
INA219,11.200,2022-06-16 18:07:16.354283+00:00
INA219,11.200,2022-06-16 18:07:16.820194+00:00
INA219,11.200,2022-06-16 18:07:17.375735+00:00
INA219,11.300,2022-06-16 18:07:17.841000+00:00
INA219,11.200,2022-06-16 18:07:18.398086+00:00
INA219,11.200,2022-06-16 18:07:18.862788+00:00
INA219,11.200,2022-06-16 18:07:19.419767+00:00
INA219,11.100,2022-06-16 18:07:19.882331+00:00
INA219,10.900,2022-06-16 18:07:20.443983+00:00
INA219,11.000,2022-06-16 18:07:20.912945+00:00
INA219,10.800,2022-06-16 18:07:21.475912+00:00
INA219,11.000,2022-06-16 18:07:21.927174+00:00
INA219,11.400,2022-06-16 18:07:22.487294+00:00
INA219,11.100,2022-06-16 18:07:22.952960+00:00
INA219,11.200,2022-06-16 18:07:23.500074+00:00
INA219,11.000,2022-06-16 18:07:23.964167+00:00
INA219,11.200,2022-06-16 18:07:24.512841+00:00
INA219,10.900,2022-06-16 18:07:24.995816+00:00
INA219,10.900,2022-06-16 18:07:25.556004+00:00
INA219,11.000,2022-06-16 18:07:26.022924+00:00
INA219,10.800,2022-06-16 18:07:26.580475+00:00
INA219,11.300,2022-06-16 18:07:27.045882+00:00
INA219,11.200,2022-06-16 18:07:27.607238+00:00
INA219,10.800,2022-06-16 18:07:28.069101+00:00
INA219,10.900,2022-06-16 18:07:28.629085+00:00
INA219,11.000,2022-06-16 18:07:29.095094+00:00
INA219,10.900,2022-06-16 18:07:29.654264+00:00
INA219,11.000,2022-06-16 18:07:30.124296+00:00
INA219,11.300,2022-06-16 18:07:30.684313+00:00
INA219,11.200,2022-06-16 18:07:31.149769+00:00
INA219,11.000,2022-06-16 18:07:31.709832+00:00
INA219,11.100,2022-06-16 18:07:32.163078+00:00
INA219,11.200,2022-06-16 18:07:32.715111+00:00
INA219,11.000,2022-06-16 18:07:33.182486+00:00
INA219,11.200,2022-06-16 18:07:33.746075+00:00
INA219,11.000,2022-06-16 18:07:34.212706+00:00
INA219,11.100,2022-06-16 18:07:34.772889+00:00
INA219,11.100,2022-06-16 18:07:35.236313+00:00
INA219,11.300,2022-06-16 18:07:35.780913+00:00
INA219,11.500,2022-06-16 18:07:36.262378+00:00
INA219,10.900,2022-06-16 18:07:36.823230+00:00
INA219,11.100,2022-06-16 18:07:37.273865+00:00
INA219,11.000,2022-06-16 18:07:37.831875+00:00
INA219,11.000,2022-06-16 18:07:38.298945+00:00
INA219,10.900,2022-06-16 18:07:38.859449+00:00
INA219,11.000,2022-06-16 18:07:39.324444+00:00
INA219,10.800,2022-06-16 18:07:39.885610+00:00
INA219,11.100,2022-06-16 18:07:40.354937+00:00
INA219,11.000,2022-06-16 18:07:40.917058+00:00
INA219,11.200,2022-06-16 18:07:41.370494+00:00
INA219,11.200,2022-06-16 18:07:41.927095+00:00
INA219,10.900,2022-06-16 18:07:42.390884+00:00
INA219,10.900,2022-06-16 18:07:42.950885+00:00
INA219,11.200,2022-06-16 18:07:43.417313+00:00
INA219,11.000,2022-06-16 18:07:43.977196+00:00
INA219,11.000,2022-06-16 18:07:44.431370+00:00
INA219,11.300,2022-06-16 18:07:44.989916+00:00
INA219,11.200,2022-06-16 18:07:45.449767+00:00
INA219,11.000,2022-06-16 18:07:46.008509+00:00
INA219,11.100,2022-06-16 18:07:46.476674+00:00
INA219,11.500,2022-06-16 18:07:47.036652+00:00
INA219,11.100,2022-06-16 18:07:47.503706+00:00
INA219,11.300,2022-06-16 18:07:48.064622+00:00
INA219,11.200,2022-06-16 18:07:48.532668+00:00
INA219,11.200,2022-06-16 18:07:49.090874+00:00
INA219,10.800,2022-06-16 18:07:49.555658+00:00
INA219,10.800,2022-06-16 18:07:50.112779+00:00
INA219,10.900,2022-06-16 18:07:50.565543+00:00
INA219,11.200,2022-06-16 18:07:51.105218+00:00
INA219,11.300,2022-06-16 18:07:51.586242+00:00
INA219,11.200,2022-06-16 18:07:52.149806+00:00
INA219,10.900,2022-06-16 18:07:52.601682+00:00
INA219,11.200,2022-06-16 18:07:53.162023+00:00
INA219,11.300,2022-06-16 18:07:53.623315+00:00
INA219,10.900,2022-06-16 18:07:54.183820+00:00
INA219,11.200,2022-06-16 18:07:54.647503+00:00
INA219,11.100,2022-06-16 18:07:55.205761+00:00
INA219,11.300,2022-06-16 18:07:55.670224+00:00
INA219,11.300,2022-06-16 18:07:56.226020+00:00
INA219,11.400,2022-06-16 18:07:56.692864+00:00
INA219,11.000,2022-06-16 18:07:57.238027+00:00
INA219,11.100,2022-06-16 18:07:57.715587+00:00
INA219,11.200,2022-06-16 18:07:58.275248+00:00
INA219,11.300,2022-06-16 18:07:58.744054+00:00
INA219,11.000,2022-06-16 18:07:59.305662+00:00
INA219,11.300,2022-06-16 18:07:59.771417+00:00
INA219,11.100,2022-06-16 18:08:00.326070+00:00
INA219,11.300,2022-06-16 18:08:00.791939+00:00
INA219,11.200,2022-06-16 18:08:01.349665+00:00
INA219,10.900,2022-06-16 18:08:01.815355+00:00
INA219,11.000,2022-06-16 18:08:02.377863+00:00
INA219,11.200,2022-06-16 18:08:02.827474+00:00
INA219,11.000,2022-06-16 18:08:03.389271+00:00
INA219,11.300,2022-06-16 18:08:03.855990+00:00
INA219,10.900,2022-06-16 18:08:04.413107+00:00
INA219,11.000,2022-06-16 18:08:04.867566+00:00
INA219,10.900,2022-06-16 18:08:05.425561+00:00
INA219,11.000,2022-06-16 18:08:05.894795+00:00
INA219,11.200,2022-06-16 18:08:06.437985+00:00
INA219,11.000,2022-06-16 18:08:06.923765+00:00
INA219,11.300,2022-06-16 18:08:07.486768+00:00
INA219,11.100,2022-06-16 18:08:07.940441+00:00
INA219,11.000,2022-06-16 18:08:08.483563+00:00
INA219,10.900,2022-06-16 18:08:08.965350+00:00
INA219,11.000,2022-06-16 18:08:09.522971+00:00
INA219,11.100,2022-06-16 18:08:09.986620+00:00
INA219,11.300,2022-06-16 18:08:10.543028+00:00
INA219,11.300,2022-06-16 18:08:11.009596+00:00
INA219,10.900,2022-06-16 18:08:11.553571+00:00
INA219,11.100,2022-06-16 18:08:12.027217+00:00
INA219,11.000,2022-06-16 18:08:12.586853+00:00
INA219,11.000,2022-06-16 18:08:13.050640+00:00
INA219,11.200,2022-06-16 18:08:13.611414+00:00
INA219,11.000,2022-06-16 18:08:14.077558+00:00
INA219,11.200,2022-06-16 18:08:14.638394+00:00
INA219,11.000,2022-06-16 18:08:15.102921+00:00
INA219,11.000,2022-06-16 18:08:15.666596+00:00
INA219,11.400,2022-06-16 18:08:16.133330+00:00
INA219,10.900,2022-06-16 18:08:16.693760+00:00
INA219,10.700,2022-06-16 18:08:17.160243+00:00
INA219,10.900,2022-06-16 18:08:17.722004+00:00
INA219,11.100,2022-06-16 18:08:18.188534+00:00
INA219,11.000,2022-06-16 18:08:18.751566+00:00
INA219,11.000,2022-06-16 18:08:19.198629+00:00
INA219,10.900,2022-06-16 18:08:19.757645+00:00
INA219,11.000,2022-06-16 18:08:20.222532+00:00
INA219,11.400,2022-06-16 18:08:20.785388+00:00
INA219,11.200,2022-06-16 18:08:21.236403+00:00
INA219,11.000,2022-06-16 18:08:21.792775+00:00
INA219,11.200,2022-06-16 18:08:22.261179+00:00
INA219,10.900,2022-06-16 18:08:22.819159+00:00
INA219,11.000,2022-06-16 18:08:23.286150+00:00
INA219,11.200,2022-06-16 18:08:23.843216+00:00
INA219,11.100,2022-06-16 18:08:24.308374+00:00
INA219,11.200,2022-06-16 18:08:24.875191+00:00
INA219,11.100,2022-06-16 18:08:25.323203+00:00
INA219,11.300,2022-06-16 18:08:25.895181+00:00
INA219,11.000,2022-06-16 18:08:26.332640+00:00
INA219,11.000,2022-06-16 18:08:26.894583+00:00
INA219,10.800,2022-06-16 18:08:27.358013+00:00
INA219,11.400,2022-06-16 18:08:27.913694+00:00
INA219,11.200,2022-06-16 18:08:28.365968+00:00
INA219,11.300,2022-06-16 18:08:28.924956+00:00
INA219,11.000,2022-06-16 18:08:29.380668+00:00
INA219,10.800,2022-06-16 18:08:29.939401+00:00
INA219,11.300,2022-06-16 18:08:30.407248+00:00
INA219,11.000,2022-06-16 18:08:30.967413+00:00
INA219,11.100,2022-06-16 18:08:31.409150+00:00
INA219,11.200,2022-06-16 18:08:31.928527+00:00
INA219,11.100,2022-06-16 18:08:32.416279+00:00
INA219,11.300,2022-06-16 18:08:32.921392+00:00
INA219,11.400,2022-06-16 18:08:33.425197+00:00
INA219,11.200,2022-06-16 18:08:33.929106+00:00
INA219,11.400,2022-06-16 18:08:34.476604+00:00
INA219,11.000,2022-06-16 18:08:34.936462+00:00
INA219,11.000,2022-06-16 18:08:35.470744+00:00
INA219,11.300,2022-06-16 18:08:35.973221+00:00
INA219,11.000,2022-06-16 18:08:36.499338+00:00
INA219,11.300,2022-06-16 18:08:37.009361+00:00
INA219,11.300,2022-06-16 18:08:37.468811+00:00
INA219,11.400,2022-06-16 18:08:37.993951+00:00
INA219,11.200,2022-06-16 18:08:38.483693+00:00
INA219,11.300,2022-06-16 18:08:39.023711+00:00
INA219,11.200,2022-06-16 18:08:39.561993+00:00
INA219,11.100,2022-06-16 18:08:40.000470+00:00
INA219,11.200,2022-06-16 18:08:40.522931+00:00
INA219,11.000,2022-06-16 18:08:41.057896+00:00
INA219,11.300,2022-06-16 18:08:41.520000+00:00
INA219,10.900,2022-06-16 18:08:42.078125+00:00
INA219,11.200,2022-06-16 18:08:42.536228+00:00
INA219,11.200,2022-06-16 18:08:43.111077+00:00
INA219,11.000,2022-06-16 18:08:43.548772+00:00
INA219,11.200,2022-06-16 18:08:44.120903+00:00
INA219,10.700,2022-06-16 18:08:44.567005+00:00
INA219,11.300,2022-06-16 18:08:45.142134+00:00
INA219,11.100,2022-06-16 18:08:45.588236+00:00
INA219,11.200,2022-06-16 18:08:46.163366+00:00
INA219,11.200,2022-06-16 18:08:46.611467+00:00
INA219,11.200,2022-06-16 18:08:47.187598+00:00
INA219,10.900,2022-06-16 18:08:47.633698+00:00
INA219,11.100,2022-06-16 18:08:48.190824+00:00
INA219,11.100,2022-06-16 18:08:48.654930+00:00
INA219,11.300,2022-06-16 18:08:49.232060+00:00
INA219,10.900,2022-06-16 18:08:49.677161+00:00
INA219,10.800,2022-06-16 18:08:50.252292+00:00
INA219,11.000,2022-06-16 18:08:50.700402+00:00
INA219,11.400,2022-06-16 18:08:51.272994+00:00
INA219,11.000,2022-06-16 18:08:51.715616+00:00
INA219,10.800,2022-06-16 18:08:52.287745+00:00
INA219,11.000,2022-06-16 18:08:52.732847+00:00
INA219,10.900,2022-06-16 18:08:53.306977+00:00
INA219,11.100,2022-06-16 18:08:53.755078+00:00
INA219,11.000,2022-06-16 18:08:54.331208+00:00
INA219,11.000,2022-06-16 18:08:54.777310+00:00
INA219,11.000,2022-06-16 18:08:55.353443+00:00
INA219,11.000,2022-06-16 18:08:55.797144+00:00
INA219,11.200,2022-06-16 18:08:56.368272+00:00
INA219,10.900,2022-06-16 18:08:56.813372+00:00
INA219,11.300,2022-06-16 18:08:57.387500+00:00
INA219,10.900,2022-06-16 18:08:57.835602+00:00
INA219,11.000,2022-06-16 18:08:58.406732+00:00
INA219,11.200,2022-06-16 18:08:58.850832+00:00
INA219,10.900,2022-06-16 18:08:59.422963+00:00
INA219,11.400,2022-06-16 18:08:59.865798+00:00
INA219,11.200,2022-06-16 18:09:00.435926+00:00
INA219,11.200,2022-06-16 18:09:00.882027+00:00
INA219,11.000,2022-06-16 18:09:01.458158+00:00
INA219,10.800,2022-06-16 18:09:01.905258+00:00
INA219,11.000,2022-06-16 18:09:02.477897+00:00
INA219,11.400,2022-06-16 18:09:02.920997+00:00
INA219,11.200,2022-06-16 18:09:03.494127+00:00
INA219,11.000,2022-06-16 18:09:03.942229+00:00
INA219,11.000,2022-06-16 18:09:04.517358+00:00
INA219,10.800,2022-06-16 18:09:04.963459+00:00
INA219,11.100,2022-06-16 18:09:05.539592+00:00
INA219,11.400,2022-06-16 18:09:05.984692+00:00
INA219,11.100,2022-06-16 18:09:06.560823+00:00
INA219,11.100,2022-06-16 18:09:07.008926+00:00
INA219,11.400,2022-06-16 18:09:07.584054+00:00
INA219,11.300,2022-06-16 18:09:08.027199+00:00
INA219,11.200,2022-06-16 18:09:08.584327+00:00
INA219,11.200,2022-06-16 18:09:09.046433+00:00
INA219,11.200,2022-06-16 18:09:09.620562+00:00
INA219,10.900,2022-06-16 18:09:10.068662+00:00
INA219,11.000,2022-06-16 18:09:10.642793+00:00
INA219,11.200,2022-06-16 18:09:11.088893+00:00
INA219,11.100,2022-06-16 18:09:11.665023+00:00
INA219,11.000,2022-06-16 18:09:12.109121+00:00
INA219,11.800,2022-06-16 18:09:12.681251+00:00
INA219,11.700,2022-06-16 18:09:13.119352+00:00
INA219,11.500,2022-06-16 18:09:13.696484+00:00
INA219,11.800,2022-06-16 18:09:14.142584+00:00
INA219,11.900,2022-06-16 18:09:14.718715+00:00
INA219,11.500,2022-06-16 18:09:15.165816+00:00
INA219,11.700,2022-06-16 18:09:15.740949+00:00
INA219,11.800,2022-06-16 18:09:16.183919+00:00
INA219,11.600,2022-06-16 18:09:16.760050+00:00
INA219,11.800,2022-06-16 18:09:17.207093+00:00
INA219,11.700,2022-06-16 18:09:17.781222+00:00
INA219,11.400,2022-06-16 18:09:18.229323+00:00
INA219,11.700,2022-06-16 18:09:18.805453+00:00
INA219,11.900,2022-06-16 18:09:19.251553+00:00
INA219,11.700,2022-06-16 18:09:19.823681+00:00
INA219,11.800,2022-06-16 18:09:20.269781+00:00
INA219,11.600,2022-06-16 18:09:20.844265+00:00
INA219,11.700,2022-06-16 18:09:21.292367+00:00
INA219,11.900,2022-06-16 18:09:21.868496+00:00
INA219,11.900,2022-06-16 18:09:22.315596+00:00
INA219,11.400,2022-06-16 18:09:22.887726+00:00
INA219,11.900,2022-06-16 18:09:23.334829+00:00
INA219,11.700,2022-06-16 18:09:23.910965+00:00
INA219,11.900,2022-06-16 18:09:24.354189+00:00
INA219,11.700,2022-06-16 18:09:24.929322+00:00
INA219,11.600,2022-06-16 18:09:25.376424+00:00
INA219,11.900,2022-06-16 18:09:25.952553+00:00
INA219,11.800,2022-06-16 18:09:26.400654+00:00
INA219,11.900,2022-06-16 18:09:26.977785+00:00
INA219,11.800,2022-06-16 18:09:27.424888+00:00
INA219,12.000,2022-06-16 18:09:27.999016+00:00
INA219,11.700,2022-06-16 18:09:28.448117+00:00
INA219,11.600,2022-06-16 18:09:29.023246+00:00
INA219,11.700,2022-06-16 18:09:29.469348+00:00
INA219,11.600,2022-06-16 18:09:30.041807+00:00
INA219,11.900,2022-06-16 18:09:30.493974+00:00
INA219,11.700,2022-06-16 18:09:31.060632+00:00
INA219,11.800,2022-06-16 18:09:31.503872+00:00
INA219,11.700,2022-06-16 18:09:32.075122+00:00
INA219,11.800,2022-06-16 18:09:32.518500+00:00
INA219,11.700,2022-06-16 18:09:33.084919+00:00
INA219,11.700,2022-06-16 18:09:33.530902+00:00
INA219,11.700,2022-06-16 18:09:34.101370+00:00
INA219,11.600,2022-06-16 18:09:34.540147+00:00
INA219,11.700,2022-06-16 18:09:35.097429+00:00
INA219,11.800,2022-06-16 18:09:35.565337+00:00
INA219,12.000,2022-06-16 18:09:36.122295+00:00
INA219,11.900,2022-06-16 18:09:36.588217+00:00
INA219,11.800,2022-06-16 18:09:37.151352+00:00
INA219,11.800,2022-06-16 18:09:37.602970+00:00
INA219,11.900,2022-06-16 18:09:38.164195+00:00
INA219,11.900,2022-06-16 18:09:38.631112+00:00
INA219,11.700,2022-06-16 18:09:39.192502+00:00
INA219,11.800,2022-06-16 18:09:39.662420+00:00
INA219,11.800,2022-06-16 18:09:40.219470+00:00
INA219,12.100,2022-06-16 18:09:40.687761+00:00
INA219,11.700,2022-06-16 18:09:41.248412+00:00
INA219,11.700,2022-06-16 18:09:41.717335+00:00
INA219,11.700,2022-06-16 18:09:42.275609+00:00
INA219,11.900,2022-06-16 18:09:42.739172+00:00
INA219,11.700,2022-06-16 18:09:43.283516+00:00
INA219,11.700,2022-06-16 18:09:43.762227+00:00
INA219,11.600,2022-06-16 18:09:44.322699+00:00
INA219,11.800,2022-06-16 18:09:44.791779+00:00
INA219,11.800,2022-06-16 18:09:45.347978+00:00
INA219,11.800,2022-06-16 18:09:45.814209+00:00
INA219,11.900,2022-06-16 18:09:46.375756+00:00
INA219,11.600,2022-06-16 18:09:46.830822+00:00
INA219,11.900,2022-06-16 18:09:47.389403+00:00
INA219,11.700,2022-06-16 18:09:47.857465+00:00
INA219,11.700,2022-06-16 18:09:48.419963+00:00
INA219,11.700,2022-06-16 18:09:48.871582+00:00
INA219,11.800,2022-06-16 18:09:49.437769+00:00
INA219,12.000,2022-06-16 18:09:49.877060+00:00
INA219,11.500,2022-06-16 18:09:50.434674+00:00
INA219,11.900,2022-06-16 18:09:50.890160+00:00
INA219,11.700,2022-06-16 18:09:51.449649+00:00
INA219,12.000,2022-06-16 18:09:51.916215+00:00
INA219,11.900,2022-06-16 18:09:52.476530+00:00
INA219,11.600,2022-06-16 18:09:52.945810+00:00
INA219,11.700,2022-06-16 18:09:53.506456+00:00
INA219,11.900,2022-06-16 18:09:53.969953+00:00
INA219,11.600,2022-06-16 18:09:54.532285+00:00
INA219,11.700,2022-06-16 18:09:54.999954+00:00
INA219,11.700,2022-06-16 18:09:55.555232+00:00
INA219,11.700,2022-06-16 18:09:56.022187+00:00
INA219,11.700,2022-06-16 18:09:56.581965+00:00
INA219,11.800,2022-06-16 18:09:57.044882+00:00
INA219,11.700,2022-06-16 18:09:57.598504+00:00
INA219,11.700,2022-06-16 18:09:58.066736+00:00
INA219,11.800,2022-06-16 18:09:58.628296+00:00
INA219,11.800,2022-06-16 18:09:59.095268+00:00
INA219,11.600,2022-06-16 18:09:59.654936+00:00
INA219,11.700,2022-06-16 18:10:00.122307+00:00
INA219,11.800,2022-06-16 18:10:00.677730+00:00
INA219,11.700,2022-06-16 18:10:01.145235+00:00
INA219,11.700,2022-06-16 18:10:01.703471+00:00
INA219,11.800,2022-06-16 18:10:02.168104+00:00
INA219,12.100,2022-06-16 18:10:02.729326+00:00
INA219,11.600,2022-06-16 18:10:03.196838+00:00
INA219,11.700,2022-06-16 18:10:03.764697+00:00
INA219,11.900,2022-06-16 18:10:04.215149+00:00
INA219,11.700,2022-06-16 18:10:04.779124+00:00
INA219,11.800,2022-06-16 18:10:05.229037+00:00
INA219,11.700,2022-06-16 18:10:05.791326+00:00
INA219,12.100,2022-06-16 18:10:06.259366+00:00
INA219,11.900,2022-06-16 18:10:06.823544+00:00
INA219,11.800,2022-06-16 18:10:07.261729+00:00
INA219,11.800,2022-06-16 18:10:07.813682+00:00
INA219,11.800,2022-06-16 18:10:08.274862+00:00
INA219,11.800,2022-06-16 18:10:08.834863+00:00
INA219,11.700,2022-06-16 18:10:09.298615+00:00
INA219,11.900,2022-06-16 18:10:09.861719+00:00
INA219,11.800,2022-06-16 18:10:10.310810+00:00
INA219,11.800,2022-06-16 18:10:10.873193+00:00
INA219,11.800,2022-06-16 18:10:11.330104+00:00
INA219,11.600,2022-06-16 18:10:11.887002+00:00
INA219,12.000,2022-06-16 18:10:12.352816+00:00
INA219,11.000,2022-06-16 18:10:12.911218+00:00
INA219,11.200,2022-06-16 18:10:13.376573+00:00
INA219,11.300,2022-06-16 18:10:13.938824+00:00
INA219,11.200,2022-06-16 18:10:14.405753+00:00
INA219,11.300,2022-06-16 18:10:14.971046+00:00
INA219,11.000,2022-06-16 18:10:15.409731+00:00
INA219,11.300,2022-06-16 18:10:15.973786+00:00
INA219,11.300,2022-06-16 18:10:16.427817+00:00
INA219,11.300,2022-06-16 18:10:16.985249+00:00
INA219,10.800,2022-06-16 18:10:17.453843+00:00
INA219,11.300,2022-06-16 18:10:18.009541+00:00
INA219,11.200,2022-06-16 18:10:18.478099+00:00
INA219,10.800,2022-06-16 18:10:19.039659+00:00
INA219,11.300,2022-06-16 18:10:19.508329+00:00
INA219,11.400,2022-06-16 18:10:20.068817+00:00
INA219,11.300,2022-06-16 18:10:20.536028+00:00
INA219,10.900,2022-06-16 18:10:21.098829+00:00
INA219,11.300,2022-06-16 18:10:21.550930+00:00
INA219,11.000,2022-06-16 18:10:22.124443+00:00
INA219,11.300,2022-06-16 18:10:22.570507+00:00
INA219,11.200,2022-06-16 18:10:23.140635+00:00
INA219,11.200,2022-06-16 18:10:23.584427+00:00
INA219,11.200,2022-06-16 18:10:24.141032+00:00
INA219,10.900,2022-06-16 18:10:24.606995+00:00
INA219,11.300,2022-06-16 18:10:25.164126+00:00
INA219,11.000,2022-06-16 18:10:25.629470+00:00
INA219,11.200,2022-06-16 18:10:26.189166+00:00
INA219,11.000,2022-06-16 18:10:26.656943+00:00
INA219,11.200,2022-06-16 18:10:27.217934+00:00
INA219,11.200,2022-06-16 18:10:27.670902+00:00
INA219,11.500,2022-06-16 18:10:28.229636+00:00
INA219,11.100,2022-06-16 18:10:28.699679+00:00
INA219,11.300,2022-06-16 18:10:29.263646+00:00
INA219,11.000,2022-06-16 18:10:29.712123+00:00
INA219,11.200,2022-06-16 18:10:30.271011+00:00
INA219,11.200,2022-06-16 18:10:30.735227+00:00
INA219,11.300,2022-06-16 18:10:31.292127+00:00
INA219,11.200,2022-06-16 18:10:31.760679+00:00
INA219,10.900,2022-06-16 18:10:32.318570+00:00
INA219,11.300,2022-06-16 18:10:32.775004+00:00
INA219,11.300,2022-06-16 18:10:33.335725+00:00
INA219,11.300,2022-06-16 18:10:33.802350+00:00
INA219,11.100,2022-06-16 18:10:34.358069+00:00
INA219,11.300,2022-06-16 18:10:34.825241+00:00
INA219,11.100,2022-06-16 18:10:35.386764+00:00
INA219,11.000,2022-06-16 18:10:35.854795+00:00
INA219,11.400,2022-06-16 18:10:36.419703+00:00
INA219,10.900,2022-06-16 18:10:36.869543+00:00
INA219,11.000,2022-06-16 18:10:37.431696+00:00
INA219,10.900,2022-06-16 18:10:37.898337+00:00
INA219,11.000,2022-06-16 18:10:38.457524+00:00
INA219,11.200,2022-06-16 18:10:38.917508+00:00
INA219,11.200,2022-06-16 18:10:39.474989+00:00
INA219,11.000,2022-06-16 18:10:39.941230+00:00
INA219,11.200,2022-06-16 18:10:40.503401+00:00
INA219,11.300,2022-06-16 18:10:40.970595+00:00
INA219,11.200,2022-06-16 18:10:41.531186+00:00
INA219,11.000,2022-06-16 18:10:41.999498+00:00
INA219,11.300,2022-06-16 18:10:42.562593+00:00
INA219,11.300,2022-06-16 18:10:43.030791+00:00
INA219,11.000,2022-06-16 18:10:43.589440+00:00
INA219,11.300,2022-06-16 18:10:44.054499+00:00
INA219,11.200,2022-06-16 18:10:44.614858+00:00
INA219,11.000,2022-06-16 18:10:45.082582+00:00
INA219,11.100,2022-06-16 18:10:45.647208+00:00
INA219,11.300,2022-06-16 18:10:46.105214+00:00
INA219,11.100,2022-06-16 18:10:46.666182+00:00
INA219,11.400,2022-06-16 18:10:47.120679+00:00
INA219,11.200,2022-06-16 18:10:47.682593+00:00
INA219,11.200,2022-06-16 18:10:48.136938+00:00
INA219,11.100,2022-06-16 18:10:48.696937+00:00
INA219,10.900,2022-06-16 18:10:49.163538+00:00
INA219,11.100,2022-06-16 18:10:49.727372+00:00
INA219,11.000,2022-06-16 18:10:50.190596+00:00
INA219,11.200,2022-06-16 18:10:50.752549+00:00
INA219,11.300,2022-06-16 18:10:51.208294+00:00
INA219,11.300,2022-06-16 18:10:51.767543+00:00
INA219,11.200,2022-06-16 18:10:52.237071+00:00
INA219,11.100,2022-06-16 18:10:52.798240+00:00
INA219,11.200,2022-06-16 18:10:53.264879+00:00
INA219,11.400,2022-06-16 18:10:53.829229+00:00
INA219,11.300,2022-06-16 18:10:54.295838+00:00
INA219,11.300,2022-06-16 18:10:54.854984+00:00
INA219,11.300,2022-06-16 18:10:55.309316+00:00
INA219,11.200,2022-06-16 18:10:55.869488+00:00
INA219,11.100,2022-06-16 18:10:56.324940+00:00
INA219,11.300,2022-06-16 18:10:56.888873+00:00
INA219,11.100,2022-06-16 18:10:57.342119+00:00
INA219,11.300,2022-06-16 18:10:57.904290+00:00
INA219,11.300,2022-06-16 18:10:58.359426+00:00
INA219,11.300,2022-06-16 18:10:58.925220+00:00
INA219,11.000,2022-06-16 18:10:59.363198+00:00
INA219,11.200,2022-06-16 18:10:59.909170+00:00
INA219,11.000,2022-06-16 18:11:00.391950+00:00
INA219,11.100,2022-06-16 18:11:00.941276+00:00
INA219,11.200,2022-06-16 18:11:01.423317+00:00
INA219,11.300,2022-06-16 18:11:01.985385+00:00
INA219,11.000,2022-06-16 18:11:02.453660+00:00
INA219,11.000,2022-06-16 18:11:03.014865+00:00
INA219,11.300,2022-06-16 18:11:03.470200+00:00
INA219,11.500,2022-06-16 18:11:04.034063+00:00
INA219,10.900,2022-06-16 18:11:04.486089+00:00
INA219,11.300,2022-06-16 18:11:05.046421+00:00
INA219,11.100,2022-06-16 18:11:05.501665+00:00
INA219,10.900,2022-06-16 18:11:06.062433+00:00
INA219,11.100,2022-06-16 18:11:06.530389+00:00
INA219,10.900,2022-06-16 18:11:07.090737+00:00
INA219,11.300,2022-06-16 18:11:07.547009+00:00
INA219,11.200,2022-06-16 18:11:08.110479+00:00
INA219,11.200,2022-06-16 18:11:08.564764+00:00
INA219,11.200,2022-06-16 18:11:09.127035+00:00
INA219,11.200,2022-06-16 18:11:09.596216+00:00
INA219,11.100,2022-06-16 18:11:10.156222+00:00
INA219,10.900,2022-06-16 18:11:10.626382+00:00
INA219,11.200,2022-06-16 18:11:11.189586+00:00
INA219,11.000,2022-06-16 18:11:11.640694+00:00
INA219,11.000,2022-06-16 18:11:12.186229+00:00
INA219,10.800,2022-06-16 18:11:12.669406+00:00
INA219,10.800,2022-06-16 18:11:13.233711+00:00
INA219,10.700,2022-06-16 18:11:13.688426+00:00
INA219,10.900,2022-06-16 18:11:14.247606+00:00
INA219,10.800,2022-06-16 18:11:14.716324+00:00
INA219,10.900,2022-06-16 18:11:15.278496+00:00
INA219,10.700,2022-06-16 18:11:15.745375+00:00
INA219,11.300,2022-06-16 18:11:16.306289+00:00
INA219,10.800,2022-06-16 18:11:16.772518+00:00
INA219,10.700,2022-06-16 18:11:17.337785+00:00
INA219,11.000,2022-06-16 18:11:17.789642+00:00
INA219,10.800,2022-06-16 18:11:18.301967+00:00
INA219,10.800,2022-06-16 18:11:18.845670+00:00
INA219,10.800,2022-06-16 18:11:19.329496+00:00
INA219,10.700,2022-06-16 18:11:19.891660+00:00
INA219,10.900,2022-06-16 18:11:20.359440+00:00
INA219,10.800,2022-06-16 18:11:20.926092+00:00
INA219,10.900,2022-06-16 18:11:21.364451+00:00
INA219,11.300,2022-06-16 18:11:21.925971+00:00
INA219,10.800,2022-06-16 18:11:22.395105+00:00
INA219,10.700,2022-06-16 18:11:22.959480+00:00
INA219,10.900,2022-06-16 18:11:23.399760+00:00
INA219,10.800,2022-06-16 18:11:23.961732+00:00
INA219,10.800,2022-06-16 18:11:24.418379+00:00
INA219,10.700,2022-06-16 18:11:24.978901+00:00
INA219,11.000,2022-06-16 18:11:25.447851+00:00
INA219,10.900,2022-06-16 18:11:26.010945+00:00
INA219,11.000,2022-06-16 18:11:26.463098+00:00
INA219,11.200,2022-06-16 18:11:27.024641+00:00
INA219,11.300,2022-06-16 18:11:27.477583+00:00
INA219,10.700,2022-06-16 18:11:28.038948+00:00
INA219,11.200,2022-06-16 18:11:28.491685+00:00
INA219,10.700,2022-06-16 18:11:29.052340+00:00
INA219,11.000,2022-06-16 18:11:29.506866+00:00
INA219,10.800,2022-06-16 18:11:30.068514+00:00
INA219,11.200,2022-06-16 18:11:30.522729+00:00
INA219,10.800,2022-06-16 18:11:31.086109+00:00
INA219,10.900,2022-06-16 18:11:31.539583+00:00
INA219,11.300,2022-06-16 18:11:32.100624+00:00
INA219,10.600,2022-06-16 18:11:32.553627+00:00
INA219,11.000,2022-06-16 18:11:33.113116+00:00
INA219,10.800,2022-06-16 18:11:33.568927+00:00
INA219,10.900,2022-06-16 18:11:34.131922+00:00
INA219,10.800,2022-06-16 18:11:34.584682+00:00
INA219,10.900,2022-06-16 18:11:35.147827+00:00
INA219,11.200,2022-06-16 18:11:35.614629+00:00
INA219,10.900,2022-06-16 18:11:36.160957+00:00
INA219,10.700,2022-06-16 18:11:36.639817+00:00
INA219,10.800,2022-06-16 18:11:37.190840+00:00
INA219,10.800,2022-06-16 18:11:37.643351+00:00
INA219,11.000,2022-06-16 18:11:38.205372+00:00
INA219,10.700,2022-06-16 18:11:38.673548+00:00
INA219,10.900,2022-06-16 18:11:39.233154+00:00
INA219,10.700,2022-06-16 18:11:39.703100+00:00
INA219,10.700,2022-06-16 18:11:40.250424+00:00
INA219,10.600,2022-06-16 18:11:40.721226+00:00
INA219,10.800,2022-06-16 18:11:41.284970+00:00
INA219,10.900,2022-06-16 18:11:41.734962+00:00
INA219,10.900,2022-06-16 18:11:42.297152+00:00
INA219,10.700,2022-06-16 18:11:42.762133+00:00
INA219,10.900,2022-06-16 18:11:43.325220+00:00
INA219,10.900,2022-06-16 18:11:43.791938+00:00
INA219,10.900,2022-06-16 18:11:44.358577+00:00
INA219,10.800,2022-06-16 18:11:44.808956+00:00
INA219,10.900,2022-06-16 18:11:45.372510+00:00
INA219,11.000,2022-06-16 18:11:45.825237+00:00
INA219,11.000,2022-06-16 18:11:46.387895+00:00
INA219,10.800,2022-06-16 18:11:46.843489+00:00
INA219,10.900,2022-06-16 18:11:47.409928+00:00
INA219,11.200,2022-06-16 18:11:47.862591+00:00
INA219,10.900,2022-06-16 18:11:48.423930+00:00
INA219,11.000,2022-06-16 18:11:48.891038+00:00
INA219,10.800,2022-06-16 18:11:49.457957+00:00
INA219,10.800,2022-06-16 18:11:49.910203+00:00
INA219,11.000,2022-06-16 18:11:50.469971+00:00
INA219,10.700,2022-06-16 18:11:50.938118+00:00
INA219,10.800,2022-06-16 18:11:51.500478+00:00
INA219,10.900,2022-06-16 18:11:51.968378+00:00
INA219,11.000,2022-06-16 18:11:52.527349+00:00
INA219,10.800,2022-06-16 18:11:52.982248+00:00
INA219,10.900,2022-06-16 18:11:53.544092+00:00
INA219,10.700,2022-06-16 18:11:53.998135+00:00
INA219,10.900,2022-06-16 18:11:54.559323+00:00
INA219,11.000,2022-06-16 18:11:55.018977+00:00
INA219,10.800,2022-06-16 18:11:55.579331+00:00
INA219,10.800,2022-06-16 18:11:56.034830+00:00
INA219,10.800,2022-06-16 18:11:56.601923+00:00
INA219,10.900,2022-06-16 18:11:57.053395+00:00
INA219,10.900,2022-06-16 18:11:57.615544+00:00
INA219,10.800,2022-06-16 18:11:58.070129+00:00
INA219,10.900,2022-06-16 18:11:58.628494+00:00
INA219,10.700,2022-06-16 18:11:59.094391+00:00
INA219,11.000,2022-06-16 18:11:59.656969+00:00
INA219,10.600,2022-06-16 18:12:00.107921+00:00
INA219,10.800,2022-06-16 18:12:00.667133+00:00
INA219,10.800,2022-06-16 18:12:01.121150+00:00
INA219,10.800,2022-06-16 18:12:01.683614+00:00
INA219,10.800,2022-06-16 18:12:02.137949+00:00
INA219,10.600,2022-06-16 18:12:02.699331+00:00
INA219,10.800,2022-06-16 18:12:03.165363+00:00
INA219,11.100,2022-06-16 18:12:03.725954+00:00
INA219,10.800,2022-06-16 18:12:04.194930+00:00
INA219,10.900,2022-06-16 18:12:04.761774+00:00
INA219,10.900,2022-06-16 18:12:05.199407+00:00
INA219,10.900,2022-06-16 18:12:05.760402+00:00
INA219,11.000,2022-06-16 18:12:06.216322+00:00
INA219,10.600,2022-06-16 18:12:06.780445+00:00
INA219,11.200,2022-06-16 18:12:07.218964+00:00
INA219,10.800,2022-06-16 18:12:07.782921+00:00
INA219,10.600,2022-06-16 18:12:08.250489+00:00
INA219,10.900,2022-06-16 18:12:08.812983+00:00
INA219,10.900,2022-06-16 18:12:09.279359+00:00
INA219,11.000,2022-06-16 18:12:09.838237+00:00
INA219,10.800,2022-06-16 18:12:10.305991+00:00
INA219,11.000,2022-06-16 18:12:10.873473+00:00
INA219,10.700,2022-06-16 18:12:11.324645+00:00
INA219,10.800,2022-06-16 18:12:11.885129+00:00
INA219,11.100,2022-06-16 18:12:12.340966+00:00
INA219,11.000,2022-06-16 18:12:12.897350+00:00
INA219,11.500,2022-06-16 18:12:13.351207+00:00
INA219,11.300,2022-06-16 18:12:13.913322+00:00
INA219,11.000,2022-06-16 18:12:14.382310+00:00
INA219,11.000,2022-06-16 18:12:14.943684+00:00
INA219,10.900,2022-06-16 18:12:15.411155+00:00
INA219,11.200,2022-06-16 18:12:15.976879+00:00
INA219,11.100,2022-06-16 18:12:16.427964+00:00
INA219,11.100,2022-06-16 18:12:16.989343+00:00
INA219,10.900,2022-06-16 18:12:17.455347+00:00
INA219,11.000,2022-06-16 18:12:18.019340+00:00
INA219,11.100,2022-06-16 18:12:18.470588+00:00
INA219,11.000,2022-06-16 18:12:19.032434+00:00
INA219,11.300,2022-06-16 18:12:19.500425+00:00
INA219,11.100,2022-06-16 18:12:20.061607+00:00
INA219,11.000,2022-06-16 18:12:20.532051+00:00
INA219,11.200,2022-06-16 18:12:21.078212+00:00
INA219,11.000,2022-06-16 18:12:21.561106+00:00
INA219,11.200,2022-06-16 18:12:22.123421+00:00
INA219,11.300,2022-06-16 18:12:22.588939+00:00
INA219,11.000,2022-06-16 18:12:23.153472+00:00
INA219,11.300,2022-06-16 18:12:23.605598+00:00
INA219,11.000,2022-06-16 18:12:24.167770+00:00
INA219,11.200,2022-06-16 18:12:24.633732+00:00
INA219,11.100,2022-06-16 18:12:25.196893+00:00
INA219,11.200,2022-06-16 18:12:25.665373+00:00
INA219,11.000,2022-06-16 18:12:26.226595+00:00
INA219,11.200,2022-06-16 18:12:26.680960+00:00
INA219,11.300,2022-06-16 18:12:27.250568+00:00
INA219,11.000,2022-06-16 18:12:27.689852+00:00
INA219,11.200,2022-06-16 18:12:28.257307+00:00
INA219,10.900,2022-06-16 18:12:28.694492+00:00
INA219,11.300,2022-06-16 18:12:29.259932+00:00
INA219,11.000,2022-06-16 18:12:29.711894+00:00
INA219,11.000,2022-06-16 18:12:30.275711+00:00
INA219,11.200,2022-06-16 18:12:30.727328+00:00
INA219,11.300,2022-06-16 18:12:31.285661+00:00
INA219,11.200,2022-06-16 18:12:31.741126+00:00
INA219,11.000,2022-06-16 18:12:32.305377+00:00
INA219,11.300,2022-06-16 18:12:32.771327+00:00
INA219,11.200,2022-06-16 18:12:33.334733+00:00
INA219,11.400,2022-06-16 18:12:33.787364+00:00
INA219,11.100,2022-06-16 18:12:34.348548+00:00
INA219,10.900,2022-06-16 18:12:34.817536+00:00
INA219,11.000,2022-06-16 18:12:35.362801+00:00
INA219,11.200,2022-06-16 18:12:35.846917+00:00
INA219,11.300,2022-06-16 18:12:36.410068+00:00
INA219,11.200,2022-06-16 18:12:36.850447+00:00
INA219,11.200,2022-06-16 18:12:37.413538+00:00
INA219,11.300,2022-06-16 18:12:37.863865+00:00
INA219,11.300,2022-06-16 18:12:38.425487+00:00
INA219,11.000,2022-06-16 18:12:38.879933+00:00
INA219,10.800,2022-06-16 18:12:39.443855+00:00
INA219,11.000,2022-06-16 18:12:39.896812+00:00
INA219,11.200,2022-06-16 18:12:40.458493+00:00
INA219,11.000,2022-06-16 18:12:40.909795+00:00
INA219,10.900,2022-06-16 18:12:41.470874+00:00
INA219,11.200,2022-06-16 18:12:41.938896+00:00
INA219,11.100,2022-06-16 18:12:42.501988+00:00
INA219,11.000,2022-06-16 18:12:42.967697+00:00
INA219,11.000,2022-06-16 18:12:43.530221+00:00
INA219,11.200,2022-06-16 18:12:43.982718+00:00
INA219,10.900,2022-06-16 18:12:44.545704+00:00
INA219,11.200,2022-06-16 18:12:45.000849+00:00
INA219,11.100,2022-06-16 18:12:45.561015+00:00
INA219,11.200,2022-06-16 18:12:46.029488+00:00
INA219,11.000,2022-06-16 18:12:46.593878+00:00
INA219,11.300,2022-06-16 18:12:47.034780+00:00
INA219,11.400,2022-06-16 18:12:47.596868+00:00
INA219,11.000,2022-06-16 18:12:48.067781+00:00
INA219,11.300,2022-06-16 18:12:48.630616+00:00
INA219,11.200,2022-06-16 18:12:49.083876+00:00
INA219,11.200,2022-06-16 18:12:49.643876+00:00
INA219,11.300,2022-06-16 18:12:50.110692+00:00
INA219,11.200,2022-06-16 18:12:50.673545+00:00
INA219,11.200,2022-06-16 18:12:51.140794+00:00
INA219,11.000,2022-06-16 18:12:51.700374+00:00
INA219,11.400,2022-06-16 18:12:52.165845+00:00
INA219,11.200,2022-06-16 18:12:52.727043+00:00
INA219,11.000,2022-06-16 18:12:53.182127+00:00
INA219,11.000,2022-06-16 18:12:53.743785+00:00
INA219,11.000,2022-06-16 18:12:54.197504+00:00
INA219,11.300,2022-06-16 18:12:54.761905+00:00
INA219,11.300,2022-06-16 18:12:55.200658+00:00
INA219,11.000,2022-06-16 18:12:55.766495+00:00
INA219,11.200,2022-06-16 18:12:56.218375+00:00
INA219,11.200,2022-06-16 18:12:56.779465+00:00
INA219,11.400,2022-06-16 18:12:57.247478+00:00
INA219,10.900,2022-06-16 18:12:57.807410+00:00
INA219,11.300,2022-06-16 18:12:58.261871+00:00
INA219,11.400,2022-06-16 18:12:58.826485+00:00
INA219,11.300,2022-06-16 18:12:59.277297+00:00
INA219,11.400,2022-06-16 18:12:59.837273+00:00
INA219,11.000,2022-06-16 18:13:00.306400+00:00
INA219,11.100,2022-06-16 18:13:00.867479+00:00
INA219,11.300,2022-06-16 18:13:01.307421+00:00
INA219,11.400,2022-06-16 18:13:01.868752+00:00
INA219,11.400,2022-06-16 18:13:02.323164+00:00
INA219,11.400,2022-06-16 18:13:02.882480+00:00
INA219,11.000,2022-06-16 18:13:03.336079+00:00
INA219,11.400,2022-06-16 18:13:03.900224+00:00
INA219,11.300,2022-06-16 18:13:04.352121+00:00
INA219,11.300,2022-06-16 18:13:04.915085+00:00
INA219,10.800,2022-06-16 18:13:05.372237+00:00
INA219,11.300,2022-06-16 18:13:05.933762+00:00
INA219,11.100,2022-06-16 18:13:06.386525+00:00
INA219,11.100,2022-06-16 18:13:06.934676+00:00
INA219,11.200,2022-06-16 18:13:07.417298+00:00
INA219,11.300,2022-06-16 18:13:07.978049+00:00
INA219,11.100,2022-06-16 18:13:08.432208+00:00
INA219,11.200,2022-06-16 18:13:08.995853+00:00
INA219,11.000,2022-06-16 18:13:09.463649+00:00
INA219,11.300,2022-06-16 18:13:10.024699+00:00
INA219,10.900,2022-06-16 18:13:10.490848+00:00
INA219,11.100,2022-06-16 18:13:11.052162+00:00
INA219,10.900,2022-06-16 18:13:11.505545+00:00
INA219,11.000,2022-06-16 18:13:12.067660+00:00
INA219,11.100,2022-06-16 18:13:12.522092+00:00
INA219,11.500,2022-06-16 18:13:13.085335+00:00
INA219,11.800,2022-06-16 18:13:13.539579+00:00
INA219,11.600,2022-06-16 18:13:14.098488+00:00
INA219,11.800,2022-06-16 18:13:14.565493+00:00
INA219,11.400,2022-06-16 18:13:15.125639+00:00
INA219,11.700,2022-06-16 18:13:15.594283+00:00
INA219,11.500,2022-06-16 18:13:16.154820+00:00
INA219,11.800,2022-06-16 18:13:16.622962+00:00
INA219,11.500,2022-06-16 18:13:17.184751+00:00
INA219,11.700,2022-06-16 18:13:17.636893+00:00
INA219,11.700,2022-06-16 18:13:18.200038+00:00
INA219,11.700,2022-06-16 18:13:18.665585+00:00
INA219,11.500,2022-06-16 18:13:19.226804+00:00
INA219,11.700,2022-06-16 18:13:19.694842+00:00
INA219,11.600,2022-06-16 18:13:20.255281+00:00
INA219,11.700,2022-06-16 18:13:20.712905+00:00
INA219,11.700,2022-06-16 18:13:21.279775+00:00
INA219,11.600,2022-06-16 18:13:21.720074+00:00
INA219,11.800,2022-06-16 18:13:22.278953+00:00
INA219,11.600,2022-06-16 18:13:22.746829+00:00
INA219,11.900,2022-06-16 18:13:23.308064+00:00
INA219,11.700,2022-06-16 18:13:23.775592+00:00
INA219,11.600,2022-06-16 18:13:24.337577+00:00
INA219,11.600,2022-06-16 18:13:24.791662+00:00
INA219,11.700,2022-06-16 18:13:25.359462+00:00
INA219,11.700,2022-06-16 18:13:25.810970+00:00
INA219,11.700,2022-06-16 18:13:26.372077+00:00
INA219,11.800,2022-06-16 18:13:26.839472+00:00
INA219,11.600,2022-06-16 18:13:27.402239+00:00
INA219,11.600,2022-06-16 18:13:27.869037+00:00
INA219,11.600,2022-06-16 18:13:28.435219+00:00
INA219,11.600,2022-06-16 18:13:28.889034+00:00
INA219,11.300,2022-06-16 18:13:29.446889+00:00
INA219,11.800,2022-06-16 18:13:29.902196+00:00
INA219,11.600,2022-06-16 18:13:30.461155+00:00
INA219,11.700,2022-06-16 18:13:30.929788+00:00
INA219,11.600,2022-06-16 18:13:31.494618+00:00
INA219,11.700,2022-06-16 18:13:31.933037+00:00
INA219,11.500,2022-06-16 18:13:32.493457+00:00
INA219,11.700,2022-06-16 18:13:32.961194+00:00
INA219,11.700,2022-06-16 18:13:33.524402+00:00
INA219,11.500,2022-06-16 18:13:33.980507+00:00
INA219,11.600,2022-06-16 18:13:34.548612+00:00
INA219,11.500,2022-06-16 18:13:34.986534+00:00
INA219,11.500,2022-06-16 18:13:35.549034+00:00
INA219,11.800,2022-06-16 18:13:36.005642+00:00
INA219,11.600,2022-06-16 18:13:36.566528+00:00
INA219,11.800,2022-06-16 18:13:37.032801+00:00
INA219,11.700,2022-06-16 18:13:37.598039+00:00
INA219,11.700,2022-06-16 18:13:38.050398+00:00
INA219,11.700,2022-06-16 18:13:38.614410+00:00
INA219,11.900,2022-06-16 18:13:39.055279+00:00
INA219,11.700,2022-06-16 18:13:39.612353+00:00
INA219,11.800,2022-06-16 18:13:40.081435+00:00
INA219,11.800,2022-06-16 18:13:40.643492+00:00
INA219,11.400,2022-06-16 18:13:41.110398+00:00
INA219,11.700,2022-06-16 18:13:41.671384+00:00
INA219,11.600,2022-06-16 18:13:42.142042+00:00
INA219,11.600,2022-06-16 18:13:42.713106+00:00
INA219,11.700,2022-06-16 18:13:43.153598+00:00
INA219,11.600,2022-06-16 18:13:43.716651+00:00
INA219,11.700,2022-06-16 18:13:44.172909+00:00
INA219,11.700,2022-06-16 18:13:44.734471+00:00
INA219,11.600,2022-06-16 18:13:45.202383+00:00
INA219,11.800,2022-06-16 18:13:45.764532+00:00
INA219,11.600,2022-06-16 18:13:46.231490+00:00
INA219,11.600,2022-06-16 18:13:46.794075+00:00
INA219,11.800,2022-06-16 18:13:47.247562+00:00
INA219,11.700,2022-06-16 18:13:47.807219+00:00
INA219,11.700,2022-06-16 18:13:48.274679+00:00
INA219,11.600,2022-06-16 18:13:48.836670+00:00
INA219,12.000,2022-06-16 18:13:49.291128+00:00
INA219,11.500,2022-06-16 18:13:49.854136+00:00
INA219,11.500,2022-06-16 18:13:50.312821+00:00
INA219,11.600,2022-06-16 18:13:50.878136+00:00
INA219,11.800,2022-06-16 18:13:51.317764+00:00
INA219,11.700,2022-06-16 18:13:51.875257+00:00
INA219,11.700,2022-06-16 18:13:52.340924+00:00
INA219,11.800,2022-06-16 18:13:52.908159+00:00
INA219,11.500,2022-06-16 18:13:53.345743+00:00
INA219,11.700,2022-06-16 18:13:53.909739+00:00
INA219,11.600,2022-06-16 18:13:54.362767+00:00
INA219,11.900,2022-06-16 18:13:54.925944+00:00
INA219,11.500,2022-06-16 18:13:55.376019+00:00
INA219,11.800,2022-06-16 18:13:55.932145+00:00
INA219,11.600,2022-06-16 18:13:56.399265+00:00
INA219,11.700,2022-06-16 18:13:56.960135+00:00
INA219,11.800,2022-06-16 18:13:57.446554+00:00
INA219,11.600,2022-06-16 18:13:57.931586+00:00
INA219,11.500,2022-06-16 18:13:58.495157+00:00
INA219,11.600,2022-06-16 18:13:58.935545+00:00
INA219,11.700,2022-06-16 18:13:59.492124+00:00
INA219,11.600,2022-06-16 18:13:59.964028+00:00
INA219,11.600,2022-06-16 18:14:00.525671+00:00
INA219,11.600,2022-06-16 18:14:00.992821+00:00
INA219,11.800,2022-06-16 18:14:01.551559+00:00
INA219,11.400,2022-06-16 18:14:02.019299+00:00
INA219,11.600,2022-06-16 18:14:02.579396+00:00
INA219,11.700,2022-06-16 18:14:03.048371+00:00
INA219,11.800,2022-06-16 18:14:03.610997+00:00
INA219,11.400,2022-06-16 18:14:04.075906+00:00
INA219,11.800,2022-06-16 18:14:04.635490+00:00
INA219,11.500,2022-06-16 18:14:05.101020+00:00
INA219,11.800,2022-06-16 18:14:05.659493+00:00
INA219,11.500,2022-06-16 18:14:06.127227+00:00
INA219,11.600,2022-06-16 18:14:06.688825+00:00
INA219,11.600,2022-06-16 18:14:07.155826+00:00
INA219,11.700,2022-06-16 18:14:07.718435+00:00
INA219,11.700,2022-06-16 18:14:08.169960+00:00
INA219,11.700,2022-06-16 18:14:08.730658+00:00
INA219,11.600,2022-06-16 18:14:09.194959+00:00
INA219,11.800,2022-06-16 18:14:09.754121+00:00
INA219,11.400,2022-06-16 18:14:10.220944+00:00
INA219,11.800,2022-06-16 18:14:10.778721+00:00
INA219,11.900,2022-06-16 18:14:11.245439+00:00
INA219,11.800,2022-06-16 18:14:11.805313+00:00
INA219,11.700,2022-06-16 18:14:12.274472+00:00
INA219,11.400,2022-06-16 18:14:12.830503+00:00
INA219,11.000,2022-06-16 18:14:13.293424+00:00
INA219,11.000,2022-06-16 18:14:13.852986+00:00
INA219,11.400,2022-06-16 18:14:14.321593+00:00
INA219,11.300,2022-06-16 18:14:14.885094+00:00
INA219,11.200,2022-06-16 18:14:15.336737+00:00
INA219,11.300,2022-06-16 18:14:15.899966+00:00
INA219,10.900,2022-06-16 18:14:16.351031+00:00
INA219,11.200,2022-06-16 18:14:16.916113+00:00
INA219,11.100,2022-06-16 18:14:17.370559+00:00
INA219,11.400,2022-06-16 18:14:17.931007+00:00
INA219,11.300,2022-06-16 18:14:18.398177+00:00
INA219,11.000,2022-06-16 18:14:18.961307+00:00
INA219,11.400,2022-06-16 18:14:19.428923+00:00
INA219,11.200,2022-06-16 18:14:19.989469+00:00
INA219,11.000,2022-06-16 18:14:20.459046+00:00
INA219,11.200,2022-06-16 18:14:21.020587+00:00
INA219,11.200,2022-06-16 18:14:21.487877+00:00
INA219,11.300,2022-06-16 18:14:22.051412+00:00
INA219,11.300,2022-06-16 18:14:22.515573+00:00
INA219,11.200,2022-06-16 18:14:23.078685+00:00
INA219,11.400,2022-06-16 18:14:23.532685+00:00
INA219,11.200,2022-06-16 18:14:24.095121+00:00
INA219,11.300,2022-06-16 18:14:24.561712+00:00
INA219,11.400,2022-06-16 18:14:25.122765+00:00
INA219,11.200,2022-06-16 18:14:25.589022+00:00
INA219,11.200,2022-06-16 18:14:26.153935+00:00
INA219,11.300,2022-06-16 18:14:26.606982+00:00
INA219,11.000,2022-06-16 18:14:27.165356+00:00
INA219,10.900,2022-06-16 18:14:27.635089+00:00
INA219,11.200,2022-06-16 18:14:28.200135+00:00
INA219,11.000,2022-06-16 18:14:28.654537+00:00
INA219,11.000,2022-06-16 18:14:29.214722+00:00
INA219,11.200,2022-06-16 18:14:29.683710+00:00
INA219,10.900,2022-06-16 18:14:30.249499+00:00
INA219,11.200,2022-06-16 18:14:30.686720+00:00
INA219,11.300,2022-06-16 18:14:31.247936+00:00
INA219,11.300,2022-06-16 18:14:31.714034+00:00
INA219,11.300,2022-06-16 18:14:32.271895+00:00
INA219,11.200,2022-06-16 18:14:32.740194+00:00
INA219,11.000,2022-06-16 18:14:33.302845+00:00
INA219,11.200,2022-06-16 18:14:33.755013+00:00
INA219,11.300,2022-06-16 18:14:34.315457+00:00
INA219,11.000,2022-06-16 18:14:34.770460+00:00
INA219,11.200,2022-06-16 18:14:35.327924+00:00
INA219,11.300,2022-06-16 18:14:35.797522+00:00
INA219,10.900,2022-06-16 18:14:36.360554+00:00
INA219,11.000,2022-06-16 18:14:36.815226+00:00
INA219,10.900,2022-06-16 18:14:37.373629+00:00
INA219,11.000,2022-06-16 18:14:37.842109+00:00
INA219,11.200,2022-06-16 18:14:38.402010+00:00
INA219,11.200,2022-06-16 18:14:38.871418+00:00
INA219,11.000,2022-06-16 18:14:39.434960+00:00
INA219,11.300,2022-06-16 18:14:39.890650+00:00
INA219,11.200,2022-06-16 18:14:40.455017+00:00
INA219,11.200,2022-06-16 18:14:40.911230+00:00
INA219,11.000,2022-06-16 18:14:41.472702+00:00
INA219,11.500,2022-06-16 18:14:41.929001+00:00
INA219,11.200,2022-06-16 18:14:42.494363+00:00
INA219,11.200,2022-06-16 18:14:42.934033+00:00
INA219,11.400,2022-06-16 18:14:43.493343+00:00
INA219,11.300,2022-06-16 18:14:43.960503+00:00
INA219,11.300,2022-06-16 18:14:44.520614+00:00
INA219,11.200,2022-06-16 18:14:44.974272+00:00
INA219,11.400,2022-06-16 18:14:45.538479+00:00
INA219,11.400,2022-06-16 18:14:45.989912+00:00
INA219,11.000,2022-06-16 18:14:46.551787+00:00
INA219,11.000,2022-06-16 18:14:47.018310+00:00
INA219,10.900,2022-06-16 18:14:47.581584+00:00
INA219,11.000,2022-06-16 18:14:48.036895+00:00
INA219,11.300,2022-06-16 18:14:48.599486+00:00
INA219,11.300,2022-06-16 18:14:49.053006+00:00
INA219,10.800,2022-06-16 18:14:49.611607+00:00
INA219,11.200,2022-06-16 18:14:50.081266+00:00
INA219,11.200,2022-06-16 18:14:50.644976+00:00
INA219,11.300,2022-06-16 18:14:51.111836+00:00
INA219,11.200,2022-06-16 18:14:51.674025+00:00
INA219,11.300,2022-06-16 18:14:52.141436+00:00
INA219,11.200,2022-06-16 18:14:52.703720+00:00
INA219,11.000,2022-06-16 18:14:53.168967+00:00
INA219,11.400,2022-06-16 18:14:53.730867+00:00
INA219,11.200,2022-06-16 18:14:54.183583+00:00
INA219,11.200,2022-06-16 18:14:54.744100+00:00
INA219,11.600,2022-06-16 18:14:55.213272+00:00
INA219,11.300,2022-06-16 18:14:55.774426+00:00
INA219,11.000,2022-06-16 18:14:56.227153+00:00
INA219,11.300,2022-06-16 18:14:56.786527+00:00
INA219,11.300,2022-06-16 18:14:57.241279+00:00
INA219,11.000,2022-06-16 18:14:57.800254+00:00
INA219,11.000,2022-06-16 18:14:58.256095+00:00
INA219,11.000,2022-06-16 18:14:58.817768+00:00
INA219,11.200,2022-06-16 18:14:59.274440+00:00
INA219,11.200,2022-06-16 18:14:59.836551+00:00
INA219,11.200,2022-06-16 18:15:00.293684+00:00
INA219,10.900,2022-06-16 18:15:00.861868+00:00
INA219,11.400,2022-06-16 18:15:01.300248+00:00
INA219,10.900,2022-06-16 18:15:01.863957+00:00
INA219,11.000,2022-06-16 18:15:02.327569+00:00
INA219,11.400,2022-06-16 18:15:02.888484+00:00
INA219,11.100,2022-06-16 18:15:03.342801+00:00
INA219,11.200,2022-06-16 18:15:03.901835+00:00
INA219,11.100,2022-06-16 18:15:04.368774+00:00
INA219,11.300,2022-06-16 18:15:04.929824+00:00
INA219,11.000,2022-06-16 18:15:05.396427+00:00
INA219,11.400,2022-06-16 18:15:05.958216+00:00
INA219,11.300,2022-06-16 18:15:06.425903+00:00
INA219,11.000,2022-06-16 18:15:06.982707+00:00
INA219,11.000,2022-06-16 18:15:07.451857+00:00
INA219,11.000,2022-06-16 18:15:08.013042+00:00
INA219,11.200,2022-06-16 18:15:08.465087+00:00
INA219,11.300,2022-06-16 18:15:09.023111+00:00
INA219,11.200,2022-06-16 18:15:09.493452+00:00
INA219,11.000,2022-06-16 18:15:10.049147+00:00
INA219,11.200,2022-06-16 18:15:10.515805+00:00
INA219,10.900,2022-06-16 18:15:11.077697+00:00
INA219,11.000,2022-06-16 18:15:11.532097+00:00
INA219,11.300,2022-06-16 18:15:12.096732+00:00
INA219,11.300,2022-06-16 18:15:12.551933+00:00
INA219,11.400,2022-06-16 18:15:13.113813+00:00
INA219,11.300,2022-06-16 18:15:13.579016+00:00
INA219,11.000,2022-06-16 18:15:14.141024+00:00
INA219,11.300,2022-06-16 18:15:14.604951+00:00
INA219,11.300,2022-06-16 18:15:15.165255+00:00
INA219,10.900,2022-06-16 18:15:15.631001+00:00
INA219,11.000,2022-06-16 18:15:16.194803+00:00
INA219,11.200,2022-06-16 18:15:16.633690+00:00
INA219,11.200,2022-06-16 18:15:17.192228+00:00
INA219,11.200,2022-06-16 18:15:17.661515+00:00
INA219,11.000,2022-06-16 18:15:18.222816+00:00
INA219,11.300,2022-06-16 18:15:18.686777+00:00
INA219,11.200,2022-06-16 18:15:19.248695+00:00
INA219,11.000,2022-06-16 18:15:19.715066+00:00
INA219,11.400,2022-06-16 18:15:20.273890+00:00
INA219,11.000,2022-06-16 18:15:20.738758+00:00
INA219,11.000,2022-06-16 18:15:21.299547+00:00
INA219,11.400,2022-06-16 18:15:21.767255+00:00
INA219,11.200,2022-06-16 18:15:22.327256+00:00
INA219,11.200,2022-06-16 18:15:22.795830+00:00
INA219,11.300,2022-06-16 18:15:23.355969+00:00
INA219,11.200,2022-06-16 18:15:23.822804+00:00
INA219,11.200,2022-06-16 18:15:24.383331+00:00
INA219,11.400,2022-06-16 18:15:24.838768+00:00
INA219,10.900,2022-06-16 18:15:25.402270+00:00
INA219,11.000,2022-06-16 18:15:25.869914+00:00
INA219,11.000,2022-06-16 18:15:26.436082+00:00
INA219,11.000,2022-06-16 18:15:26.872913+00:00
INA219,11.400,2022-06-16 18:15:27.433363+00:00
INA219,10.800,2022-06-16 18:15:27.886768+00:00
INA219,11.100,2022-06-16 18:15:28.446742+00:00
INA219,11.200,2022-06-16 18:15:28.915121+00:00
INA219,11.000,2022-06-16 18:15:29.472939+00:00
INA219,11.000,2022-06-16 18:15:29.937815+00:00
INA219,11.400,2022-06-16 18:15:30.501544+00:00
INA219,11.500,2022-06-16 18:15:30.958056+00:00
INA219,11.100,2022-06-16 18:15:31.514706+00:00
INA219,11.300,2022-06-16 18:15:31.981137+00:00
INA219,11.200,2022-06-16 18:15:32.542065+00:00
INA219,11.300,2022-06-16 18:15:33.011299+00:00
INA219,11.400,2022-06-16 18:15:33.568422+00:00
INA219,11.200,2022-06-16 18:15:34.037444+00:00
INA219,11.000,2022-06-16 18:15:34.597122+00:00
INA219,11.200,2022-06-16 18:15:35.063545+00:00
INA219,10.900,2022-06-16 18:15:35.607865+00:00
INA219,11.000,2022-06-16 18:15:36.087025+00:00
INA219,11.300,2022-06-16 18:15:36.648263+00:00
INA219,11.200,2022-06-16 18:15:37.116660+00:00
INA219,11.300,2022-06-16 18:15:37.676639+00:00
INA219,11.200,2022-06-16 18:15:38.142942+00:00
INA219,11.000,2022-06-16 18:15:38.707586+00:00
INA219,10.900,2022-06-16 18:15:39.160811+00:00
INA219,11.300,2022-06-16 18:15:39.724059+00:00
INA219,11.200,2022-06-16 18:15:40.191906+00:00
INA219,11.200,2022-06-16 18:15:40.750102+00:00
INA219,11.100,2022-06-16 18:15:41.217554+00:00
INA219,11.200,2022-06-16 18:15:41.777084+00:00
INA219,11.200,2022-06-16 18:15:42.246606+00:00
INA219,11.200,2022-06-16 18:15:42.804693+00:00
INA219,11.000,2022-06-16 18:15:43.273842+00:00
INA219,11.500,2022-06-16 18:15:43.835613+00:00
INA219,11.000,2022-06-16 18:15:44.303081+00:00
INA219,11.400,2022-06-16 18:15:44.862394+00:00
INA219,11.200,2022-06-16 18:15:45.318639+00:00
INA219,11.000,2022-06-16 18:15:45.879642+00:00
INA219,11.000,2022-06-16 18:15:46.344809+00:00
INA219,11.100,2022-06-16 18:15:46.912689+00:00
INA219,11.300,2022-06-16 18:15:47.365346+00:00
INA219,11.000,2022-06-16 18:15:47.934294+00:00
INA219,11.400,2022-06-16 18:15:48.374863+00:00
INA219,11.200,2022-06-16 18:15:48.938526+00:00
INA219,11.300,2022-06-16 18:15:49.406248+00:00
INA219,11.000,2022-06-16 18:15:49.957476+00:00
INA219,11.100,2022-06-16 18:15:50.416403+00:00
INA219,11.300,2022-06-16 18:15:50.980695+00:00
INA219,11.000,2022-06-16 18:15:51.447031+00:00
INA219,10.900,2022-06-16 18:15:52.004782+00:00
INA219,10.900,2022-06-16 18:15:52.470287+00:00
INA219,11.400,2022-06-16 18:15:53.028849+00:00
INA219,11.000,2022-06-16 18:15:53.497791+00:00
INA219,10.900,2022-06-16 18:15:54.056702+00:00
INA219,11.300,2022-06-16 18:15:54.513260+00:00
INA219,11.100,2022-06-16 18:15:55.072549+00:00
INA219,11.400,2022-06-16 18:15:55.526691+00:00
INA219,11.300,2022-06-16 18:15:56.086091+00:00
INA219,11.200,2022-06-16 18:15:56.555588+00:00
INA219,11.000,2022-06-16 18:15:57.116841+00:00
INA219,11.500,2022-06-16 18:15:57.581685+00:00
INA219,11.000,2022-06-16 18:15:58.142486+00:00
INA219,11.000,2022-06-16 18:15:58.611452+00:00
INA219,11.300,2022-06-16 18:15:59.171883+00:00
INA219,11.300,2022-06-16 18:15:59.637198+00:00
INA219,11.500,2022-06-16 18:16:00.198458+00:00
INA219,10.900,2022-06-16 18:16:00.654492+00:00
INA219,11.000,2022-06-16 18:16:01.212519+00:00
INA219,11.000,2022-06-16 18:16:01.666331+00:00
INA219,11.400,2022-06-16 18:16:02.226336+00:00
INA219,11.300,2022-06-16 18:16:02.694764+00:00
INA219,11.000,2022-06-16 18:16:03.257184+00:00
INA219,11.200,2022-06-16 18:16:03.705712+00:00
INA219,11.200,2022-06-16 18:16:04.266013+00:00
INA219,10.800,2022-06-16 18:16:04.733500+00:00
INA219,11.000,2022-06-16 18:16:05.290922+00:00
INA219,10.900,2022-06-16 18:16:05.755604+00:00
INA219,11.000,2022-06-16 18:16:06.315616+00:00
INA219,11.300,2022-06-16 18:16:06.783344+00:00
INA219,11.300,2022-06-16 18:16:07.343559+00:00
INA219,11.300,2022-06-16 18:16:07.807944+00:00
INA219,11.200,2022-06-16 18:16:08.365541+00:00
INA219,11.100,2022-06-16 18:16:08.831258+00:00
INA219,11.200,2022-06-16 18:16:09.392900+00:00
INA219,11.200,2022-06-16 18:16:09.860515+00:00
INA219,11.000,2022-06-16 18:16:10.420593+00:00
INA219,11.300,2022-06-16 18:16:10.886778+00:00
INA219,11.200,2022-06-16 18:16:11.446228+00:00
INA219,11.200,2022-06-16 18:16:11.913047+00:00
INA219,11.000,2022-06-16 18:16:12.459774+00:00
INA219,11.200,2022-06-16 18:16:12.943555+00:00
INA219,11.200,2022-06-16 18:16:13.498826+00:00
INA219,10.900,2022-06-16 18:16:13.966697+00:00
INA219,11.200,2022-06-16 18:16:14.527312+00:00
INA219,11.100,2022-06-16 18:16:14.994746+00:00
INA219,11.100,2022-06-16 18:16:15.554975+00:00
INA219,11.200,2022-06-16 18:16:16.022269+00:00
INA219,11.300,2022-06-16 18:16:16.583772+00:00
INA219,11.000,2022-06-16 18:16:17.037210+00:00
INA219,11.000,2022-06-16 18:16:17.597703+00:00
INA219,11.000,2022-06-16 18:16:18.064082+00:00
INA219,11.300,2022-06-16 18:16:18.624105+00:00
INA219,10.800,2022-06-16 18:16:19.077837+00:00
INA219,11.300,2022-06-16 18:16:19.622761+00:00
INA219,11.000,2022-06-16 18:16:20.107916+00:00
INA219,11.300,2022-06-16 18:16:20.666338+00:00
INA219,11.100,2022-06-16 18:16:21.134414+00:00
INA219,11.200,2022-06-16 18:16:21.694889+00:00
INA219,11.000,2022-06-16 18:16:22.159130+00:00
INA219,11.200,2022-06-16 18:16:22.704264+00:00
INA219,11.200,2022-06-16 18:16:23.189456+00:00
INA219,11.200,2022-06-16 18:16:23.747012+00:00
INA219,10.900,2022-06-16 18:16:24.214512+00:00
INA219,10.900,2022-06-16 18:16:24.777759+00:00
INA219,11.300,2022-06-16 18:16:25.244799+00:00
INA219,11.200,2022-06-16 18:16:25.805567+00:00
INA219,11.200,2022-06-16 18:16:26.258215+00:00
INA219,11.500,2022-06-16 18:16:26.817320+00:00
INA219,11.200,2022-06-16 18:16:27.286249+00:00
INA219,10.900,2022-06-16 18:16:27.849853+00:00
INA219,11.100,2022-06-16 18:16:28.298402+00:00
INA219,11.100,2022-06-16 18:16:28.857946+00:00
INA219,11.300,2022-06-16 18:16:29.326432+00:00
INA219,11.000,2022-06-16 18:16:29.886269+00:00
INA219,11.400,2022-06-16 18:16:30.355784+00:00
INA219,11.400,2022-06-16 18:16:30.913887+00:00
INA219,10.800,2022-06-16 18:16:31.381264+00:00
INA219,11.000,2022-06-16 18:16:31.942896+00:00
INA219,11.500,2022-06-16 18:16:32.399500+00:00
INA219,11.500,2022-06-16 18:16:32.962112+00:00
INA219,11.400,2022-06-16 18:16:33.413216+00:00
INA219,11.300,2022-06-16 18:16:33.974841+00:00
INA219,11.400,2022-06-16 18:16:34.442725+00:00
INA219,11.200,2022-06-16 18:16:35.004733+00:00
INA219,10.900,2022-06-16 18:16:35.471031+00:00
INA219,11.200,2022-06-16 18:16:36.032721+00:00
INA219,11.400,2022-06-16 18:16:36.485911+00:00
INA219,11.100,2022-06-16 18:16:37.046758+00:00
INA219,11.000,2022-06-16 18:16:37.501307+00:00
INA219,11.000,2022-06-16 18:16:38.043974+00:00
INA219,11.200,2022-06-16 18:16:38.529433+00:00
INA219,11.100,2022-06-16 18:16:39.091269+00:00
INA219,11.300,2022-06-16 18:16:39.546084+00:00
INA219,11.300,2022-06-16 18:16:40.087823+00:00
INA219,11.000,2022-06-16 18:16:40.614726+00:00
INA219,11.000,2022-06-16 18:16:41.124822+00:00
INA219,11.200,2022-06-16 18:16:41.623282+00:00
INA219,10.900,2022-06-16 18:16:42.151677+00:00
INA219,11.300,2022-06-16 18:16:42.614582+00:00
INA219,11.200,2022-06-16 18:16:43.174187+00:00
INA219,11.100,2022-06-16 18:16:43.642239+00:00
