Device,Voltage,Percentage,Timestamp
MAX17043,3.641,129.617,2022-06-16 18:06:22.169100+00:00
MAX17043,3.642,129.617,2022-06-16 18:06:22.615201+00:00
MAX17043,3.641,129.617,2022-06-16 18:06:23.181215+00:00
MAX17043,3.641,129.617,2022-06-16 18:06:23.627315+00:00
MAX17043,3.641,129.617,2022-06-16 18:06:24.198155+00:00
MAX17043,3.641,129.457,2022-06-16 18:06:24.653429+00:00
MAX17043,3.641,129.457,2022-06-16 18:06:25.212180+00:00
MAX17043,3.641,129.457,2022-06-16 18:06:25.677913+00:00
MAX17043,3.641,129.457,2022-06-16 18:06:26.235334+00:00
MAX17043,3.641,129.457,2022-06-16 18:06:26.706840+00:00
MAX17043,3.641,129.301,2022-06-16 18:06:27.265080+00:00
MAX17043,3.641,129.301,2022-06-16 18:06:27.731069+00:00
MAX17043,3.641,129.301,2022-06-16 18:06:28.291598+00:00
MAX17043,3.641,129.301,2022-06-16 18:06:28.759609+00:00
MAX17043,3.642,129.301,2022-06-16 18:06:29.318910+00:00
MAX17043,3.642,129.301,2022-06-16 18:06:29.786910+00:00
MAX17043,3.642,129.141,2022-06-16 18:06:30.347590+00:00
MAX17043,3.642,129.141,2022-06-16 18:06:30.810933+00:00
MAX17043,3.642,129.141,2022-06-16 18:06:31.365948+00:00
MAX17043,3.642,129.141,2022-06-16 18:06:31.834175+00:00
MAX17043,3.641,129.141,2022-06-16 18:06:32.394016+00:00
MAX17043,3.641,128.984,2022-06-16 18:06:32.858208+00:00
MAX17043,3.641,128.984,2022-06-16 18:06:33.415604+00:00
MAX17043,3.641,128.984,2022-06-16 18:06:33.880019+00:00
MAX17043,3.641,128.984,2022-06-16 18:06:34.440044+00:00
MAX17043,3.641,128.984,2022-06-16 18:06:34.908246+00:00
MAX17043,3.641,128.824,2022-06-16 18:06:35.466471+00:00
MAX17043,3.642,128.824,2022-06-16 18:06:35.933649+00:00
MAX17043,3.642,128.824,2022-06-16 18:06:36.488101+00:00
MAX17043,3.642,128.824,2022-06-16 18:06:36.951307+00:00
MAX17043,3.642,128.824,2022-06-16 18:06:37.512199+00:00
MAX17043,3.642,128.668,2022-06-16 18:06:37.976706+00:00
MAX17043,3.642,128.668,2022-06-16 18:06:38.534900+00:00
MAX17043,3.642,128.668,2022-06-16 18:06:38.991526+00:00
MAX17043,3.642,128.668,2022-06-16 18:06:39.554934+00:00
MAX17043,3.642,128.668,2022-06-16 18:06:40.004454+00:00
MAX17043,3.642,128.668,2022-06-16 18:06:40.563932+00:00
MAX17043,3.642,128.508,2022-06-16 18:06:41.029697+00:00
MAX17043,3.642,128.508,2022-06-16 18:06:41.592080+00:00
MAX17043,3.642,128.508,2022-06-16 18:06:42.043996+00:00
MAX17043,3.642,128.508,2022-06-16 18:06:42.604916+00:00
MAX17043,3.642,128.508,2022-06-16 18:06:43.071207+00:00
MAX17043,3.642,128.352,2022-06-16 18:06:43.630678+00:00
MAX17043,3.642,128.352,2022-06-16 18:06:44.100605+00:00
MAX17043,3.642,128.352,2022-06-16 18:06:44.661617+00:00
MAX17043,3.642,128.352,2022-06-16 18:06:45.127582+00:00
MAX17043,3.642,128.352,2022-06-16 18:06:45.668752+00:00
MAX17043,3.644,128.191,2022-06-16 18:06:46.148134+00:00
MAX17043,3.644,128.191,2022-06-16 18:06:46.713384+00:00
MAX17043,3.644,128.191,2022-06-16 18:06:47.178917+00:00
MAX17043,3.644,128.191,2022-06-16 18:06:47.738236+00:00
MAX17043,3.644,128.191,2022-06-16 18:06:48.191950+00:00
MAX17043,3.644,128.035,2022-06-16 18:06:48.748251+00:00
MAX17043,3.644,128.035,2022-06-16 18:06:49.214867+00:00
MAX17043,3.644,128.035,2022-06-16 18:06:49.774360+00:00
MAX17043,3.644,128.035,2022-06-16 18:06:50.228238+00:00
MAX17043,3.644,128.035,2022-06-16 18:06:50.789906+00:00
MAX17043,3.644,128.035,2022-06-16 18:06:51.254807+00:00
MAX17043,3.644,127.875,2022-06-16 18:06:51.815697+00:00
MAX17043,3.644,127.875,2022-06-16 18:06:52.277892+00:00
MAX17043,3.642,127.875,2022-06-16 18:06:52.837832+00:00
MAX17043,3.642,127.875,2022-06-16 18:06:53.304868+00:00
MAX17043,3.642,127.875,2022-06-16 18:06:53.865874+00:00
MAX17043,3.642,127.719,2022-06-16 18:06:54.334850+00:00
MAX17043,3.642,127.719,2022-06-16 18:06:54.894048+00:00
MAX17043,3.641,127.719,2022-06-16 18:06:55.362776+00:00
MAX17043,3.641,127.719,2022-06-16 18:06:55.918269+00:00
MAX17043,3.641,127.719,2022-06-16 18:06:56.383237+00:00
MAX17043,3.642,127.559,2022-06-16 18:06:56.941881+00:00
MAX17043,3.642,127.559,2022-06-16 18:06:57.408833+00:00
MAX17043,3.642,127.559,2022-06-16 18:06:57.971213+00:00
MAX17043,3.642,127.559,2022-06-16 18:06:58.433762+00:00
MAX17043,3.642,127.559,2022-06-16 18:06:58.992197+00:00
MAX17043,3.642,127.559,2022-06-16 18:06:59.458826+00:00
MAX17043,3.642,127.402,2022-06-16 18:07:00.002474+00:00
MAX17043,3.642,127.402,2022-06-16 18:07:00.473140+00:00
MAX17043,3.642,127.402,2022-06-16 18:07:01.029889+00:00
MAX17043,3.641,127.402,2022-06-16 18:07:01.496904+00:00
MAX17043,3.641,127.402,2022-06-16 18:07:02.038277+00:00
MAX17043,3.641,127.242,2022-06-16 18:07:02.520257+00:00
MAX17043,3.641,127.242,2022-06-16 18:07:03.075708+00:00
MAX17043,3.641,127.242,2022-06-16 18:07:03.545885+00:00
MAX17043,3.640,127.242,2022-06-16 18:07:04.104858+00:00
MAX17043,3.639,127.242,2022-06-16 18:07:04.571171+00:00
MAX17043,3.634,127.086,2022-06-16 18:07:05.127933+00:00
MAX17043,3.631,127.086,2022-06-16 18:07:05.596882+00:00
MAX17043,3.641,127.086,2022-06-16 18:07:06.158268+00:00
MAX17043,3.641,127.086,2022-06-16 18:07:06.613486+00:00
MAX17043,3.642,127.086,2022-06-16 18:07:07.176417+00:00
MAX17043,3.641,127.086,2022-06-16 18:07:07.628908+00:00
MAX17043,3.642,126.926,2022-06-16 18:07:08.191583+00:00
MAX17043,3.636,126.926,2022-06-16 18:07:08.643590+00:00
MAX17043,3.634,126.926,2022-06-16 18:07:09.202968+00:00
MAX17043,3.639,126.926,2022-06-16 18:07:09.670969+00:00
MAX17043,3.639,126.926,2022-06-16 18:07:10.231140+00:00
MAX17043,3.634,126.770,2022-06-16 18:07:10.697700+00:00
MAX17043,3.641,126.770,2022-06-16 18:07:11.254366+00:00
MAX17043,3.639,126.770,2022-06-16 18:07:11.719353+00:00
MAX17043,3.639,126.770,2022-06-16 18:07:12.259819+00:00
MAX17043,3.636,126.770,2022-06-16 18:07:12.741332+00:00
MAX17043,3.634,126.609,2022-06-16 18:07:13.300432+00:00
MAX17043,3.638,126.609,2022-06-16 18:07:13.764351+00:00
MAX17043,3.641,126.609,2022-06-16 18:07:14.319395+00:00
MAX17043,3.639,126.609,2022-06-16 18:07:14.785354+00:00
MAX17043,3.639,126.609,2022-06-16 18:07:15.341955+00:00
MAX17043,3.639,126.609,2022-06-16 18:07:15.809087+00:00
MAX17043,3.636,126.453,2022-06-16 18:07:16.370180+00:00
MAX17043,3.639,126.453,2022-06-16 18:07:16.835385+00:00
MAX17043,3.638,126.453,2022-06-16 18:07:17.391834+00:00
MAX17043,3.635,126.453,2022-06-16 18:07:17.857024+00:00
MAX17043,3.635,126.453,2022-06-16 18:07:18.413780+00:00
MAX17043,3.636,126.293,2022-06-16 18:07:18.878571+00:00
MAX17043,3.636,126.293,2022-06-16 18:07:19.434738+00:00
MAX17043,3.634,126.293,2022-06-16 18:07:19.897781+00:00
MAX17043,3.634,126.293,2022-06-16 18:07:20.459793+00:00
MAX17043,3.636,126.293,2022-06-16 18:07:20.928624+00:00
MAX17043,3.638,126.137,2022-06-16 18:07:21.490591+00:00
MAX17043,3.638,126.137,2022-06-16 18:07:21.943167+00:00
MAX17043,3.638,126.137,2022-06-16 18:07:22.502739+00:00
MAX17043,3.640,126.137,2022-06-16 18:07:22.968026+00:00
MAX17043,3.641,126.137,2022-06-16 18:07:23.515227+00:00
MAX17043,3.641,126.137,2022-06-16 18:07:23.979767+00:00
MAX17043,3.639,125.977,2022-06-16 18:07:24.528438+00:00
MAX17043,3.639,125.977,2022-06-16 18:07:25.011392+00:00
MAX17043,3.638,125.977,2022-06-16 18:07:25.572155+00:00
MAX17043,3.638,125.977,2022-06-16 18:07:26.037929+00:00
MAX17043,3.638,125.977,2022-06-16 18:07:26.596510+00:00
MAX17043,3.638,125.820,2022-06-16 18:07:27.060767+00:00
MAX17043,3.638,125.820,2022-06-16 18:07:27.623546+00:00
MAX17043,3.641,125.820,2022-06-16 18:07:28.084182+00:00
MAX17043,3.641,125.820,2022-06-16 18:07:28.644802+00:00
MAX17043,3.642,125.820,2022-06-16 18:07:29.110766+00:00
MAX17043,3.641,125.820,2022-06-16 18:07:29.669783+00:00
MAX17043,3.641,125.660,2022-06-16 18:07:30.139770+00:00
MAX17043,3.641,125.660,2022-06-16 18:07:30.699469+00:00
MAX17043,3.641,125.660,2022-06-16 18:07:31.165602+00:00
MAX17043,3.641,125.660,2022-06-16 18:07:31.725191+00:00
MAX17043,3.642,125.660,2022-06-16 18:07:32.178614+00:00
MAX17043,3.644,125.504,2022-06-16 18:07:32.730860+00:00
MAX17043,3.644,125.504,2022-06-16 18:07:33.198532+00:00
MAX17043,3.644,125.504,2022-06-16 18:07:33.762090+00:00
MAX17043,3.644,125.504,2022-06-16 18:07:34.229284+00:00
MAX17043,3.644,125.504,2022-06-16 18:07:34.788879+00:00
MAX17043,3.644,125.504,2022-06-16 18:07:35.252290+00:00
MAX17043,3.642,125.344,2022-06-16 18:07:35.795565+00:00
MAX17043,3.644,125.344,2022-06-16 18:07:36.277675+00:00
MAX17043,3.642,125.344,2022-06-16 18:07:36.838654+00:00
MAX17043,3.642,125.344,2022-06-16 18:07:37.289792+00:00
MAX17043,3.642,125.344,2022-06-16 18:07:37.847374+00:00
MAX17043,3.644,125.188,2022-06-16 18:07:38.314441+00:00
MAX17043,3.644,125.188,2022-06-16 18:07:38.875120+00:00
MAX17043,3.642,125.188,2022-06-16 18:07:39.339951+00:00
MAX17043,3.644,125.188,2022-06-16 18:07:39.900615+00:00
MAX17043,3.642,125.188,2022-06-16 18:07:40.370213+00:00
MAX17043,3.642,125.188,2022-06-16 18:07:40.932800+00:00
MAX17043,3.642,125.027,2022-06-16 18:07:41.386590+00:00
MAX17043,3.642,125.027,2022-06-16 18:07:41.941841+00:00
MAX17043,3.642,125.027,2022-06-16 18:07:42.406651+00:00
MAX17043,3.644,125.027,2022-06-16 18:07:42.965604+00:00
MAX17043,3.644,125.027,2022-06-16 18:07:43.433827+00:00
MAX17043,3.644,124.871,2022-06-16 18:07:43.992775+00:00
MAX17043,3.644,124.871,2022-06-16 18:07:44.446651+00:00
MAX17043,3.644,124.871,2022-06-16 18:07:45.005650+00:00
MAX17043,3.644,124.871,2022-06-16 18:07:45.465771+00:00
MAX17043,3.644,124.871,2022-06-16 18:07:46.024055+00:00
MAX17043,3.644,124.711,2022-06-16 18:07:46.493412+00:00
MAX17043,3.644,124.711,2022-06-16 18:07:47.052694+00:00
MAX17043,3.644,124.711,2022-06-16 18:07:47.519108+00:00
MAX17043,3.644,124.711,2022-06-16 18:07:48.079762+00:00
MAX17043,3.644,124.711,2022-06-16 18:07:48.549141+00:00
MAX17043,3.644,124.711,2022-06-16 18:07:49.107655+00:00
MAX17043,3.645,124.555,2022-06-16 18:07:49.569477+00:00
MAX17043,3.645,124.555,2022-06-16 18:07:50.127934+00:00
MAX17043,3.645,124.555,2022-06-16 18:07:50.581527+00:00
MAX17043,3.645,124.555,2022-06-16 18:07:51.121453+00:00
MAX17043,3.645,124.555,2022-06-16 18:07:51.601970+00:00
MAX17043,3.645,124.555,2022-06-16 18:07:52.165453+00:00
MAX17043,3.645,124.395,2022-06-16 18:07:52.617589+00:00
MAX17043,3.645,124.395,2022-06-16 18:07:53.177261+00:00
MAX17043,3.645,124.395,2022-06-16 18:07:53.638911+00:00
MAX17043,3.645,124.395,2022-06-16 18:07:54.199453+00:00
MAX17043,3.645,124.395,2022-06-16 18:07:54.663454+00:00
MAX17043,3.646,124.238,2022-06-16 18:07:55.220356+00:00
MAX17043,3.646,124.238,2022-06-16 18:07:55.686674+00:00
MAX17043,3.646,124.238,2022-06-16 18:07:56.241536+00:00
MAX17043,3.646,124.238,2022-06-16 18:07:56.709657+00:00
MAX17043,3.646,124.238,2022-06-16 18:07:57.253354+00:00
MAX17043,3.646,124.238,2022-06-16 18:07:57.731755+00:00
MAX17043,3.646,124.078,2022-06-16 18:07:58.291347+00:00
MAX17043,3.646,124.078,2022-06-16 18:07:58.760137+00:00
MAX17043,3.646,124.078,2022-06-16 18:07:59.321132+00:00
MAX17043,3.646,124.078,2022-06-16 18:07:59.786664+00:00
MAX17043,3.646,124.078,2022-06-16 18:08:00.341700+00:00
MAX17043,3.646,123.922,2022-06-16 18:08:00.807839+00:00
MAX17043,3.646,123.922,2022-06-16 18:08:01.365021+00:00
MAX17043,3.646,123.922,2022-06-16 18:08:01.830961+00:00
MAX17043,3.646,123.922,2022-06-16 18:08:02.393005+00:00
MAX17043,3.646,123.922,2022-06-16 18:08:02.842929+00:00
MAX17043,3.646,123.922,2022-06-16 18:08:03.405130+00:00
MAX17043,3.646,123.762,2022-06-16 18:08:03.871947+00:00
MAX17043,3.646,123.762,2022-06-16 18:08:04.428342+00:00
MAX17043,3.646,123.762,2022-06-16 18:08:04.882821+00:00
MAX17043,3.646,123.762,2022-06-16 18:08:05.440900+00:00
MAX17043,3.646,123.762,2022-06-16 18:08:05.910354+00:00
MAX17043,3.646,123.605,2022-06-16 18:08:06.453164+00:00
MAX17043,3.648,123.605,2022-06-16 18:08:06.939769+00:00
MAX17043,3.648,123.605,2022-06-16 18:08:07.502771+00:00
MAX17043,3.648,123.605,2022-06-16 18:08:07.955822+00:00
MAX17043,3.648,123.605,2022-06-16 18:08:08.499344+00:00
MAX17043,3.648,123.605,2022-06-16 18:08:08.980573+00:00
MAX17043,3.648,123.445,2022-06-16 18:08:09.538752+00:00
MAX17043,3.648,123.445,2022-06-16 18:08:10.002137+00:00
MAX17043,3.648,123.445,2022-06-16 18:08:10.558173+00:00
MAX17043,3.648,123.445,2022-06-16 18:08:11.025718+00:00
MAX17043,3.648,123.445,2022-06-16 18:08:11.570360+00:00
MAX17043,3.648,123.445,2022-06-16 18:08:12.042693+00:00
MAX17043,3.648,123.289,2022-06-16 18:08:12.602740+00:00
MAX17043,3.648,123.289,2022-06-16 18:08:13.065524+00:00
MAX17043,3.648,123.289,2022-06-16 18:08:13.627085+00:00
MAX17043,3.648,123.289,2022-06-16 18:08:14.092227+00:00
MAX17043,3.648,123.289,2022-06-16 18:08:14.653762+00:00
MAX17043,3.649,123.129,2022-06-16 18:08:15.119638+00:00
MAX17043,3.649,123.129,2022-06-16 18:08:15.682611+00:00
MAX17043,3.649,123.129,2022-06-16 18:08:16.150158+00:00
MAX17043,3.649,123.129,2022-06-16 18:08:16.709252+00:00
MAX17043,3.649,123.129,2022-06-16 18:08:17.174991+00:00
MAX17043,3.649,123.129,2022-06-16 18:08:17.737468+00:00
MAX17043,3.649,122.973,2022-06-16 18:08:18.204523+00:00
MAX17043,3.649,122.973,2022-06-16 18:08:18.767214+00:00
MAX17043,3.649,122.973,2022-06-16 18:08:19.215263+00:00
MAX17043,3.649,122.973,2022-06-16 18:08:19.773625+00:00
MAX17043,3.649,122.973,2022-06-16 18:08:20.238476+00:00
MAX17043,3.649,122.813,2022-06-16 18:08:20.801460+00:00
MAX17043,3.649,122.813,2022-06-16 18:08:21.252143+00:00
MAX17043,3.649,122.813,2022-06-16 18:08:21.808779+00:00
MAX17043,3.649,122.813,2022-06-16 18:08:22.276454+00:00
MAX17043,3.649,122.813,2022-06-16 18:08:22.834162+00:00
MAX17043,3.649,122.813,2022-06-16 18:08:23.301687+00:00
MAX17043,3.649,122.656,2022-06-16 18:08:23.857535+00:00
MAX17043,3.649,122.656,2022-06-16 18:08:24.324907+00:00
MAX17043,3.649,122.656,2022-06-16 18:08:24.890558+00:00
MAX17043,3.649,122.656,2022-06-16 18:08:25.338206+00:00
MAX17043,3.649,122.656,2022-06-16 18:08:25.910185+00:00
MAX17043,3.649,122.656,2022-06-16 18:08:26.348339+00:00
MAX17043,3.649,122.496,2022-06-16 18:08:26.909835+00:00
MAX17043,3.649,122.496,2022-06-16 18:08:27.372470+00:00
MAX17043,3.649,122.496,2022-06-16 18:08:27.928697+00:00
MAX17043,3.649,122.496,2022-06-16 18:08:28.380971+00:00
MAX17043,3.649,122.496,2022-06-16 18:08:28.940198+00:00
MAX17043,3.649,122.496,2022-06-16 18:08:29.396195+00:00
MAX17043,3.649,122.340,2022-06-16 18:08:29.955395+00:00
MAX17043,3.649,122.340,2022-06-16 18:08:30.423251+00:00
MAX17043,3.649,122.340,2022-06-16 18:08:30.982261+00:00
MAX17043,3.649,122.340,2022-06-16 18:08:31.424152+00:00
MAX17043,3.649,122.340,2022-06-16 18:08:31.943682+00:00
MAX17043,3.649,122.180,2022-06-16 18:08:32.432282+00:00
MAX17043,3.649,122.180,2022-06-16 18:08:32.937394+00:00
MAX17043,3.649,122.180,2022-06-16 18:08:33.441200+00:00
MAX17043,3.649,122.180,2022-06-16 18:08:33.944110+00:00
MAX17043,3.649,122.180,2022-06-16 18:08:34.493608+00:00
MAX17043,3.649,122.180,2022-06-16 18:08:34.951466+00:00
MAX17043,3.649,122.023,2022-06-16 18:08:35.485747+00:00
MAX17043,3.649,122.023,2022-06-16 18:08:35.989224+00:00
MAX17043,3.649,122.023,2022-06-16 18:08:36.515342+00:00
MAX17043,3.649,122.023,2022-06-16 18:08:37.025365+00:00
MAX17043,3.649,122.023,2022-06-16 18:08:37.484814+00:00
MAX17043,3.649,122.023,2022-06-16 18:08:38.009955+00:00
MAX17043,3.649,121.863,2022-06-16 18:08:38.721748+00:00
MAX17043,3.649,121.863,2022-06-16 18:08:39.038376+00:00
MAX17043,3.649,121.863,2022-06-16 18:08:39.577996+00:00
MAX17043,3.649,121.863,2022-06-16 18:08:40.016387+00:00
MAX17043,3.649,121.863,2022-06-16 18:08:40.538982+00:00
MAX17043,3.649,121.863,2022-06-16 18:08:41.073900+00:00
MAX17043,3.649,121.707,2022-06-16 18:08:41.536003+00:00
MAX17043,3.649,121.707,2022-06-16 18:08:42.093128+00:00
MAX17043,3.649,121.707,2022-06-16 18:08:42.552232+00:00
MAX17043,3.649,121.707,2022-06-16 18:08:43.126077+00:00
MAX17043,3.649,121.707,2022-06-16 18:08:43.564775+00:00
MAX17043,3.649,121.547,2022-06-16 18:08:44.136907+00:00
MAX17043,3.649,121.547,2022-06-16 18:08:44.583008+00:00
MAX17043,3.649,121.547,2022-06-16 18:08:45.158137+00:00
MAX17043,3.649,121.547,2022-06-16 18:08:45.604239+00:00
MAX17043,3.649,121.547,2022-06-16 18:08:46.179370+00:00
MAX17043,3.649,121.547,2022-06-16 18:08:46.627470+00:00
MAX17043,3.649,121.391,2022-06-16 18:08:47.203601+00:00
MAX17043,3.649,121.391,2022-06-16 18:08:47.649701+00:00
MAX17043,3.649,121.391,2022-06-16 18:08:48.206828+00:00
MAX17043,3.649,121.391,2022-06-16 18:08:48.670933+00:00
MAX17043,3.649,121.391,2022-06-16 18:08:49.247063+00:00
MAX17043,3.649,121.391,2022-06-16 18:08:49.693165+00:00
MAX17043,3.649,121.230,2022-06-16 18:08:50.268295+00:00
MAX17043,3.649,121.230,2022-06-16 18:08:50.716866+00:00
MAX17043,3.649,121.230,2022-06-16 18:08:51.288997+00:00
MAX17043,3.649,121.230,2022-06-16 18:08:51.731619+00:00
MAX17043,3.649,121.230,2022-06-16 18:08:52.303749+00:00
MAX17043,3.649,121.230,2022-06-16 18:08:52.749851+00:00
MAX17043,3.649,121.074,2022-06-16 18:08:53.322981+00:00
MAX17043,3.649,121.074,2022-06-16 18:08:53.771081+00:00
MAX17043,3.649,121.074,2022-06-16 18:08:54.347212+00:00
MAX17043,3.649,121.074,2022-06-16 18:08:54.793314+00:00
MAX17043,3.649,121.074,2022-06-16 18:08:55.369446+00:00
MAX17043,3.649,120.914,2022-06-16 18:08:55.813148+00:00
MAX17043,3.649,120.914,2022-06-16 18:08:56.384276+00:00
MAX17043,3.649,120.914,2022-06-16 18:08:56.830375+00:00
MAX17043,3.649,120.914,2022-06-16 18:08:57.403504+00:00
MAX17043,3.649,120.914,2022-06-16 18:08:57.850606+00:00
MAX17043,3.649,120.914,2022-06-16 18:08:58.423736+00:00
MAX17043,3.649,120.758,2022-06-16 18:08:58.866835+00:00
MAX17043,3.649,120.758,2022-06-16 18:08:59.438966+00:00
MAX17043,3.649,120.758,2022-06-16 18:08:59.881801+00:00
MAX17043,3.649,120.758,2022-06-16 18:09:00.451930+00:00
MAX17043,3.649,120.758,2022-06-16 18:09:00.898031+00:00
MAX17043,3.649,120.758,2022-06-16 18:09:01.474162+00:00
MAX17043,3.649,120.598,2022-06-16 18:09:01.921262+00:00
MAX17043,3.649,120.598,2022-06-16 18:09:02.493901+00:00
MAX17043,3.649,120.598,2022-06-16 18:09:02.937001+00:00
MAX17043,3.649,120.598,2022-06-16 18:09:03.510132+00:00
MAX17043,3.649,120.598,2022-06-16 18:09:03.958232+00:00
MAX17043,3.649,120.598,2022-06-16 18:09:04.533361+00:00
MAX17043,3.649,120.441,2022-06-16 18:09:04.979463+00:00
MAX17043,3.649,120.441,2022-06-16 18:09:05.555596+00:00
MAX17043,3.649,120.441,2022-06-16 18:09:06.000696+00:00
MAX17043,3.649,120.441,2022-06-16 18:09:06.576827+00:00
MAX17043,3.649,120.441,2022-06-16 18:09:07.024929+00:00
MAX17043,3.649,120.441,2022-06-16 18:09:07.600060+00:00
MAX17043,3.649,120.281,2022-06-16 18:09:08.044203+00:00
MAX17043,3.649,120.281,2022-06-16 18:09:08.601331+00:00
MAX17043,3.649,120.281,2022-06-16 18:09:09.062437+00:00
MAX17043,3.649,120.281,2022-06-16 18:09:09.636565+00:00
MAX17043,3.649,120.281,2022-06-16 18:09:10.084666+00:00
MAX17043,3.649,120.281,2022-06-16 18:09:10.658796+00:00
MAX17043,3.649,120.125,2022-06-16 18:09:11.104896+00:00
MAX17043,3.649,120.125,2022-06-16 18:09:11.681026+00:00
MAX17043,3.649,120.125,2022-06-16 18:09:12.125125+00:00
MAX17043,3.649,120.125,2022-06-16 18:09:12.697255+00:00
MAX17043,3.744,120.125,2022-06-16 18:09:13.136360+00:00
MAX17043,3.832,120.125,2022-06-16 18:09:13.711489+00:00
MAX17043,3.834,119.965,2022-06-16 18:09:14.159593+00:00
MAX17043,3.834,119.965,2022-06-16 18:09:14.734719+00:00
MAX17043,3.834,119.965,2022-06-16 18:09:15.181820+00:00
MAX17043,3.834,119.965,2022-06-16 18:09:15.756953+00:00
MAX17043,3.834,119.965,2022-06-16 18:09:16.200922+00:00
MAX17043,3.834,119.965,2022-06-16 18:09:16.776054+00:00
MAX17043,3.835,119.965,2022-06-16 18:09:17.223097+00:00
MAX17043,3.835,119.965,2022-06-16 18:09:17.797226+00:00
MAX17043,3.835,119.809,2022-06-16 18:09:18.245326+00:00
MAX17043,3.835,119.809,2022-06-16 18:09:18.821457+00:00
MAX17043,3.835,119.809,2022-06-16 18:09:19.267557+00:00
MAX17043,3.836,119.809,2022-06-16 18:09:19.840685+00:00
MAX17043,3.836,119.809,2022-06-16 18:09:20.286137+00:00
MAX17043,3.836,119.809,2022-06-16 18:09:20.860268+00:00
MAX17043,3.836,119.809,2022-06-16 18:09:21.308370+00:00
MAX17043,3.836,119.809,2022-06-16 18:09:21.883499+00:00
MAX17043,3.836,119.648,2022-06-16 18:09:22.331600+00:00
MAX17043,3.836,119.648,2022-06-16 18:09:22.904731+00:00
MAX17043,3.836,119.648,2022-06-16 18:09:23.351833+00:00
MAX17043,3.836,119.648,2022-06-16 18:09:23.926968+00:00
MAX17043,3.836,119.648,2022-06-16 18:09:24.370192+00:00
MAX17043,3.836,119.648,2022-06-16 18:09:24.944325+00:00
MAX17043,3.836,119.648,2022-06-16 18:09:25.392428+00:00
MAX17043,3.836,119.648,2022-06-16 18:09:25.968557+00:00
MAX17043,3.836,119.492,2022-06-16 18:09:26.416657+00:00
MAX17043,3.836,119.492,2022-06-16 18:09:26.992788+00:00
MAX17043,3.836,119.492,2022-06-16 18:09:27.440891+00:00
MAX17043,3.838,119.492,2022-06-16 18:09:28.016020+00:00
MAX17043,3.838,119.492,2022-06-16 18:09:28.463120+00:00
MAX17043,3.838,119.492,2022-06-16 18:09:29.039250+00:00
MAX17043,3.838,119.492,2022-06-16 18:09:29.485351+00:00
MAX17043,3.838,119.492,2022-06-16 18:09:30.058746+00:00
MAX17043,3.838,119.332,2022-06-16 18:09:30.509978+00:00
MAX17043,3.839,119.332,2022-06-16 18:09:31.076635+00:00
MAX17043,3.839,119.332,2022-06-16 18:09:31.518876+00:00
MAX17043,3.839,119.332,2022-06-16 18:09:32.091125+00:00
MAX17043,3.839,119.332,2022-06-16 18:09:32.533503+00:00
MAX17043,3.839,119.332,2022-06-16 18:09:33.100922+00:00
MAX17043,3.839,119.332,2022-06-16 18:09:33.546905+00:00
MAX17043,3.839,119.332,2022-06-16 18:09:34.117373+00:00
MAX17043,3.839,119.176,2022-06-16 18:09:34.555584+00:00
MAX17043,3.839,119.176,2022-06-16 18:09:35.113402+00:00
MAX17043,3.839,119.176,2022-06-16 18:09:35.580948+00:00
MAX17043,3.839,119.176,2022-06-16 18:09:36.139131+00:00
MAX17043,3.839,119.176,2022-06-16 18:09:36.604238+00:00
MAX17043,3.839,119.176,2022-06-16 18:09:37.167365+00:00
MAX17043,3.839,119.176,2022-06-16 18:09:37.619980+00:00
MAX17043,3.839,119.176,2022-06-16 18:09:38.181173+00:00
MAX17043,3.839,119.016,2022-06-16 18:09:38.647625+00:00
MAX17043,3.839,119.016,2022-06-16 18:09:39.209530+00:00
MAX17043,3.839,119.016,2022-06-16 18:09:39.678462+00:00
MAX17043,3.839,119.016,2022-06-16 18:09:40.235362+00:00
MAX17043,3.839,119.016,2022-06-16 18:09:40.703403+00:00
MAX17043,3.839,119.016,2022-06-16 18:09:41.264273+00:00
MAX17043,3.839,119.016,2022-06-16 18:09:41.732454+00:00
MAX17043,3.840,119.016,2022-06-16 18:09:42.291589+00:00
MAX17043,3.840,119.016,2022-06-16 18:09:42.755739+00:00
MAX17043,3.840,118.859,2022-06-16 18:09:43.299473+00:00
MAX17043,3.840,118.859,2022-06-16 18:09:43.777560+00:00
MAX17043,3.840,118.859,2022-06-16 18:09:44.338218+00:00
MAX17043,3.840,118.859,2022-06-16 18:09:44.806911+00:00
MAX17043,3.840,118.859,2022-06-16 18:09:45.363880+00:00
MAX17043,3.840,118.859,2022-06-16 18:09:45.830212+00:00
MAX17043,3.840,118.859,2022-06-16 18:09:46.392477+00:00
MAX17043,3.840,118.859,2022-06-16 18:09:46.846329+00:00
MAX17043,3.840,118.699,2022-06-16 18:09:47.404971+00:00
MAX17043,3.840,118.699,2022-06-16 18:09:47.873468+00:00
MAX17043,3.840,118.699,2022-06-16 18:09:48.435806+00:00
MAX17043,3.841,118.699,2022-06-16 18:09:48.887960+00:00
MAX17043,3.841,118.699,2022-06-16 18:09:49.453809+00:00
MAX17043,3.841,118.699,2022-06-16 18:09:49.892244+00:00
MAX17043,3.841,118.699,2022-06-16 18:09:50.450099+00:00
MAX17043,3.841,118.699,2022-06-16 18:09:50.905626+00:00
MAX17043,3.841,118.543,2022-06-16 18:09:51.465805+00:00
MAX17043,3.841,118.543,2022-06-16 18:09:51.931930+00:00
MAX17043,3.841,118.543,2022-06-16 18:09:52.493075+00:00
MAX17043,3.841,118.543,2022-06-16 18:09:52.962053+00:00
MAX17043,3.841,118.543,2022-06-16 18:09:53.522378+00:00
MAX17043,3.841,118.543,2022-06-16 18:09:53.985780+00:00
MAX17043,3.841,118.543,2022-06-16 18:09:54.547682+00:00
MAX17043,3.841,118.543,2022-06-16 18:09:55.016302+00:00
MAX17043,3.841,118.383,2022-06-16 18:09:55.571755+00:00
MAX17043,3.841,118.383,2022-06-16 18:09:56.038325+00:00
MAX17043,3.841,118.383,2022-06-16 18:09:56.599039+00:00
MAX17043,3.841,118.383,2022-06-16 18:09:57.060641+00:00
MAX17043,3.841,118.383,2022-06-16 18:09:57.614363+00:00
MAX17043,3.841,118.383,2022-06-16 18:09:58.082808+00:00
MAX17043,3.841,118.383,2022-06-16 18:09:58.644291+00:00
MAX17043,3.841,118.383,2022-06-16 18:09:59.110721+00:00
MAX17043,3.841,118.383,2022-06-16 18:09:59.670126+00:00
MAX17043,3.841,118.227,2022-06-16 18:10:00.137213+00:00
MAX17043,3.841,118.227,2022-06-16 18:10:00.694089+00:00
MAX17043,3.841,118.227,2022-06-16 18:10:01.161921+00:00
MAX17043,3.841,118.227,2022-06-16 18:10:01.719919+00:00
MAX17043,3.841,118.227,2022-06-16 18:10:02.183384+00:00
MAX17043,3.841,118.227,2022-06-16 18:10:02.745444+00:00
MAX17043,3.841,118.227,2022-06-16 18:10:03.212399+00:00
MAX17043,3.841,118.227,2022-06-16 18:10:03.780700+00:00
MAX17043,3.841,118.066,2022-06-16 18:10:04.231215+00:00
MAX17043,3.841,118.066,2022-06-16 18:10:04.794563+00:00
MAX17043,3.841,118.066,2022-06-16 18:10:05.244620+00:00
MAX17043,3.841,118.066,2022-06-16 18:10:05.807445+00:00
MAX17043,3.841,118.066,2022-06-16 18:10:06.275040+00:00
MAX17043,3.841,118.066,2022-06-16 18:10:06.839329+00:00
MAX17043,3.841,118.066,2022-06-16 18:10:07.278031+00:00
MAX17043,3.842,118.066,2022-06-16 18:10:07.829189+00:00
MAX17043,3.842,117.910,2022-06-16 18:10:08.291223+00:00
MAX17043,3.842,117.910,2022-06-16 18:10:08.849873+00:00
MAX17043,3.842,117.910,2022-06-16 18:10:09.315050+00:00
MAX17043,3.842,117.910,2022-06-16 18:10:09.877003+00:00
MAX17043,3.842,117.910,2022-06-16 18:10:10.325813+00:00
MAX17043,3.842,117.910,2022-06-16 18:10:10.889173+00:00
MAX17043,3.842,117.910,2022-06-16 18:10:11.346827+00:00
MAX17043,3.842,117.910,2022-06-16 18:10:11.903595+00:00
MAX17043,3.842,117.910,2022-06-16 18:10:12.367999+00:00
MAX17043,3.734,117.750,2022-06-16 18:10:12.927642+00:00
MAX17043,3.659,117.750,2022-06-16 18:10:13.393272+00:00
MAX17043,3.659,117.750,2022-06-16 18:10:13.956061+00:00
MAX17043,3.659,117.750,2022-06-16 18:10:14.422429+00:00
MAX17043,3.659,117.750,2022-06-16 18:10:14.987382+00:00
MAX17043,3.659,117.750,2022-06-16 18:10:15.425735+00:00
MAX17043,3.659,117.594,2022-06-16 18:10:15.990575+00:00
MAX17043,3.658,117.594,2022-06-16 18:10:16.443086+00:00
MAX17043,3.658,117.594,2022-06-16 18:10:17.002078+00:00
MAX17043,3.658,117.594,2022-06-16 18:10:17.468846+00:00
MAX17043,3.658,117.594,2022-06-16 18:10:18.025534+00:00
MAX17043,3.658,117.594,2022-06-16 18:10:18.493563+00:00
MAX17043,3.658,117.434,2022-06-16 18:10:19.054662+00:00
MAX17043,3.658,117.434,2022-06-16 18:10:19.525122+00:00
MAX17043,3.656,117.434,2022-06-16 18:10:20.084513+00:00
MAX17043,3.656,117.434,2022-06-16 18:10:20.552032+00:00
MAX17043,3.656,117.434,2022-06-16 18:10:21.114833+00:00
MAX17043,3.656,117.434,2022-06-16 18:10:21.566316+00:00
MAX17043,3.656,117.277,2022-06-16 18:10:22.140447+00:00
MAX17043,3.656,117.277,2022-06-16 18:10:22.586511+00:00
MAX17043,3.656,117.277,2022-06-16 18:10:23.156639+00:00
MAX17043,3.656,117.277,2022-06-16 18:10:23.600185+00:00
MAX17043,3.656,117.277,2022-06-16 18:10:24.156427+00:00
MAX17043,3.656,117.277,2022-06-16 18:10:24.622200+00:00
MAX17043,3.656,117.117,2022-06-16 18:10:25.179375+00:00
MAX17043,3.656,117.117,2022-06-16 18:10:25.645342+00:00
MAX17043,3.656,117.117,2022-06-16 18:10:26.205980+00:00
MAX17043,3.656,117.117,2022-06-16 18:10:26.672418+00:00
MAX17043,3.656,117.117,2022-06-16 18:10:27.234916+00:00
MAX17043,3.656,117.117,2022-06-16 18:10:27.687052+00:00
MAX17043,3.656,116.961,2022-06-16 18:10:28.245035+00:00
MAX17043,3.656,116.961,2022-06-16 18:10:28.716710+00:00
MAX17043,3.656,116.961,2022-06-16 18:10:29.279770+00:00
MAX17043,3.656,116.961,2022-06-16 18:10:29.728731+00:00
MAX17043,3.656,116.961,2022-06-16 18:10:30.287241+00:00
MAX17043,3.656,116.961,2022-06-16 18:10:30.751126+00:00
MAX17043,3.656,116.961,2022-06-16 18:10:31.308422+00:00
MAX17043,3.656,116.801,2022-06-16 18:10:31.777070+00:00
MAX17043,3.656,116.801,2022-06-16 18:10:32.335250+00:00
MAX17043,3.656,116.801,2022-06-16 18:10:32.791760+00:00
MAX17043,3.656,116.801,2022-06-16 18:10:33.351260+00:00
MAX17043,3.656,116.801,2022-06-16 18:10:33.817368+00:00
MAX17043,3.656,116.801,2022-06-16 18:10:34.373373+00:00
MAX17043,3.656,116.645,2022-06-16 18:10:34.840994+00:00
MAX17043,3.656,116.645,2022-06-16 18:10:35.403722+00:00
MAX17043,3.656,116.645,2022-06-16 18:10:35.870790+00:00
MAX17043,3.656,116.645,2022-06-16 18:10:36.435039+00:00
MAX17043,3.656,116.645,2022-06-16 18:10:36.884595+00:00
MAX17043,3.656,116.645,2022-06-16 18:10:37.446542+00:00
MAX17043,3.655,116.484,2022-06-16 18:10:37.913698+00:00
MAX17043,3.656,116.484,2022-06-16 18:10:38.473080+00:00
MAX17043,3.655,116.484,2022-06-16 18:10:38.933201+00:00
MAX17043,3.655,116.484,2022-06-16 18:10:39.491844+00:00
MAX17043,3.655,116.484,2022-06-16 18:10:39.955973+00:00
MAX17043,3.655,116.484,2022-06-16 18:10:40.519393+00:00
MAX17043,3.655,116.328,2022-06-16 18:10:40.985890+00:00
MAX17043,3.655,116.328,2022-06-16 18:10:41.547085+00:00
MAX17043,3.655,116.328,2022-06-16 18:10:42.016443+00:00
MAX17043,3.655,116.328,2022-06-16 18:10:42.578508+00:00
MAX17043,3.655,116.328,2022-06-16 18:10:43.047217+00:00
MAX17043,3.655,116.328,2022-06-16 18:10:43.604332+00:00
MAX17043,3.655,116.168,2022-06-16 18:10:44.069658+00:00
MAX17043,3.655,116.168,2022-06-16 18:10:44.629764+00:00
MAX17043,3.655,116.168,2022-06-16 18:10:45.099425+00:00
MAX17043,3.655,116.168,2022-06-16 18:10:45.663635+00:00
MAX17043,3.655,116.168,2022-06-16 18:10:46.121217+00:00
MAX17043,3.655,116.168,2022-06-16 18:10:46.681621+00:00
MAX17043,3.655,116.012,2022-06-16 18:10:47.136400+00:00
MAX17043,3.655,116.012,2022-06-16 18:10:47.698270+00:00
MAX17043,3.655,116.012,2022-06-16 18:10:48.152477+00:00
MAX17043,3.655,116.012,2022-06-16 18:10:48.712286+00:00
MAX17043,3.655,116.012,2022-06-16 18:10:49.180442+00:00
MAX17043,3.655,116.012,2022-06-16 18:10:49.743236+00:00
MAX17043,3.655,115.852,2022-06-16 18:10:50.207461+00:00
MAX17043,3.655,115.852,2022-06-16 18:10:50.769430+00:00
MAX17043,3.654,115.852,2022-06-16 18:10:51.224782+00:00
MAX17043,3.655,115.852,2022-06-16 18:10:51.783939+00:00
MAX17043,3.654,115.852,2022-06-16 18:10:52.253996+00:00
MAX17043,3.655,115.852,2022-06-16 18:10:52.813439+00:00
MAX17043,3.654,115.852,2022-06-16 18:10:53.281761+00:00
MAX17043,3.654,115.695,2022-06-16 18:10:53.843603+00:00
MAX17043,3.654,115.695,2022-06-16 18:10:54.311338+00:00
MAX17043,3.654,115.695,2022-06-16 18:10:54.871828+00:00
MAX17043,3.654,115.695,2022-06-16 18:10:55.324624+00:00
MAX17043,3.654,115.695,2022-06-16 18:10:55.886451+00:00
MAX17043,3.654,115.695,2022-06-16 18:10:56.339944+00:00
MAX17043,3.654,115.535,2022-06-16 18:10:56.904875+00:00
MAX17043,3.654,115.535,2022-06-16 18:10:57.358028+00:00
MAX17043,3.654,115.535,2022-06-16 18:10:57.920443+00:00
MAX17043,3.654,115.535,2022-06-16 18:10:58.375058+00:00
MAX17043,3.654,115.535,2022-06-16 18:10:58.941382+00:00
MAX17043,3.654,115.535,2022-06-16 18:10:59.378787+00:00
MAX17043,3.654,115.379,2022-06-16 18:10:59.925373+00:00
MAX17043,3.654,115.379,2022-06-16 18:11:00.408423+00:00
MAX17043,3.654,115.379,2022-06-16 18:11:00.956422+00:00
MAX17043,3.654,115.379,2022-06-16 18:11:01.439824+00:00
MAX17043,3.654,115.379,2022-06-16 18:11:02.001485+00:00
MAX17043,3.654,115.379,2022-06-16 18:11:02.469077+00:00
MAX17043,3.654,115.219,2022-06-16 18:11:03.031118+00:00
MAX17043,3.654,115.219,2022-06-16 18:11:03.486258+00:00
MAX17043,3.654,115.219,2022-06-16 18:11:04.049510+00:00
MAX17043,3.654,115.219,2022-06-16 18:11:04.502688+00:00
MAX17043,3.654,115.219,2022-06-16 18:11:05.062895+00:00
MAX17043,3.654,115.219,2022-06-16 18:11:05.517006+00:00
MAX17043,3.654,115.063,2022-06-16 18:11:06.079349+00:00
MAX17043,3.654,115.063,2022-06-16 18:11:06.546034+00:00
MAX17043,3.654,115.063,2022-06-16 18:11:07.106351+00:00
MAX17043,3.654,115.063,2022-06-16 18:11:07.562986+00:00
MAX17043,3.654,115.063,2022-06-16 18:11:08.126477+00:00
MAX17043,3.654,115.063,2022-06-16 18:11:08.580390+00:00
MAX17043,3.654,115.063,2022-06-16 18:11:09.141591+00:00
MAX17043,3.654,114.902,2022-06-16 18:11:09.612053+00:00
MAX17043,3.654,114.902,2022-06-16 18:11:10.172474+00:00
MAX17043,3.654,114.902,2022-06-16 18:11:10.642464+00:00
MAX17043,3.654,114.902,2022-06-16 18:11:11.205684+00:00
MAX17043,3.654,114.902,2022-06-16 18:11:11.656053+00:00
MAX17043,3.654,114.902,2022-06-16 18:11:12.202705+00:00
MAX17043,3.654,114.746,2022-06-16 18:11:12.685881+00:00
MAX17043,3.611,114.746,2022-06-16 18:11:13.249824+00:00
MAX17043,3.581,114.746,2022-06-16 18:11:13.703062+00:00
MAX17043,3.581,114.746,2022-06-16 18:11:14.263415+00:00
MAX17043,3.580,114.746,2022-06-16 18:11:14.733277+00:00
MAX17043,3.580,114.746,2022-06-16 18:11:15.294621+00:00
MAX17043,3.580,114.586,2022-06-16 18:11:15.760316+00:00
MAX17043,3.580,114.586,2022-06-16 18:11:16.322294+00:00
MAX17043,3.580,114.586,2022-06-16 18:11:16.789327+00:00
MAX17043,3.580,114.586,2022-06-16 18:11:17.353770+00:00
MAX17043,3.580,114.586,2022-06-16 18:11:17.805849+00:00
MAX17043,3.580,114.430,2022-06-16 18:11:18.316768+00:00
MAX17043,3.580,114.430,2022-06-16 18:11:18.862281+00:00
MAX17043,3.580,114.430,2022-06-16 18:11:19.344357+00:00
MAX17043,3.580,114.430,2022-06-16 18:11:19.908088+00:00
MAX17043,3.579,114.430,2022-06-16 18:11:20.375626+00:00
MAX17043,3.579,114.430,2022-06-16 18:11:20.942095+00:00
MAX17043,3.579,114.270,2022-06-16 18:11:21.379455+00:00
MAX17043,3.579,114.270,2022-06-16 18:11:21.941770+00:00
MAX17043,3.579,114.270,2022-06-16 18:11:22.410108+00:00
MAX17043,3.579,114.270,2022-06-16 18:11:22.975484+00:00
MAX17043,3.579,114.270,2022-06-16 18:11:23.414791+00:00
MAX17043,3.579,114.270,2022-06-16 18:11:23.977736+00:00
MAX17043,3.579,114.113,2022-06-16 18:11:24.434292+00:00
MAX17043,3.579,114.113,2022-06-16 18:11:24.994976+00:00
MAX17043,3.579,114.113,2022-06-16 18:11:25.464381+00:00
MAX17043,3.579,114.113,2022-06-16 18:11:26.026019+00:00
MAX17043,3.579,114.113,2022-06-16 18:11:26.478939+00:00
MAX17043,3.579,113.953,2022-06-16 18:11:27.041370+00:00
MAX17043,3.579,113.953,2022-06-16 18:11:27.493588+00:00
MAX17043,3.579,113.953,2022-06-16 18:11:28.053743+00:00
MAX17043,3.579,113.953,2022-06-16 18:11:28.506942+00:00
MAX17043,3.579,113.953,2022-06-16 18:11:29.069314+00:00
MAX17043,3.579,113.953,2022-06-16 18:11:29.522045+00:00
MAX17043,3.579,113.797,2022-06-16 18:11:30.084518+00:00
MAX17043,3.579,113.797,2022-06-16 18:11:30.538343+00:00
MAX17043,3.579,113.797,2022-06-16 18:11:31.101832+00:00
MAX17043,3.579,113.797,2022-06-16 18:11:31.556035+00:00
MAX17043,3.579,113.797,2022-06-16 18:11:32.116574+00:00
MAX17043,3.579,113.797,2022-06-16 18:11:32.570432+00:00
MAX17043,3.579,113.637,2022-06-16 18:11:33.130029+00:00
MAX17043,3.579,113.637,2022-06-16 18:11:33.584321+00:00
MAX17043,3.579,113.637,2022-06-16 18:11:34.147263+00:00
MAX17043,3.579,113.637,2022-06-16 18:11:34.599836+00:00
MAX17043,3.579,113.637,2022-06-16 18:11:35.162158+00:00
MAX17043,3.579,113.480,2022-06-16 18:11:35.629816+00:00
MAX17043,3.579,113.480,2022-06-16 18:11:36.175792+00:00
MAX17043,3.579,113.480,2022-06-16 18:11:36.655183+00:00
MAX17043,3.579,113.480,2022-06-16 18:11:37.206222+00:00
MAX17043,3.579,113.480,2022-06-16 18:11:37.658798+00:00
MAX17043,3.579,113.480,2022-06-16 18:11:38.221155+00:00
MAX17043,3.579,113.320,2022-06-16 18:11:38.688574+00:00
MAX17043,3.579,113.320,2022-06-16 18:11:39.249453+00:00
MAX17043,3.579,113.320,2022-06-16 18:11:39.717613+00:00
MAX17043,3.578,113.320,2022-06-16 18:11:40.266427+00:00
MAX17043,3.579,113.320,2022-06-16 18:11:40.737311+00:00
MAX17043,3.579,113.320,2022-06-16 18:11:41.300972+00:00
MAX17043,3.578,113.164,2022-06-16 18:11:41.750831+00:00
MAX17043,3.578,113.164,2022-06-16 18:11:42.313158+00:00
MAX17043,3.578,113.164,2022-06-16 18:11:42.778572+00:00
MAX17043,3.578,113.164,2022-06-16 18:11:43.340855+00:00
MAX17043,3.578,113.164,2022-06-16 18:11:43.808430+00:00
MAX17043,3.578,113.164,2022-06-16 18:11:44.375193+00:00
MAX17043,3.578,113.004,2022-06-16 18:11:44.825054+00:00
MAX17043,3.578,113.004,2022-06-16 18:11:45.388180+00:00
MAX17043,3.578,113.004,2022-06-16 18:11:45.841326+00:00
MAX17043,3.578,113.004,2022-06-16 18:11:46.403978+00:00
MAX17043,3.578,113.004,2022-06-16 18:11:46.860273+00:00
MAX17043,3.578,112.848,2022-06-16 18:11:47.425937+00:00
MAX17043,3.578,112.848,2022-06-16 18:11:47.878819+00:00
MAX17043,3.578,112.848,2022-06-16 18:11:48.440344+00:00
MAX17043,3.578,112.848,2022-06-16 18:11:48.906993+00:00
MAX17043,3.578,112.848,2022-06-16 18:11:49.473397+00:00
MAX17043,3.578,112.848,2022-06-16 18:11:49.926206+00:00
MAX17043,3.578,112.688,2022-06-16 18:11:50.487017+00:00
MAX17043,3.578,112.688,2022-06-16 18:11:50.952991+00:00
MAX17043,3.578,112.688,2022-06-16 18:11:51.516806+00:00
MAX17043,3.578,112.688,2022-06-16 18:11:51.984220+00:00
MAX17043,3.578,112.688,2022-06-16 18:11:52.542815+00:00
MAX17043,3.578,112.688,2022-06-16 18:11:52.997341+00:00
MAX17043,3.578,112.531,2022-06-16 18:11:53.559742+00:00
MAX17043,3.578,112.531,2022-06-16 18:11:54.014348+00:00
MAX17043,3.578,112.531,2022-06-16 18:11:54.575321+00:00
MAX17043,3.578,112.531,2022-06-16 18:11:55.033166+00:00
MAX17043,3.578,112.531,2022-06-16 18:11:55.595477+00:00
MAX17043,3.578,112.371,2022-06-16 18:11:56.050294+00:00
MAX17043,3.578,112.371,2022-06-16 18:11:56.618159+00:00
MAX17043,3.578,112.371,2022-06-16 18:11:57.069025+00:00
MAX17043,3.578,112.371,2022-06-16 18:11:57.631307+00:00
MAX17043,3.578,112.371,2022-06-16 18:11:58.085631+00:00
MAX17043,3.578,112.371,2022-06-16 18:11:58.643939+00:00
MAX17043,3.578,112.215,2022-06-16 18:11:59.110755+00:00
MAX17043,3.578,112.215,2022-06-16 18:11:59.672678+00:00
MAX17043,3.578,112.215,2022-06-16 18:12:00.122924+00:00
MAX17043,3.578,112.215,2022-06-16 18:12:00.681931+00:00
MAX17043,3.578,112.215,2022-06-16 18:12:01.137964+00:00
MAX17043,3.578,112.215,2022-06-16 18:12:01.699174+00:00
MAX17043,3.578,112.055,2022-06-16 18:12:02.154353+00:00
MAX17043,3.576,112.055,2022-06-16 18:12:02.714905+00:00
MAX17043,3.576,112.055,2022-06-16 18:12:03.181486+00:00
MAX17043,3.578,112.055,2022-06-16 18:12:03.742373+00:00
MAX17043,3.578,112.055,2022-06-16 18:12:04.210595+00:00
MAX17043,3.576,112.055,2022-06-16 18:12:04.778159+00:00
MAX17043,3.576,111.898,2022-06-16 18:12:05.214926+00:00
MAX17043,3.578,111.898,2022-06-16 18:12:05.775985+00:00
MAX17043,3.576,111.898,2022-06-16 18:12:06.233369+00:00
MAX17043,3.576,111.898,2022-06-16 18:12:06.796985+00:00
MAX17043,3.576,111.898,2022-06-16 18:12:07.234467+00:00
MAX17043,3.576,111.898,2022-06-16 18:12:07.798335+00:00
MAX17043,3.576,111.738,2022-06-16 18:12:08.267230+00:00
MAX17043,3.576,111.738,2022-06-16 18:12:08.828574+00:00
MAX17043,3.576,111.738,2022-06-16 18:12:09.296349+00:00
MAX17043,3.576,111.738,2022-06-16 18:12:09.854374+00:00
MAX17043,3.576,111.738,2022-06-16 18:12:10.322834+00:00
MAX17043,3.576,111.582,2022-06-16 18:12:10.890280+00:00
MAX17043,3.576,111.582,2022-06-16 18:12:11.340614+00:00
MAX17043,3.576,111.582,2022-06-16 18:12:11.900533+00:00
MAX17043,3.576,111.582,2022-06-16 18:12:12.355449+00:00
MAX17043,3.629,111.582,2022-06-16 18:12:12.913469+00:00
MAX17043,3.650,111.582,2022-06-16 18:12:13.366536+00:00
MAX17043,3.650,111.422,2022-06-16 18:12:13.929118+00:00
MAX17043,3.651,111.422,2022-06-16 18:12:14.397285+00:00
MAX17043,3.651,111.422,2022-06-16 18:12:14.959164+00:00
MAX17043,3.651,111.422,2022-06-16 18:12:15.427032+00:00
MAX17043,3.651,111.422,2022-06-16 18:12:15.992426+00:00
MAX17043,3.651,111.422,2022-06-16 18:12:16.444121+00:00
MAX17043,3.651,111.422,2022-06-16 18:12:17.006418+00:00
MAX17043,3.651,111.266,2022-06-16 18:12:17.471335+00:00
MAX17043,3.651,111.266,2022-06-16 18:12:18.034572+00:00
MAX17043,3.651,111.266,2022-06-16 18:12:18.486097+00:00
MAX17043,3.651,111.266,2022-06-16 18:12:19.047939+00:00
MAX17043,3.651,111.266,2022-06-16 18:12:19.516314+00:00
MAX17043,3.651,111.266,2022-06-16 18:12:20.077057+00:00
MAX17043,3.651,111.105,2022-06-16 18:12:20.547438+00:00
MAX17043,3.651,111.105,2022-06-16 18:12:21.094823+00:00
MAX17043,3.651,111.105,2022-06-16 18:12:21.577059+00:00
MAX17043,3.651,111.105,2022-06-16 18:12:22.139772+00:00
MAX17043,3.651,111.105,2022-06-16 18:12:22.604098+00:00
MAX17043,3.651,111.105,2022-06-16 18:12:23.168866+00:00
MAX17043,3.651,111.105,2022-06-16 18:12:23.621306+00:00
MAX17043,3.651,110.949,2022-06-16 18:12:24.183706+00:00
MAX17043,3.651,110.949,2022-06-16 18:12:24.649235+00:00
MAX17043,3.651,110.949,2022-06-16 18:12:25.213043+00:00
MAX17043,3.651,110.949,2022-06-16 18:12:25.681415+00:00
MAX17043,3.651,110.949,2022-06-16 18:12:26.242647+00:00
MAX17043,3.651,110.949,2022-06-16 18:12:26.697163+00:00
MAX17043,3.651,110.789,2022-06-16 18:12:27.265895+00:00
MAX17043,3.651,110.789,2022-06-16 18:12:27.706377+00:00
MAX17043,3.651,110.789,2022-06-16 18:12:28.273899+00:00
MAX17043,3.651,110.789,2022-06-16 18:12:28.711533+00:00
MAX17043,3.651,110.789,2022-06-16 18:12:29.276127+00:00
MAX17043,3.651,110.789,2022-06-16 18:12:29.727192+00:00
MAX17043,3.651,110.789,2022-06-16 18:12:30.291715+00:00
MAX17043,3.651,110.633,2022-06-16 18:12:30.742320+00:00
MAX17043,3.651,110.633,2022-06-16 18:12:31.301299+00:00
MAX17043,3.651,110.633,2022-06-16 18:12:31.756659+00:00
MAX17043,3.651,110.633,2022-06-16 18:12:32.322173+00:00
MAX17043,3.651,110.633,2022-06-16 18:12:32.787579+00:00
MAX17043,3.651,110.633,2022-06-16 18:12:33.349692+00:00
MAX17043,3.651,110.633,2022-06-16 18:12:33.803358+00:00
MAX17043,3.651,110.473,2022-06-16 18:12:34.364264+00:00
MAX17043,3.651,110.473,2022-06-16 18:12:34.833430+00:00
MAX17043,3.651,110.473,2022-06-16 18:12:35.380161+00:00
MAX17043,3.651,110.473,2022-06-16 18:12:35.862591+00:00
MAX17043,3.651,110.473,2022-06-16 18:12:36.425771+00:00
MAX17043,3.651,110.473,2022-06-16 18:12:36.865927+00:00
MAX17043,3.651,110.316,2022-06-16 18:12:37.428817+00:00
MAX17043,3.651,110.316,2022-06-16 18:12:37.878334+00:00
MAX17043,3.651,110.316,2022-06-16 18:12:38.442033+00:00
MAX17043,3.651,110.316,2022-06-16 18:12:38.895478+00:00
MAX17043,3.651,110.316,2022-06-16 18:12:39.461061+00:00
MAX17043,3.651,110.316,2022-06-16 18:12:39.911617+00:00
MAX17043,3.651,110.316,2022-06-16 18:12:40.474684+00:00
MAX17043,3.651,110.156,2022-06-16 18:12:40.925397+00:00
MAX17043,3.651,110.156,2022-06-16 18:12:41.487030+00:00
MAX17043,3.651,110.156,2022-06-16 18:12:41.954839+00:00
MAX17043,3.651,110.156,2022-06-16 18:12:42.517992+00:00
MAX17043,3.651,110.156,2022-06-16 18:12:42.983495+00:00
MAX17043,3.651,110.156,2022-06-16 18:12:43.545920+00:00
MAX17043,3.651,110.000,2022-06-16 18:12:43.998218+00:00
MAX17043,3.651,110.000,2022-06-16 18:12:44.562707+00:00
MAX17043,3.651,110.000,2022-06-16 18:12:45.016552+00:00
MAX17043,3.651,110.000,2022-06-16 18:12:45.576882+00:00
MAX17043,3.651,110.000,2022-06-16 18:12:46.045902+00:00
MAX17043,3.651,110.000,2022-06-16 18:12:46.609605+00:00
MAX17043,3.651,110.000,2022-06-16 18:12:47.051155+00:00
MAX17043,3.651,109.840,2022-06-16 18:12:47.612232+00:00
MAX17043,3.651,109.840,2022-06-16 18:12:48.082667+00:00
MAX17043,3.651,109.840,2022-06-16 18:12:48.645880+00:00
MAX17043,3.651,109.840,2022-06-16 18:12:49.098864+00:00
MAX17043,3.651,109.840,2022-06-16 18:12:49.660094+00:00
MAX17043,3.651,109.840,2022-06-16 18:12:50.125867+00:00
MAX17043,3.651,109.840,2022-06-16 18:12:50.689691+00:00
MAX17043,3.651,109.684,2022-06-16 18:12:51.155898+00:00
MAX17043,3.651,109.684,2022-06-16 18:12:51.717054+00:00
MAX17043,3.651,109.684,2022-06-16 18:12:52.180876+00:00
MAX17043,3.651,109.684,2022-06-16 18:12:52.743852+00:00
MAX17043,3.651,109.684,2022-06-16 18:12:53.197028+00:00
MAX17043,3.651,109.684,2022-06-16 18:12:53.759662+00:00
MAX17043,3.651,109.523,2022-06-16 18:12:54.213114+00:00
MAX17043,3.651,109.523,2022-06-16 18:12:54.778485+00:00
MAX17043,3.651,109.523,2022-06-16 18:12:55.217308+00:00
MAX17043,3.651,109.523,2022-06-16 18:12:55.782696+00:00
MAX17043,3.651,109.523,2022-06-16 18:12:56.233994+00:00
MAX17043,3.651,109.523,2022-06-16 18:12:56.794903+00:00
MAX17043,3.651,109.523,2022-06-16 18:12:57.262456+00:00
MAX17043,3.651,109.367,2022-06-16 18:12:57.823327+00:00
MAX17043,3.651,109.367,2022-06-16 18:12:58.277130+00:00
MAX17043,3.651,109.367,2022-06-16 18:12:58.842305+00:00
MAX17043,3.651,109.367,2022-06-16 18:12:59.292204+00:00
MAX17043,3.651,109.367,2022-06-16 18:12:59.853302+00:00
MAX17043,3.651,109.367,2022-06-16 18:13:00.321913+00:00
MAX17043,3.651,109.367,2022-06-16 18:13:00.883661+00:00
MAX17043,3.651,109.207,2022-06-16 18:13:01.323058+00:00
MAX17043,3.651,109.207,2022-06-16 18:13:01.884171+00:00
MAX17043,3.651,109.207,2022-06-16 18:13:02.338331+00:00
MAX17043,3.651,109.207,2022-06-16 18:13:02.898515+00:00
MAX17043,3.651,109.207,2022-06-16 18:13:03.352208+00:00
MAX17043,3.651,109.207,2022-06-16 18:13:03.917313+00:00
MAX17043,3.651,109.207,2022-06-16 18:13:04.366916+00:00
MAX17043,3.651,109.051,2022-06-16 18:13:04.930947+00:00
MAX17043,3.651,109.051,2022-06-16 18:13:05.387008+00:00
MAX17043,3.651,109.051,2022-06-16 18:13:05.949179+00:00
MAX17043,3.651,109.051,2022-06-16 18:13:06.402301+00:00
MAX17043,3.651,109.051,2022-06-16 18:13:06.950666+00:00
MAX17043,3.651,109.051,2022-06-16 18:13:07.432991+00:00
MAX17043,3.651,108.891,2022-06-16 18:13:07.993773+00:00
MAX17043,3.651,108.891,2022-06-16 18:13:08.448025+00:00
MAX17043,3.651,108.891,2022-06-16 18:13:09.012606+00:00
MAX17043,3.651,108.891,2022-06-16 18:13:09.478943+00:00
MAX17043,3.651,108.891,2022-06-16 18:13:10.040012+00:00
MAX17043,3.651,108.891,2022-06-16 18:13:10.506920+00:00
MAX17043,3.651,108.891,2022-06-16 18:13:11.068133+00:00
MAX17043,3.651,108.734,2022-06-16 18:13:11.521170+00:00
MAX17043,3.651,108.734,2022-06-16 18:13:12.082750+00:00
MAX17043,3.651,108.734,2022-06-16 18:13:12.537539+00:00
MAX17043,3.754,108.734,2022-06-16 18:13:13.100936+00:00
MAX17043,3.799,108.734,2022-06-16 18:13:13.555248+00:00
MAX17043,3.799,108.734,2022-06-16 18:13:14.114491+00:00
MAX17043,3.799,108.734,2022-06-16 18:13:14.581430+00:00
MAX17043,3.799,108.734,2022-06-16 18:13:15.142530+00:00
MAX17043,3.799,108.574,2022-06-16 18:13:15.610298+00:00
MAX17043,3.799,108.574,2022-06-16 18:13:16.169837+00:00
MAX17043,3.800,108.574,2022-06-16 18:13:16.639085+00:00
MAX17043,3.800,108.574,2022-06-16 18:13:17.199940+00:00
MAX17043,3.800,108.574,2022-06-16 18:13:17.653063+00:00
MAX17043,3.800,108.574,2022-06-16 18:13:18.216777+00:00
MAX17043,3.800,108.574,2022-06-16 18:13:18.680887+00:00
MAX17043,3.801,108.574,2022-06-16 18:13:19.242637+00:00
MAX17043,3.801,108.574,2022-06-16 18:13:19.709999+00:00
MAX17043,3.801,108.418,2022-06-16 18:13:20.272059+00:00
MAX17043,3.801,108.418,2022-06-16 18:13:20.729068+00:00
MAX17043,3.801,108.418,2022-06-16 18:13:21.295792+00:00
MAX17043,3.801,108.418,2022-06-16 18:13:21.735847+00:00
MAX17043,3.801,108.418,2022-06-16 18:13:22.295474+00:00
MAX17043,3.801,108.418,2022-06-16 18:13:22.762007+00:00
MAX17043,3.801,108.418,2022-06-16 18:13:23.324011+00:00
MAX17043,3.801,108.418,2022-06-16 18:13:23.791025+00:00
MAX17043,3.801,108.418,2022-06-16 18:13:24.354475+00:00
MAX17043,3.801,108.258,2022-06-16 18:13:24.807150+00:00
MAX17043,3.801,108.258,2022-06-16 18:13:25.375851+00:00
MAX17043,3.801,108.258,2022-06-16 18:13:25.826279+00:00
MAX17043,3.801,108.258,2022-06-16 18:13:26.387975+00:00
MAX17043,3.801,108.258,2022-06-16 18:13:26.854875+00:00
MAX17043,3.801,108.258,2022-06-16 18:13:27.418083+00:00
MAX17043,3.801,108.258,2022-06-16 18:13:27.886284+00:00
MAX17043,3.801,108.258,2022-06-16 18:13:28.451222+00:00
MAX17043,3.801,108.258,2022-06-16 18:13:28.905251+00:00
MAX17043,3.803,108.102,2022-06-16 18:13:29.462210+00:00
MAX17043,3.803,108.102,2022-06-16 18:13:29.918080+00:00
MAX17043,3.803,108.102,2022-06-16 18:13:30.477630+00:00
MAX17043,3.803,108.102,2022-06-16 18:13:30.944375+00:00
MAX17043,3.803,108.102,2022-06-16 18:13:31.511694+00:00
MAX17043,3.803,108.102,2022-06-16 18:13:31.949431+00:00
MAX17043,3.803,108.102,2022-06-16 18:13:32.509201+00:00
MAX17043,3.803,108.102,2022-06-16 18:13:32.976335+00:00
MAX17043,3.803,108.102,2022-06-16 18:13:33.541450+00:00
MAX17043,3.804,107.941,2022-06-16 18:13:33.996580+00:00
MAX17043,3.804,107.941,2022-06-16 18:13:34.564610+00:00
MAX17043,3.804,107.941,2022-06-16 18:13:35.002806+00:00
MAX17043,3.804,107.941,2022-06-16 18:13:35.565306+00:00
MAX17043,3.804,107.941,2022-06-16 18:13:36.021015+00:00
MAX17043,3.804,107.941,2022-06-16 18:13:36.581868+00:00
MAX17043,3.804,107.941,2022-06-16 18:13:37.048805+00:00
MAX17043,3.804,107.941,2022-06-16 18:13:37.613399+00:00
MAX17043,3.804,107.941,2022-06-16 18:13:38.065768+00:00
MAX17043,3.804,107.785,2022-06-16 18:13:38.629767+00:00
MAX17043,3.804,107.785,2022-06-16 18:13:39.072492+00:00
MAX17043,3.804,107.785,2022-06-16 18:13:39.629229+00:00
MAX17043,3.804,107.785,2022-06-16 18:13:40.097190+00:00
MAX17043,3.804,107.785,2022-06-16 18:13:40.658383+00:00
MAX17043,3.804,107.785,2022-06-16 18:13:41.126627+00:00
MAX17043,3.804,107.785,2022-06-16 18:13:41.687387+00:00
MAX17043,3.804,107.785,2022-06-16 18:13:42.158046+00:00
MAX17043,3.804,107.785,2022-06-16 18:13:42.729109+00:00
MAX17043,3.804,107.625,2022-06-16 18:13:43.168973+00:00
MAX17043,3.804,107.625,2022-06-16 18:13:43.732546+00:00
MAX17043,3.804,107.625,2022-06-16 18:13:44.188387+00:00
MAX17043,3.804,107.625,2022-06-16 18:13:44.750710+00:00
MAX17043,3.804,107.625,2022-06-16 18:13:45.218652+00:00
MAX17043,3.804,107.625,2022-06-16 18:13:45.780536+00:00
MAX17043,3.804,107.625,2022-06-16 18:13:46.246914+00:00
MAX17043,3.804,107.625,2022-06-16 18:13:46.811085+00:00
MAX17043,3.804,107.625,2022-06-16 18:13:47.262853+00:00
MAX17043,3.804,107.469,2022-06-16 18:13:47.823251+00:00
MAX17043,3.804,107.469,2022-06-16 18:13:48.291097+00:00
MAX17043,3.804,107.469,2022-06-16 18:13:48.852198+00:00
MAX17043,3.804,107.469,2022-06-16 18:13:49.307015+00:00
MAX17043,3.804,107.469,2022-06-16 18:13:49.870131+00:00
MAX17043,3.805,107.469,2022-06-16 18:13:50.328961+00:00
MAX17043,3.805,107.469,2022-06-16 18:13:50.894124+00:00
MAX17043,3.805,107.469,2022-06-16 18:13:51.333535+00:00
MAX17043,3.805,107.469,2022-06-16 18:13:51.892157+00:00
MAX17043,3.805,107.309,2022-06-16 18:13:52.356730+00:00
MAX17043,3.805,107.309,2022-06-16 18:13:52.924127+00:00
MAX17043,3.805,107.309,2022-06-16 18:13:53.360688+00:00
MAX17043,3.805,107.309,2022-06-16 18:13:53.925030+00:00
MAX17043,3.805,107.309,2022-06-16 18:13:54.378729+00:00
MAX17043,3.805,107.309,2022-06-16 18:13:54.942144+00:00
MAX17043,3.805,107.309,2022-06-16 18:13:55.391142+00:00
MAX17043,3.805,107.309,2022-06-16 18:13:55.947729+00:00
MAX17043,3.805,107.309,2022-06-16 18:13:56.416238+00:00
MAX17043,3.805,107.309,2022-06-16 18:13:56.975736+00:00
MAX17043,3.806,107.152,2022-06-16 18:13:57.461734+00:00
MAX17043,3.806,107.152,2022-06-16 18:13:57.946717+00:00
MAX17043,3.806,107.152,2022-06-16 18:13:58.510930+00:00
MAX17043,3.806,107.152,2022-06-16 18:13:58.950902+00:00
MAX17043,3.806,107.152,2022-06-16 18:13:59.508748+00:00
MAX17043,3.806,107.152,2022-06-16 18:13:59.978362+00:00
MAX17043,3.806,107.152,2022-06-16 18:14:00.541504+00:00
MAX17043,3.806,107.152,2022-06-16 18:14:01.007758+00:00
MAX17043,3.806,107.152,2022-06-16 18:14:01.567087+00:00
MAX17043,3.806,106.992,2022-06-16 18:14:02.035092+00:00
MAX17043,3.806,106.992,2022-06-16 18:14:02.594733+00:00
MAX17043,3.806,106.992,2022-06-16 18:14:03.064675+00:00
MAX17043,3.806,106.992,2022-06-16 18:14:03.626361+00:00
MAX17043,3.806,106.992,2022-06-16 18:14:04.091852+00:00
MAX17043,3.806,106.992,2022-06-16 18:14:04.651293+00:00
MAX17043,3.806,106.992,2022-06-16 18:14:05.116962+00:00
MAX17043,3.806,106.992,2022-06-16 18:14:05.674912+00:00
MAX17043,3.806,106.992,2022-06-16 18:14:06.143619+00:00
MAX17043,3.806,106.836,2022-06-16 18:14:06.704060+00:00
MAX17043,3.806,106.836,2022-06-16 18:14:07.171003+00:00
MAX17043,3.806,106.836,2022-06-16 18:14:07.733633+00:00
MAX17043,3.806,106.836,2022-06-16 18:14:08.185263+00:00
MAX17043,3.806,106.836,2022-06-16 18:14:08.745999+00:00
MAX17043,3.806,106.836,2022-06-16 18:14:09.210194+00:00
MAX17043,3.806,106.836,2022-06-16 18:14:09.769684+00:00
MAX17043,3.806,106.836,2022-06-16 18:14:10.236080+00:00
MAX17043,3.806,106.836,2022-06-16 18:14:10.793642+00:00
MAX17043,3.806,106.836,2022-06-16 18:14:11.260633+00:00
MAX17043,3.806,106.676,2022-06-16 18:14:11.821648+00:00
MAX17043,3.806,106.676,2022-06-16 18:14:12.289619+00:00
MAX17043,3.806,106.676,2022-06-16 18:14:12.845492+00:00
MAX17043,3.691,106.676,2022-06-16 18:14:13.308574+00:00
MAX17043,3.660,106.676,2022-06-16 18:14:13.868830+00:00
MAX17043,3.659,106.676,2022-06-16 18:14:14.336445+00:00
MAX17043,3.659,106.676,2022-06-16 18:14:14.900701+00:00
MAX17043,3.659,106.676,2022-06-16 18:14:15.353371+00:00
MAX17043,3.659,106.520,2022-06-16 18:14:15.915950+00:00
MAX17043,3.659,106.520,2022-06-16 18:14:16.367704+00:00
MAX17043,3.659,106.520,2022-06-16 18:14:16.932230+00:00
MAX17043,3.659,106.520,2022-06-16 18:14:17.386562+00:00
MAX17043,3.659,106.520,2022-06-16 18:14:17.946164+00:00
MAX17043,3.659,106.520,2022-06-16 18:14:18.413614+00:00
MAX17043,3.659,106.520,2022-06-16 18:14:18.977334+00:00
MAX17043,3.659,106.359,2022-06-16 18:14:19.445195+00:00
MAX17043,3.659,106.359,2022-06-16 18:14:20.006092+00:00
MAX17043,3.659,106.359,2022-06-16 18:14:20.474051+00:00
MAX17043,3.659,106.359,2022-06-16 18:14:21.036591+00:00
MAX17043,3.659,106.359,2022-06-16 18:14:21.504607+00:00
MAX17043,3.659,106.359,2022-06-16 18:14:22.066138+00:00
MAX17043,3.659,106.359,2022-06-16 18:14:22.530684+00:00
MAX17043,3.659,106.203,2022-06-16 18:14:23.094777+00:00
MAX17043,3.659,106.203,2022-06-16 18:14:23.549045+00:00
MAX17043,3.659,106.203,2022-06-16 18:14:24.111273+00:00
MAX17043,3.659,106.203,2022-06-16 18:14:24.576675+00:00
MAX17043,3.659,106.203,2022-06-16 18:14:25.137674+00:00
MAX17043,3.658,106.203,2022-06-16 18:14:25.604381+00:00
MAX17043,3.658,106.203,2022-06-16 18:14:26.168857+00:00
MAX17043,3.658,106.043,2022-06-16 18:14:26.622420+00:00
MAX17043,3.658,106.043,2022-06-16 18:14:27.181089+00:00
MAX17043,3.658,106.043,2022-06-16 18:14:27.650577+00:00
MAX17043,3.658,106.043,2022-06-16 18:14:28.215857+00:00
MAX17043,3.658,106.043,2022-06-16 18:14:28.670330+00:00
MAX17043,3.658,106.043,2022-06-16 18:14:29.232053+00:00
MAX17043,3.658,106.043,2022-06-16 18:14:29.700326+00:00
MAX17043,3.658,105.887,2022-06-16 18:14:30.264714+00:00
MAX17043,3.658,105.887,2022-06-16 18:14:30.703074+00:00
MAX17043,3.658,105.887,2022-06-16 18:14:31.263358+00:00
MAX17043,3.658,105.887,2022-06-16 18:14:31.730864+00:00
MAX17043,3.658,105.887,2022-06-16 18:14:32.287891+00:00
MAX17043,3.658,105.887,2022-06-16 18:14:32.756198+00:00
MAX17043,3.658,105.887,2022-06-16 18:14:33.319902+00:00
MAX17043,3.658,105.727,2022-06-16 18:14:33.770201+00:00
MAX17043,3.658,105.727,2022-06-16 18:14:34.330732+00:00
MAX17043,3.658,105.727,2022-06-16 18:14:34.785960+00:00
MAX17043,3.658,105.727,2022-06-16 18:14:35.343962+00:00
MAX17043,3.658,105.727,2022-06-16 18:14:35.812897+00:00
MAX17043,3.658,105.727,2022-06-16 18:14:36.376308+00:00
MAX17043,3.656,105.727,2022-06-16 18:14:36.831396+00:00
MAX17043,3.656,105.570,2022-06-16 18:14:37.388949+00:00
MAX17043,3.656,105.570,2022-06-16 18:14:37.857464+00:00
MAX17043,3.656,105.570,2022-06-16 18:14:38.417617+00:00
MAX17043,3.656,105.570,2022-06-16 18:14:38.887423+00:00
MAX17043,3.656,105.570,2022-06-16 18:14:39.450964+00:00
MAX17043,3.656,105.570,2022-06-16 18:14:39.906502+00:00
MAX17043,3.656,105.570,2022-06-16 18:14:40.471020+00:00
MAX17043,3.656,105.410,2022-06-16 18:14:40.926075+00:00
MAX17043,3.656,105.410,2022-06-16 18:14:41.489104+00:00
MAX17043,3.656,105.410,2022-06-16 18:14:41.944603+00:00
MAX17043,3.656,105.410,2022-06-16 18:14:42.510773+00:00
MAX17043,3.656,105.410,2022-06-16 18:14:42.949323+00:00
MAX17043,3.656,105.410,2022-06-16 18:14:43.510672+00:00
MAX17043,3.656,105.410,2022-06-16 18:14:43.976821+00:00
MAX17043,3.656,105.254,2022-06-16 18:14:44.536758+00:00
MAX17043,3.656,105.254,2022-06-16 18:14:44.990576+00:00
MAX17043,3.656,105.254,2022-06-16 18:14:45.554658+00:00
MAX17043,3.656,105.254,2022-06-16 18:14:46.005762+00:00
MAX17043,3.656,105.254,2022-06-16 18:14:46.566864+00:00
MAX17043,3.656,105.254,2022-06-16 18:14:47.033586+00:00
MAX17043,3.656,105.254,2022-06-16 18:14:47.598191+00:00
MAX17043,3.656,105.094,2022-06-16 18:14:48.051767+00:00
MAX17043,3.656,105.094,2022-06-16 18:14:48.615076+00:00
MAX17043,3.656,105.094,2022-06-16 18:14:49.068431+00:00
MAX17043,3.656,105.094,2022-06-16 18:14:49.627831+00:00
MAX17043,3.656,105.094,2022-06-16 18:14:50.097332+00:00
MAX17043,3.656,105.094,2022-06-16 18:14:50.660926+00:00
MAX17043,3.656,105.094,2022-06-16 18:14:51.126839+00:00
MAX17043,3.656,104.938,2022-06-16 18:14:51.690376+00:00
MAX17043,3.656,104.938,2022-06-16 18:14:52.156732+00:00
MAX17043,3.656,104.938,2022-06-16 18:14:52.718786+00:00
MAX17043,3.656,104.938,2022-06-16 18:14:53.185155+00:00
MAX17043,3.656,104.938,2022-06-16 18:14:53.747363+00:00
MAX17043,3.656,104.938,2022-06-16 18:14:54.199224+00:00
MAX17043,3.656,104.938,2022-06-16 18:14:54.759791+00:00
MAX17043,3.656,104.777,2022-06-16 18:14:55.228269+00:00
MAX17043,3.656,104.777,2022-06-16 18:14:55.790773+00:00
MAX17043,3.656,104.777,2022-06-16 18:14:56.242287+00:00
MAX17043,3.656,104.777,2022-06-16 18:14:56.803485+00:00
MAX17043,3.656,104.777,2022-06-16 18:14:57.257495+00:00
MAX17043,3.656,104.777,2022-06-16 18:14:57.816307+00:00
MAX17043,3.656,104.777,2022-06-16 18:14:58.271334+00:00
MAX17043,3.656,104.777,2022-06-16 18:14:58.833151+00:00
MAX17043,3.656,104.621,2022-06-16 18:14:59.290469+00:00
MAX17043,3.656,104.621,2022-06-16 18:14:59.852504+00:00
MAX17043,3.656,104.621,2022-06-16 18:15:00.309688+00:00
MAX17043,3.656,104.621,2022-06-16 18:15:00.876872+00:00
MAX17043,3.656,104.621,2022-06-16 18:15:01.316827+00:00
MAX17043,3.656,104.621,2022-06-16 18:15:01.878899+00:00
MAX17043,3.656,104.621,2022-06-16 18:15:02.343848+00:00
MAX17043,3.656,104.461,2022-06-16 18:15:02.903800+00:00
MAX17043,3.656,104.461,2022-06-16 18:15:03.359847+00:00
MAX17043,3.656,104.461,2022-06-16 18:15:03.917052+00:00
MAX17043,3.656,104.461,2022-06-16 18:15:04.384777+00:00
MAX17043,3.656,104.461,2022-06-16 18:15:04.945041+00:00
MAX17043,3.656,104.461,2022-06-16 18:15:05.411804+00:00
MAX17043,3.656,104.461,2022-06-16 18:15:05.973999+00:00
MAX17043,3.656,104.305,2022-06-16 18:15:06.442118+00:00
MAX17043,3.656,104.305,2022-06-16 18:15:06.998457+00:00
MAX17043,3.656,104.305,2022-06-16 18:15:07.467226+00:00
MAX17043,3.656,104.305,2022-06-16 18:15:08.028224+00:00
MAX17043,3.656,104.305,2022-06-16 18:15:08.480600+00:00
MAX17043,3.656,104.305,2022-06-16 18:15:09.038832+00:00
MAX17043,3.656,104.305,2022-06-16 18:15:09.509371+00:00
MAX17043,3.656,104.145,2022-06-16 18:15:10.064751+00:00
MAX17043,3.656,104.145,2022-06-16 18:15:10.531068+00:00
MAX17043,3.656,104.145,2022-06-16 18:15:11.093686+00:00
MAX17043,3.656,104.145,2022-06-16 18:15:11.547709+00:00
MAX17043,3.656,104.145,2022-06-16 18:15:12.112008+00:00
MAX17043,3.656,104.145,2022-06-16 18:15:12.568468+00:00
MAX17043,3.656,104.145,2022-06-16 18:15:13.128312+00:00
MAX17043,3.656,103.988,2022-06-16 18:15:13.594497+00:00
MAX17043,3.656,103.988,2022-06-16 18:15:14.156236+00:00
MAX17043,3.656,103.988,2022-06-16 18:15:14.621232+00:00
MAX17043,3.656,103.988,2022-06-16 18:15:15.180848+00:00
MAX17043,3.656,103.988,2022-06-16 18:15:15.646889+00:00
MAX17043,3.656,103.988,2022-06-16 18:15:16.210941+00:00
MAX17043,3.656,103.988,2022-06-16 18:15:16.649912+00:00
MAX17043,3.656,103.988,2022-06-16 18:15:17.209025+00:00
MAX17043,3.656,103.828,2022-06-16 18:15:17.677519+00:00
MAX17043,3.656,103.828,2022-06-16 18:15:18.238697+00:00
MAX17043,3.656,103.828,2022-06-16 18:15:18.702308+00:00
MAX17043,3.656,103.828,2022-06-16 18:15:19.265089+00:00
MAX17043,3.656,103.828,2022-06-16 18:15:19.731066+00:00
MAX17043,3.656,103.828,2022-06-16 18:15:20.289851+00:00
MAX17043,3.656,103.828,2022-06-16 18:15:20.754307+00:00
MAX17043,3.656,103.672,2022-06-16 18:15:21.314906+00:00
MAX17043,3.656,103.672,2022-06-16 18:15:21.782731+00:00
MAX17043,3.656,103.672,2022-06-16 18:15:22.342862+00:00
MAX17043,3.656,103.672,2022-06-16 18:15:22.810957+00:00
MAX17043,3.656,103.672,2022-06-16 18:15:23.371867+00:00
MAX17043,3.656,103.672,2022-06-16 18:15:23.838698+00:00
MAX17043,3.656,103.672,2022-06-16 18:15:24.398669+00:00
MAX17043,3.656,103.512,2022-06-16 18:15:24.854942+00:00
MAX17043,3.656,103.512,2022-06-16 18:15:25.418245+00:00
MAX17043,3.656,103.512,2022-06-16 18:15:25.886459+00:00
MAX17043,3.656,103.512,2022-06-16 18:15:26.451855+00:00
MAX17043,3.656,103.512,2022-06-16 18:15:26.887665+00:00
MAX17043,3.656,103.512,2022-06-16 18:15:27.449897+00:00
MAX17043,3.656,103.512,2022-06-16 18:15:27.902311+00:00
MAX17043,3.656,103.355,2022-06-16 18:15:28.462966+00:00
MAX17043,3.656,103.355,2022-06-16 18:15:28.930641+00:00
MAX17043,3.656,103.355,2022-06-16 18:15:29.487840+00:00
MAX17043,3.656,103.355,2022-06-16 18:15:29.953818+00:00
MAX17043,3.656,103.355,2022-06-16 18:15:30.518527+00:00
MAX17043,3.656,103.355,2022-06-16 18:15:30.972110+00:00
MAX17043,3.656,103.355,2022-06-16 18:15:31.529860+00:00
MAX17043,3.656,103.355,2022-06-16 18:15:31.997575+00:00
MAX17043,3.656,103.195,2022-06-16 18:15:32.558606+00:00
MAX17043,3.656,103.195,2022-06-16 18:15:33.026391+00:00
MAX17043,3.656,103.195,2022-06-16 18:15:33.584268+00:00
MAX17043,3.656,103.195,2022-06-16 18:15:34.054380+00:00
MAX17043,3.656,103.195,2022-06-16 18:15:34.612126+00:00
MAX17043,3.656,103.195,2022-06-16 18:15:35.079706+00:00
MAX17043,3.656,103.195,2022-06-16 18:15:35.622489+00:00
MAX17043,3.656,103.039,2022-06-16 18:15:36.102279+00:00
MAX17043,3.656,103.039,2022-06-16 18:15:36.663699+00:00
MAX17043,3.656,103.039,2022-06-16 18:15:37.132168+00:00
MAX17043,3.656,103.039,2022-06-16 18:15:37.691779+00:00
MAX17043,3.656,103.039,2022-06-16 18:15:38.158637+00:00
MAX17043,3.656,103.039,2022-06-16 18:15:38.724089+00:00
MAX17043,3.656,103.039,2022-06-16 18:15:39.175637+00:00
MAX17043,3.656,102.879,2022-06-16 18:15:39.739978+00:00
MAX17043,3.656,102.879,2022-06-16 18:15:40.207189+00:00
MAX17043,3.656,102.879,2022-06-16 18:15:40.766256+00:00
MAX17043,3.656,102.879,2022-06-16 18:15:41.232871+00:00
MAX17043,3.656,102.879,2022-06-16 18:15:41.793765+00:00
MAX17043,3.656,102.879,2022-06-16 18:15:42.262008+00:00
MAX17043,3.656,102.879,2022-06-16 18:15:42.820693+00:00
MAX17043,3.656,102.879,2022-06-16 18:15:43.289319+00:00
MAX17043,3.656,102.723,2022-06-16 18:15:43.851244+00:00
MAX17043,3.656,102.723,2022-06-16 18:15:44.319092+00:00
MAX17043,3.656,102.723,2022-06-16 18:15:44.878397+00:00
MAX17043,3.656,102.723,2022-06-16 18:15:45.334122+00:00
MAX17043,3.656,102.723,2022-06-16 18:15:45.894998+00:00
MAX17043,3.656,102.723,2022-06-16 18:15:46.361826+00:00
MAX17043,3.656,102.723,2022-06-16 18:15:46.927927+00:00
MAX17043,3.656,102.563,2022-06-16 18:15:47.382234+00:00
MAX17043,3.656,102.563,2022-06-16 18:15:47.950297+00:00
MAX17043,3.656,102.563,2022-06-16 18:15:48.390267+00:00
MAX17043,3.655,102.563,2022-06-16 18:15:48.953852+00:00
MAX17043,3.656,102.563,2022-06-16 18:15:49.420829+00:00
MAX17043,3.656,102.563,2022-06-16 18:15:49.973285+00:00
MAX17043,3.656,102.563,2022-06-16 18:15:50.433181+00:00
MAX17043,3.656,102.406,2022-06-16 18:15:50.997516+00:00
MAX17043,3.656,102.406,2022-06-16 18:15:51.462261+00:00
MAX17043,3.656,102.406,2022-06-16 18:15:52.020187+00:00
MAX17043,3.656,102.406,2022-06-16 18:15:52.486704+00:00
MAX17043,3.656,102.406,2022-06-16 18:15:53.045153+00:00
MAX17043,3.655,102.406,2022-06-16 18:15:53.514571+00:00
MAX17043,3.656,102.406,2022-06-16 18:15:54.072713+00:00
MAX17043,3.656,102.406,2022-06-16 18:15:54.528606+00:00
MAX17043,3.655,102.246,2022-06-16 18:15:55.088632+00:00
MAX17043,3.656,102.246,2022-06-16 18:15:55.542455+00:00
MAX17043,3.655,102.246,2022-06-16 18:15:56.101236+00:00
MAX17043,3.655,102.246,2022-06-16 18:15:56.571292+00:00
MAX17043,3.656,102.246,2022-06-16 18:15:57.132499+00:00
MAX17043,3.656,102.246,2022-06-16 18:15:57.596842+00:00
MAX17043,3.656,102.246,2022-06-16 18:15:58.158379+00:00
MAX17043,3.656,102.090,2022-06-16 18:15:58.626899+00:00
MAX17043,3.656,102.090,2022-06-16 18:15:59.187698+00:00
MAX17043,3.656,102.090,2022-06-16 18:15:59.653567+00:00
MAX17043,3.656,102.090,2022-06-16 18:16:00.214042+00:00
MAX17043,3.656,102.090,2022-06-16 18:16:00.670675+00:00
MAX17043,3.656,102.090,2022-06-16 18:16:01.229066+00:00
MAX17043,3.655,102.090,2022-06-16 18:16:01.681487+00:00
MAX17043,3.655,102.090,2022-06-16 18:16:02.241433+00:00
MAX17043,3.655,101.930,2022-06-16 18:16:02.710550+00:00
MAX17043,3.656,101.930,2022-06-16 18:16:03.272499+00:00
MAX17043,3.655,101.930,2022-06-16 18:16:03.721326+00:00
MAX17043,3.655,101.930,2022-06-16 18:16:04.281489+00:00
MAX17043,3.655,101.930,2022-06-16 18:16:04.749430+00:00
MAX17043,3.656,101.930,2022-06-16 18:16:05.306067+00:00
MAX17043,3.656,101.930,2022-06-16 18:16:05.771488+00:00
MAX17043,3.656,101.773,2022-06-16 18:16:06.331512+00:00
MAX17043,3.656,101.773,2022-06-16 18:16:06.799334+00:00
MAX17043,3.656,101.773,2022-06-16 18:16:07.358388+00:00
MAX17043,3.656,101.773,2022-06-16 18:16:07.823331+00:00
MAX17043,3.655,101.773,2022-06-16 18:16:08.381513+00:00
MAX17043,3.655,101.773,2022-06-16 18:16:08.846810+00:00
MAX17043,3.656,101.773,2022-06-16 18:16:09.408325+00:00
MAX17043,3.655,101.773,2022-06-16 18:16:09.876405+00:00
MAX17043,3.656,101.613,2022-06-16 18:16:10.436030+00:00
MAX17043,3.655,101.613,2022-06-16 18:16:10.902876+00:00
MAX17043,3.655,101.613,2022-06-16 18:16:11.461705+00:00
MAX17043,3.655,101.613,2022-06-16 18:16:11.929039+00:00
MAX17043,3.656,101.613,2022-06-16 18:16:12.475597+00:00
MAX17043,3.656,101.613,2022-06-16 18:16:12.959348+00:00
MAX17043,3.655,101.613,2022-06-16 18:16:13.514992+00:00
MAX17043,3.655,101.457,2022-06-16 18:16:13.982136+00:00
MAX17043,3.655,101.457,2022-06-16 18:16:14.543196+00:00
MAX17043,3.655,101.457,2022-06-16 18:16:15.011684+00:00
MAX17043,3.655,101.457,2022-06-16 18:16:15.571016+00:00
MAX17043,3.655,101.457,2022-06-16 18:16:16.037779+00:00
MAX17043,3.655,101.457,2022-06-16 18:16:16.599243+00:00
MAX17043,3.655,101.457,2022-06-16 18:16:17.052338+00:00
MAX17043,3.655,101.457,2022-06-16 18:16:17.613772+00:00
MAX17043,3.655,101.297,2022-06-16 18:16:18.079269+00:00
MAX17043,3.655,101.297,2022-06-16 18:16:18.639386+00:00
MAX17043,3.655,101.297,2022-06-16 18:16:19.093468+00:00
MAX17043,3.655,101.297,2022-06-16 18:16:19.638767+00:00
MAX17043,3.655,101.297,2022-06-16 18:16:20.124149+00:00
MAX17043,3.655,101.297,2022-06-16 18:16:20.682032+00:00
MAX17043,3.655,101.297,2022-06-16 18:16:21.149752+00:00
MAX17043,3.655,101.141,2022-06-16 18:16:21.710091+00:00
MAX17043,3.655,101.141,2022-06-16 18:16:22.174911+00:00
MAX17043,3.655,101.141,2022-06-16 18:16:22.720718+00:00
MAX17043,3.655,101.141,2022-06-16 18:16:23.205316+00:00
MAX17043,3.655,101.141,2022-06-16 18:16:23.763890+00:00
MAX17043,3.656,101.141,2022-06-16 18:16:24.229822+00:00
MAX17043,3.655,101.141,2022-06-16 18:16:24.793903+00:00
MAX17043,3.655,101.141,2022-06-16 18:16:25.260766+00:00
MAX17043,3.655,100.980,2022-06-16 18:16:25.820908+00:00
MAX17043,3.655,100.980,2022-06-16 18:16:26.273886+00:00
MAX17043,3.655,100.980,2022-06-16 18:16:26.832473+00:00
MAX17043,3.656,100.980,2022-06-16 18:16:27.301733+00:00
MAX17043,3.655,100.980,2022-06-16 18:16:27.864915+00:00
MAX17043,3.655,100.980,2022-06-16 18:16:28.313887+00:00
MAX17043,3.655,100.980,2022-06-16 18:16:28.873321+00:00
MAX17043,3.655,100.824,2022-06-16 18:16:29.341597+00:00
MAX17043,3.655,100.824,2022-06-16 18:16:29.902244+00:00
MAX17043,3.655,100.824,2022-06-16 18:16:30.371182+00:00
MAX17043,3.656,100.824,2022-06-16 18:16:30.929649+00:00
MAX17043,3.656,100.824,2022-06-16 18:16:31.396474+00:00
MAX17043,3.655,100.824,2022-06-16 18:16:31.959219+00:00
MAX17043,3.656,100.824,2022-06-16 18:16:32.414217+00:00
MAX17043,3.655,100.824,2022-06-16 18:16:32.977727+00:00
MAX17043,3.655,100.664,2022-06-16 18:16:33.429429+00:00
MAX17043,3.655,100.664,2022-06-16 18:16:33.991870+00:00
MAX17043,3.655,100.664,2022-06-16 18:16:34.458138+00:00
MAX17043,3.655,100.664,2022-06-16 18:16:35.019509+00:00
MAX17043,3.655,100.664,2022-06-16 18:16:35.487966+00:00
MAX17043,3.655,100.664,2022-06-16 18:16:36.047883+00:00
MAX17043,3.656,100.664,2022-06-16 18:16:36.502884+00:00
MAX17043,3.655,100.508,2022-06-16 18:16:37.062624+00:00
MAX17043,3.655,100.508,2022-06-16 18:16:37.516905+00:00
MAX17043,3.655,100.508,2022-06-16 18:16:38.059526+00:00
MAX17043,3.655,100.508,2022-06-16 18:16:38.545244+00:00
MAX17043,3.655,100.508,2022-06-16 18:16:39.107509+00:00
MAX17043,3.655,100.508,2022-06-16 18:16:39.561454+00:00
MAX17043,3.655,100.508,2022-06-16 18:16:40.103884+00:00
MAX17043,3.655,100.508,2022-06-16 18:16:40.629879+00:00
MAX17043,3.655,100.348,2022-06-16 18:16:41.140115+00:00
MAX17043,3.655,100.348,2022-06-16 18:16:41.638441+00:00
MAX17043,3.655,100.348,2022-06-16 18:16:42.166957+00:00
MAX17043,3.655,100.348,2022-06-16 18:16:42.630115+00:00
MAX17043,3.655,100.348,2022-06-16 18:16:43.189921+00:00
MAX17043,3.655,100.348,2022-06-16 18:16:43.658653+00:00
