Timestamp,Current(A)_Arbin,Voltage(V)_Arbin,Power(W)_Arbin,Charge_Capacity(Ah)_Arbin,Discharge_Capacity(Ah)_Arbin,Charge_Energy(Wh)_Arbin,Discharge_Energy(Wh)_Arbin,Voltage(V)_LC709203F,SOC(%)_LC709203F,Voltage(V)_MAX17043,SOC(%)_MAX17043
0.0,0.0,3.63468,0.0,0.0,0.0,0.0,0.0,3.796,91.7,3.639,126.926
0.466,0.0,3.63468,0.0,0.0,0.0,0.0,0.0,3.626,96.2,3.634,126.77
1.022,-0.00013,3.44871,-0.00045,0.0,0.0,0.0,0.0,3.632,96.2,3.641,126.77
1.488,0.0,3.62992,0.0,0.0,0.0,0.0,0.0,3.632,96.2,3.639,126.77
2.028,0.0,3.63253,0.0,0.0,0.0,0.0,0.0,3.629,96.2,3.639,126.77
2.509,0.0,3.63569,0.0,0.0,0.0,0.0,0.0,3.632,96.2,3.636,126.77
3.068,0.0,3.63355,0.0,0.0,0.0,0.0,0.0,3.624,96.2,3.634,126.609
3.532,0.0,3.63457,0.0,0.0,0.0,0.0,0.0,3.632,96.2,3.638,126.609
4.087,0.0,3.63327,0.0,0.0,0.0,0.0,0.0,3.632,96.2,3.641,126.609
4.554,0.0,3.63235,0.0,0.0,0.0,0.0,0.0,3.629,96.2,3.639,126.609
5.11,0.0,3.634,0.0,0.0,0.0,0.0,0.0,3.629,96.2,3.639,126.609
5.577,0.0,3.63315,0.0,0.0,0.0,0.0,0.0,3.629,96.2,3.639,126.609
6.138,0.0,3.62996,0.0,0.0,0.0,0.0,0.0,3.626,96.2,3.636,126.453
6.604,0.0,3.63142,0.0,0.0,0.0,0.0,0.0,3.629,96.1,3.639,126.453
7.159,0.0,3.6327,0.0,0.0,0.0,0.0,0.0,3.629,96.1,3.638,126.453
7.625,0.0,3.63127,0.0,0.0,0.0,0.0,0.0,3.626,96.1,3.635,126.453
8.182,0.0,3.63033,0.0,0.0,0.0,0.0,0.0,3.626,96.1,3.635,126.453
8.648,0.0,3.62992,0.0,0.0,0.0,0.0,0.0,3.626,96.1,3.636,126.293
9.203,0.0,3.63249,0.0,0.0,0.0,0.0,0.0,3.624,96.1,3.636,126.293
9.667,0.0,3.63288,0.0,0.0,0.0,0.0,0.0,3.624,96.1,3.634,126.293
10.228,0.0,3.63308,0.0,0.0,0.0,0.0,0.0,3.624,96.1,3.634,126.293
10.697,0.0,3.63285,0.0,0.0,0.0,0.0,0.0,3.629,96.1,3.636,126.293
11.259,0.0,3.63473,0.0,0.0,0.0,0.0,0.0,3.629,96.1,3.638,126.137
11.711,0.0,3.63463,0.0,0.0,0.0,0.0,0.0,3.629,96.1,3.638,126.137
12.272,0.0,3.63516,0.0,0.0,0.0,0.0,0.0,3.632,96.1,3.638,126.137
12.737,0.0,3.63398,0.0,0.0,0.0,0.0,0.0,3.632,96.1,3.64,126.137
13.284,0.0,3.63296,0.0,0.0,0.0,0.0,0.0,3.629,96.0,3.641,126.137
13.748,0.0,3.63288,0.0,0.0,0.0,0.0,0.0,3.629,96.0,3.641,126.137
14.297,0.0,3.63292,0.0,0.0,0.0,0.0,0.0,3.629,96.0,3.639,125.977
14.78,0.0,3.63295,0.0,0.0,0.0,0.0,0.0,3.629,96.0,3.639,125.977
15.34,0.0,3.63282,0.0,0.0,0.0,0.0,0.0,3.629,96.0,3.638,125.977
15.807,0.0,3.63283,0.0,0.0,0.0,0.0,0.0,3.629,96.0,3.638,125.977
16.365,0.0,3.63288,0.0,0.0,0.0,0.0,0.0,3.629,96.0,3.638,125.977
16.829,0.0,3.63567,0.0,0.0,0.0,0.0,0.0,3.629,96.0,3.638,125.82
17.392,0.0,3.63556,0.0,0.0,0.0,0.0,0.0,3.629,96.0,3.638,125.82
17.853,0.0,3.63631,0.0,0.0,0.0,0.0,0.0,3.632,96.0,3.641,125.82
18.413,0.0,3.63583,0.0,0.0,0.0,0.0,0.0,3.632,96.0,3.641,125.82
18.879,0.0,3.63586,0.0,0.0,0.0,0.0,0.0,3.632,96.0,3.642,125.82
19.439,0.0,3.63579,0.0,0.0,0.0,0.0,0.0,3.632,96.0,3.641,125.82
19.908,0.0,3.63586,0.0,0.0,0.0,0.0,0.0,3.632,96.0,3.641,125.66
20.468,0.0,3.63578,0.0,0.0,0.0,0.0,0.0,3.632,95.9,3.641,125.66
20.933,0.0,3.63661,0.0,0.0,0.0,0.0,0.0,3.632,95.9,3.641,125.66
21.493,0.0,3.63691,0.0,0.0,0.0,0.0,0.0,3.632,95.9,3.641,125.66
21.947,0.0,3.63691,0.0,0.0,0.0,0.0,0.0,3.632,95.9,3.642,125.66
22.499,0.0,3.6368,0.0,0.0,0.0,0.0,0.0,3.634,95.9,3.644,125.504
22.967,0.0,3.6368,0.0,0.0,0.0,0.0,0.0,3.634,95.9,3.644,125.504
23.531,0.0,3.63681,0.0,0.0,0.0,0.0,0.0,3.634,95.9,3.644,125.504
23.997,0.0,3.63662,0.0,0.0,0.0,0.0,0.0,3.634,95.9,3.644,125.504
24.557,0.0,3.63702,0.0,0.0,0.0,0.0,0.0,3.634,95.9,3.644,125.504
25.021,0.0,3.63657,0.0,0.0,0.0,0.0,0.0,3.634,95.9,3.644,125.504
25.564,0.0,3.63663,0.0,0.0,0.0,0.0,0.0,3.634,95.9,3.642,125.344
26.046,0.0,3.63654,0.0,0.0,0.0,0.0,0.0,3.634,95.9,3.644,125.344
26.608,0.0,3.63641,0.0,0.0,0.0,0.0,0.0,3.632,95.9,3.642,125.344
27.058,0.0,3.63637,0.0,0.0,0.0,0.0,0.0,3.632,95.9,3.642,125.344
27.616,0.0,3.63623,0.0,0.0,0.0,0.0,0.0,3.632,95.9,3.642,125.344
28.082,0.0,3.63641,0.0,0.0,0.0,0.0,0.0,3.634,95.9,3.644,125.188
28.644,0.0,3.63626,0.0,0.0,0.0,0.0,0.0,3.634,95.8,3.644,125.188
29.108,0.0,3.63618,0.0,0.0,0.0,0.0,0.0,3.634,95.8,3.642,125.188
29.67,0.0,3.63624,0.0,0.0,0.0,0.0,0.0,3.632,95.8,3.644,125.188
30.138,0.0,3.63636,0.0,0.0,0.0,0.0,0.0,3.634,95.8,3.642,125.188
30.701,0.0,3.63658,0.0,0.0,0.0,0.0,0.0,3.634,95.8,3.642,125.188
31.155,0.0,3.63663,0.0,0.0,0.0,0.0,0.0,3.632,95.8,3.642,125.027
31.711,0.0,3.63674,0.0,0.0,0.0,0.0,0.0,3.634,95.8,3.642,125.027
32.176,0.0,3.63692,0.0,0.0,0.0,0.0,0.0,3.632,95.8,3.642,125.027
32.734,0.0,3.63693,0.0,0.0,0.0,0.0,0.0,3.632,95.8,3.644,125.027
33.202,0.0,3.63696,0.0,0.0,0.0,0.0,0.0,3.634,95.8,3.644,125.027
33.761,0.0,3.63694,0.0,0.0,0.0,0.0,0.0,3.634,95.8,3.644,124.871
34.215,0.0,3.63707,0.0,0.0,0.0,0.0,0.0,3.634,95.8,3.644,124.871
34.774,0.0,3.63735,0.0,0.0,0.0,0.0,0.0,3.634,95.8,3.644,124.871
35.235,0.0,3.63733,0.0,0.0,0.0,0.0,0.0,3.632,95.8,3.644,124.871
35.793,0.0,3.63735,0.0,0.0,0.0,0.0,0.0,3.634,95.7,3.644,124.871
36.261,0.0,3.63767,0.0,0.0,0.0,0.0,0.0,3.634,95.7,3.644,124.711
36.821,0.0,3.63766,0.0,0.0,0.0,0.0,0.0,3.634,95.7,3.644,124.711
37.288,0.0,3.63763,0.0,0.0,0.0,0.0,0.0,3.637,95.7,3.644,124.711
37.848,0.0,3.63778,0.0,0.0,0.0,0.0,0.0,3.634,95.7,3.644,124.711
38.318,0.0,3.63793,0.0,0.0,0.0,0.0,0.0,3.634,95.7,3.644,124.711
38.875,0.0,3.63797,0.0,0.0,0.0,0.0,0.0,3.634,95.7,3.644,124.711
39.338,0.0,3.63803,0.0,0.0,0.0,0.0,0.0,3.637,95.7,3.645,124.555
39.897,0.0,3.63811,0.0,0.0,0.0,0.0,0.0,3.634,95.7,3.645,124.555
40.351,0.0,3.63822,0.0,0.0,0.0,0.0,0.0,3.637,95.7,3.645,124.555
40.889,0.0,3.63823,0.0,0.0,0.0,0.0,0.0,3.637,95.7,3.645,124.555
41.371,0.0,3.63818,0.0,0.0,0.0,0.0,0.0,3.637,95.7,3.645,124.555
41.934,0.0,3.63819,0.0,0.0,0.0,0.0,0.0,3.637,95.7,3.645,124.555
42.386,0.0,3.63818,0.0,0.0,0.0,0.0,0.0,3.637,95.7,3.645,124.395
42.946,0.0,3.63822,0.0,0.0,0.0,0.0,0.0,3.637,95.7,3.645,124.395
43.407,0.0,3.63826,0.0,0.0,0.0,0.0,0.0,3.637,95.7,3.645,124.395
43.968,0.0,3.63831,0.0,0.0,0.0,0.0,0.0,3.634,95.6,3.645,124.395
44.432,0.0,3.63834,0.0,0.0,0.0,0.0,0.0,3.634,95.6,3.645,124.395
44.989,0.0,3.63843,0.0,0.0,0.0,0.0,0.0,3.637,95.6,3.646,124.238
45.454,0.0,3.63843,0.0,0.0,0.0,0.0,0.0,3.637,95.6,3.646,124.238
46.011,0.0,3.63873,0.0,0.0,0.0,0.0,0.0,3.634,95.6,3.646,124.238
46.478,0.0,3.63891,0.0,0.0,0.0,0.0,0.0,3.637,95.6,3.646,124.238
47.021,0.0,3.63929,0.0,0.0,0.0,0.0,0.0,3.637,95.6,3.646,124.238
47.5,0.0,3.63938,0.0,0.0,0.0,0.0,0.0,3.637,95.6,3.646,124.238
48.06,0.0,3.63937,0.0,0.0,0.0,0.0,0.0,3.637,95.6,3.646,124.078
48.528,0.0,3.63935,0.0,0.0,0.0,0.0,0.0,3.637,95.6,3.646,124.078
49.089,0.0,3.63924,0.0,0.0,0.0,0.0,0.0,3.637,95.6,3.646,124.078
49.555,0.0,3.63909,0.0,0.0,0.0,0.0,0.0,3.637,95.6,3.646,124.078
50.11,0.0,3.63914,0.0,0.0,0.0,0.0,0.0,3.637,95.6,3.646,124.078
50.576,0.0,3.63915,0.0,0.0,0.0,0.0,0.0,3.637,95.6,3.646,123.922
51.134,0.0,3.63916,0.0,0.0,0.0,0.0,0.0,3.637,95.6,3.646,123.922
51.599,0.0,3.63919,0.0,0.0,0.0,0.0,0.0,3.637,95.5,3.646,123.922
52.161,0.0,3.63928,0.0,0.0,0.0,0.0,0.0,3.637,95.5,3.646,123.922
52.612,0.0,3.63939,0.0,0.0,0.0,0.0,0.0,3.637,95.5,3.646,123.922
53.173,0.0,3.63928,0.0,0.0,0.0,0.0,0.0,3.637,95.5,3.646,123.922
53.64,0.0,3.63943,0.0,0.0,0.0,0.0,0.0,3.634,95.5,3.646,123.762
54.197,0.0,3.63948,0.0,0.0,0.0,0.0,0.0,3.637,95.5,3.646,123.762
54.652,0.0,3.6395,0.0,0.0,0.0,0.0,0.0,3.637,95.5,3.646,123.762
55.209,0.0,3.63959,0.0,0.0,0.0,0.0,0.0,3.64,95.5,3.646,123.762
55.679,0.0,3.63967,0.0,0.0,0.0,0.0,0.0,3.637,95.5,3.646,123.762
56.221,0.0,3.63974,0.0,0.0,0.0,0.0,0.0,3.637,95.5,3.646,123.605
56.709,0.0,3.63978,0.0,0.0,0.0,0.0,0.0,3.637,95.5,3.648,123.605
57.272,0.0,3.63974,0.0,0.0,0.0,0.0,0.0,3.637,95.5,3.648,123.605
57.724,0.0,3.6398,0.0,0.0,0.0,0.0,0.0,3.637,95.5,3.648,123.605
58.268,0.0,3.63985,0.0,0.0,0.0,0.0,0.0,3.637,95.5,3.648,123.605
58.749,0.0,3.63987,0.0,0.0,0.0,0.0,0.0,3.637,95.5,3.648,123.605
59.306,0.0,3.63989,0.0,0.0,0.0,0.0,0.0,3.637,95.5,3.648,123.445
59.772,0.0,3.63988,0.0,0.0,0.0,0.0,0.0,3.637,95.4,3.648,123.445
60.327,0.0,3.63988,0.0,0.0,0.0,0.0,0.0,3.637,95.4,3.648,123.445
60.795,0.0,3.63984,0.0,0.0,0.0,0.0,0.0,3.637,95.4,3.648,123.445
61.338,0.0,3.6399,0.0,0.0,0.0,0.0,0.0,3.637,95.4,3.648,123.445
61.812,0.0,3.63991,0.0,0.0,0.0,0.0,0.0,3.637,95.4,3.648,123.445
62.371,0.0,3.63991,0.0,0.0,0.0,0.0,0.0,3.637,95.4,3.648,123.289
62.834,0.0,3.63996,0.0,0.0,0.0,0.0,0.0,3.637,95.4,3.648,123.289
63.396,0.0,3.63997,0.0,0.0,0.0,0.0,0.0,3.637,95.4,3.648,123.289
63.86,0.0,3.63994,0.0,0.0,0.0,0.0,0.0,3.637,95.4,3.648,123.289
64.422,0.0,3.64005,0.0,0.0,0.0,0.0,0.0,3.637,95.4,3.648,123.289
64.887,0.0,3.64008,0.0,0.0,0.0,0.0,0.0,3.637,95.4,3.649,123.129
65.451,0.0,3.64004,0.0,0.0,0.0,0.0,0.0,3.64,95.4,3.649,123.129
65.918,0.0,3.64015,0.0,0.0,0.0,0.0,0.0,3.64,95.4,3.649,123.129
66.479,0.0,3.64026,0.0,0.0,0.0,0.0,0.0,3.637,95.4,3.649,123.129
66.944,0.0,3.64026,0.0,0.0,0.0,0.0,0.0,3.637,95.3,3.649,123.129
67.506,0.0,3.64031,0.0,0.0,0.0,0.0,0.0,3.64,95.3,3.649,123.129
67.972,0.0,3.64031,0.0,0.0,0.0,0.0,0.0,3.64,95.3,3.649,122.973
68.536,0.0,3.64036,0.0,0.0,0.0,0.0,0.0,3.637,95.3,3.649,122.973
68.983,0.0,3.64048,0.0,0.0,0.0,0.0,0.0,3.637,95.3,3.649,122.973
69.541,0.0,3.6405,0.0,0.0,0.0,0.0,0.0,3.637,95.3,3.649,122.973
70.007,0.0,3.64052,0.0,0.0,0.0,0.0,0.0,3.637,95.3,3.649,122.973
70.571,0.0,3.64053,0.0,0.0,0.0,0.0,0.0,3.637,95.3,3.649,122.813
71.02,0.0,3.64048,0.0,0.0,0.0,0.0,0.0,3.637,95.3,3.649,122.813
71.578,0.0,3.64035,0.0,0.0,0.0,0.0,0.0,3.637,95.3,3.649,122.813
72.045,0.0,3.64024,0.0,0.0,0.0,0.0,0.0,3.637,95.3,3.649,122.813
72.603,0.0,3.64026,0.0,0.0,0.0,0.0,0.0,3.637,95.3,3.649,122.813
73.07,0.0,3.64011,0.0,0.0,0.0,0.0,0.0,3.64,95.3,3.649,122.813
73.625,0.0,3.64013,0.0,0.0,0.0,0.0,0.0,3.637,95.3,3.649,122.656
74.093,0.0,3.64026,0.0,0.0,0.0,0.0,0.0,3.64,95.3,3.649,122.656
74.659,0.0,3.64027,0.0,0.0,0.0,0.0,0.0,3.64,95.3,3.649,122.656
75.107,0.0,3.64037,0.0,0.0,0.0,0.0,0.0,3.64,95.3,3.649,122.656
75.678,0.0,3.64041,0.0,0.0,0.0,0.0,0.0,3.637,95.2,3.649,122.656
76.117,0.0,3.64047,0.0,0.0,0.0,0.0,0.0,3.637,95.2,3.649,122.656
76.679,0.0,3.64045,0.0,0.0,0.0,0.0,0.0,3.637,95.2,3.649,122.496
77.14,0.0,3.64046,0.0,0.0,0.0,0.0,0.0,3.637,95.2,3.649,122.496
77.698,0.0,3.64048,0.0,0.0,0.0,0.0,0.0,3.637,95.2,3.649,122.496
78.15,0.0,3.64047,0.0,0.0,0.0,0.0,0.0,3.637,95.2,3.649,122.496
78.709,0.0,3.6405,0.0,0.0,0.0,0.0,0.0,3.637,95.2,3.649,122.496
79.165,0.0,3.64055,0.0,0.0,0.0,0.0,0.0,3.64,95.2,3.649,122.496
79.724,0.0,3.64057,0.0,0.0,0.0,0.0,0.0,3.637,95.2,3.649,122.34
80.192,0.0,3.6406,0.0,0.0,0.0,0.0,0.0,3.637,95.2,3.649,122.34
80.751,0.0,3.64059,0.0,0.0,0.0,0.0,0.0,3.637,95.2,3.649,122.34
81.192,0.0,3.64059,0.0,0.0,0.0,0.0,0.0,3.637,95.2,3.649,122.34
81.713,0.0,3.64063,0.0,0.0,0.0,0.0,0.0,3.637,95.2,3.649,122.34
82.201,0.0,3.64059,0.0,0.0,0.0,0.0,0.0,3.637,95.2,3.649,122.18
82.706,0.0,3.64062,0.0,0.0,0.0,0.0,0.0,3.64,95.2,3.649,122.18
83.21,0.0,3.64069,0.0,0.0,0.0,0.0,0.0,3.637,95.1,3.649,122.18
83.712,0.0,3.64072,0.0,0.0,0.0,0.0,0.0,3.637,95.1,3.649,122.18
84.262,0.0,3.64072,0.0,0.0,0.0,0.0,0.0,3.64,95.1,3.649,122.18
84.72,0.0,3.64071,0.0,0.0,0.0,0.0,0.0,3.637,95.1,3.649,122.18
85.254,0.0,3.64074,0.0,0.0,0.0,0.0,0.0,3.64,95.1,3.649,122.023
85.758,0.0,3.64076,0.0,0.0,0.0,0.0,0.0,3.64,95.1,3.649,122.023
86.284,0.0,3.64068,0.0,0.0,0.0,0.0,0.0,3.637,95.1,3.649,122.023
86.794,0.0,3.64069,0.0,0.0,0.0,0.0,0.0,3.637,95.1,3.649,122.023
87.254,0.0,3.64077,0.0,0.0,0.0,0.0,0.0,3.64,95.1,3.649,122.023
87.779,0.0,3.64081,0.0,0.0,0.0,0.0,0.0,3.64,95.1,3.649,122.023
88.491,0.0,3.64082,0.0,0.0,0.0,0.0,0.0,3.64,95.1,3.649,121.863
88.807,0.0,3.64082,0.0,0.0,0.0,0.0,0.0,3.64,95.1,3.649,121.863
89.347,0.0,3.64079,0.0,0.0,0.0,0.0,0.0,3.64,95.1,3.649,121.863
89.785,0.0,3.64082,0.0,0.0,0.0,0.0,0.0,3.637,95.1,3.649,121.863
90.307,0.0,3.64081,0.0,0.0,0.0,0.0,0.0,3.64,95.1,3.649,121.863
90.843,0.0,3.64066,0.0,0.0,0.0,0.0,0.0,3.637,95.0,3.649,121.863
91.305,0.0,3.64083,0.0,0.0,0.0,0.0,0.0,3.637,95.0,3.649,121.707
91.862,0.0,3.64088,0.0,0.0,0.0,0.0,0.0,3.64,95.0,3.649,121.707
92.321,0.0,3.64082,0.0,0.0,0.0,0.0,0.0,3.64,95.0,3.649,121.707
92.894,0.0,3.64089,0.0,0.0,0.0,0.0,0.0,3.64,95.0,3.649,121.707
93.334,0.0,3.64085,0.0,0.0,0.0,0.0,0.0,3.637,95.0,3.649,121.707
93.907,0.0,3.64091,0.0,0.0,0.0,0.0,0.0,3.64,95.0,3.649,121.547
94.352,0.0,3.64089,0.0,0.0,0.0,0.0,0.0,3.64,95.0,3.649,121.547
94.927,0.0,3.64091,0.0,0.0,0.0,0.0,0.0,3.64,95.0,3.649,121.547
95.374,0.0,3.64092,0.0,0.0,0.0,0.0,0.0,3.64,95.0,3.649,121.547
95.949,0.0,3.64094,0.0,0.0,0.0,0.0,0.0,3.637,95.0,3.649,121.547
96.397,0.0,3.64095,0.0,0.0,0.0,0.0,0.0,3.637,95.0,3.649,121.547
96.974,0.0,3.641,0.0,0.0,0.0,0.0,0.0,3.64,95.0,3.649,121.391
97.419,0.0,3.641,0.0,0.0,0.0,0.0,0.0,3.64,95.0,3.649,121.391
97.976,0.0,3.64095,0.0,0.0,0.0,0.0,0.0,3.637,95.0,3.649,121.391
98.44,0.0,3.64095,0.0,0.0,0.0,0.0,0.0,3.637,94.9,3.649,121.391
99.016,0.0,3.64097,0.0,0.0,0.0,0.0,0.0,3.637,94.9,3.649,121.391
99.462,0.0,3.64097,0.0,0.0,0.0,0.0,0.0,3.637,94.9,3.649,121.391
100.038,0.0,3.64113,0.0,0.0,0.0,0.0,0.0,3.64,94.9,3.649,121.23
100.485,0.0,3.6412,0.0,0.0,0.0,0.0,0.0,3.64,94.9,3.649,121.23
101.058,0.0,3.64124,0.0,0.0,0.0,0.0,0.0,3.64,94.9,3.649,121.23
101.501,0.0,3.64123,0.0,0.0,0.0,0.0,0.0,3.637,94.9,3.649,121.23
102.074,0.0,3.64124,0.0,0.0,0.0,0.0,0.0,3.637,94.9,3.649,121.23
102.519,0.0,3.64132,0.0,0.0,0.0,0.0,0.0,3.64,94.9,3.649,121.23
103.092,0.0,3.64128,0.0,0.0,0.0,0.0,0.0,3.64,94.9,3.649,121.074
103.54,0.0,3.64117,0.0,0.0,0.0,0.0,0.0,3.64,94.9,3.649,121.074
104.116,0.0,3.64111,0.0,0.0,0.0,0.0,0.0,3.637,94.9,3.649,121.074
104.562,0.0,3.64084,0.0,0.0,0.0,0.0,0.0,3.637,94.9,3.649,121.074
105.138,0.0,3.64104,0.0,0.0,0.0,0.0,0.0,3.637,94.9,3.649,121.074
105.583,0.0,3.64093,0.0,0.0,0.0,0.0,0.0,3.64,94.9,3.649,120.914
106.153,0.0,3.64096,0.0,0.0,0.0,0.0,0.0,3.64,94.9,3.649,120.914
106.598,0.0,3.64103,0.0,0.0,0.0,0.0,0.0,3.64,94.9,3.649,120.914
107.174,0.0,3.64117,0.0,0.0,0.0,0.0,0.0,3.637,94.8,3.649,120.914
107.62,0.0,3.64114,0.0,0.0,0.0,0.0,0.0,3.64,94.8,3.649,120.914
108.192,0.0,3.64116,0.0,0.0,0.0,0.0,0.0,3.64,94.8,3.649,120.914
108.636,0.0,3.64115,0.0,0.0,0.0,0.0,0.0,3.637,94.8,3.649,120.758
109.208,0.0,3.64108,0.0,0.0,0.0,0.0,0.0,3.637,94.8,3.649,120.758
109.652,0.0,3.64108,0.0,0.0,0.0,0.0,0.0,3.64,94.8,3.649,120.758
110.222,0.0,3.64118,0.0,0.0,0.0,0.0,0.0,3.64,94.8,3.649,120.758
110.667,0.0,3.64122,0.0,0.0,0.0,0.0,0.0,3.64,94.8,3.649,120.758
111.243,0.0,3.64122,0.0,0.0,0.0,0.0,0.0,3.64,94.8,3.649,120.758
111.69,0.0,3.64123,0.0,0.0,0.0,0.0,0.0,3.64,94.8,3.649,120.598
112.264,0.0,3.64126,0.0,0.0,0.0,0.0,0.0,3.64,94.8,3.649,120.598
112.706,0.0,3.64122,0.0,0.0,0.0,0.0,0.0,3.64,94.8,3.649,120.598
113.279,0.0,3.64126,0.0,0.0,0.0,0.0,0.0,3.637,94.8,3.649,120.598
113.727,0.0,3.64123,0.0,0.0,0.0,0.0,0.0,3.64,94.8,3.649,120.598
114.302,0.0,3.64122,0.0,0.0,0.0,0.0,0.0,3.64,94.8,3.649,120.598
114.749,0.0,3.64129,0.0,0.0,0.0,0.0,0.0,3.64,94.8,3.649,120.441
115.325,0.0,3.64131,0.0,0.0,0.0,0.0,0.0,3.637,94.7,3.649,120.441
115.77,0.0,3.6411,0.0,0.0,0.0,0.0,0.0,3.637,94.7,3.649,120.441
116.346,0.0,3.64131,0.0,0.0,0.0,0.0,0.0,3.64,94.7,3.649,120.441
116.794,0.0,3.64137,0.0,0.0,0.0,0.0,0.0,3.64,94.7,3.649,120.441
117.369,0.0,3.64132,0.0,0.0,0.0,0.0,0.0,3.64,94.7,3.649,120.441
117.812,0.0,3.6413,0.0,0.0,0.0,0.0,0.0,3.64,94.7,3.649,120.281
118.369,0.0,3.64133,0.0,0.0,0.0,0.0,0.0,3.637,94.7,3.649,120.281
118.831,0.0,3.64132,0.0,0.0,0.0,0.0,0.0,3.64,94.7,3.649,120.281
119.406,0.0,3.64137,0.0,0.0,0.0,0.0,0.0,3.64,94.7,3.649,120.281
119.854,0.0,3.64131,0.0,0.0,0.0,0.0,0.0,3.64,94.7,3.649,120.281
120.429,0.0,3.64131,0.0,0.0,0.0,0.0,0.0,3.64,94.7,3.649,120.281
120.874,0.0,3.64135,0.0,0.0,0.0,0.0,0.0,3.64,94.7,3.649,120.125
121.45,0.0,3.64133,0.0,0.0,0.0,0.0,0.0,3.64,94.7,3.649,120.125
121.894,0.5,3.82716,1.91358,7e-05,0.0,0.00026,0.0,3.64,94.7,3.649,120.125
122.466,0.5,3.82762,1.91381,0.00014,0.0,0.00053,0.0,3.64,94.7,3.649,120.125
122.904,0.5,3.82787,1.91394,0.00021,0.0,0.00079,0.0,3.819,94.7,3.744,120.125
123.482,0.5,3.82807,1.91404,0.00028,0.0,0.00106,0.0,3.819,94.7,3.832,120.125
123.928,0.5,3.82819,1.9141,0.00035,0.0,0.00133,0.0,3.828,94.6,3.834,119.965
124.504,0.5,3.82855,1.91428,0.00042,0.0,0.00159,0.0,3.828,94.6,3.834,119.965
124.952,0.5,3.82876,1.91438,0.00048,0.0,0.00186,0.0,3.825,94.6,3.834,119.965
125.526,0.5,3.82904,1.91452,0.00062,0.0,0.00239,0.0,3.825,94.6,3.834,119.965
125.969,0.5,3.82904,1.91452,0.00062,0.0,0.00239,0.0,3.825,94.6,3.834,119.965
126.546,0.5,3.82941,1.91471,0.00076,0.0,0.00292,0.0,3.825,94.6,3.834,119.965
126.992,0.5,3.82941,1.91471,0.00076,0.0,0.00292,0.0,3.828,94.6,3.835,119.965
127.567,0.5,3.82982,1.91491,0.0009,0.0,0.00345,0.0,3.825,94.6,3.835,119.965
128.014,0.5,3.82982,1.91491,0.0009,0.0,0.00345,0.0,3.816,94.6,3.835,119.809
128.59,0.5,3.8302,1.9151,0.00104,0.0,0.00398,0.0,3.825,94.6,3.835,119.809
129.037,0.5,3.83033,1.91517,0.00111,0.0,0.00425,0.0,3.819,94.6,3.835,119.809
129.609,0.5,3.83047,1.91524,0.00118,0.0,0.00451,0.0,3.825,94.6,3.836,119.809
130.054,0.5,3.83064,1.91532,0.00125,0.0,0.00478,0.0,3.825,94.6,3.836,119.809
130.63,0.5,3.83083,1.91542,0.00132,0.0,0.00504,0.0,3.825,94.6,3.836,119.809
131.077,0.5,3.83065,1.91533,0.00139,0.0,0.00531,0.0,3.825,94.6,3.836,119.809
131.653,0.5,3.83095,1.91548,0.00146,0.0,0.00557,0.0,3.825,94.6,3.836,119.809
132.101,0.5,3.83093,1.91547,0.00153,0.0,0.00584,0.0,3.822,94.6,3.836,119.648
132.674,0.5,3.83086,1.91543,0.00159,0.0,0.00611,0.0,3.828,94.6,3.836,119.648
133.12,0.5,3.8307,1.91535,0.00166,0.0,0.00637,0.0,3.825,94.6,3.836,119.648
133.697,0.5,3.8309,1.91545,0.00173,0.0,0.00664,0.0,3.825,94.6,3.836,119.648
134.139,0.5,3.83124,1.91562,0.0018,0.0,0.0069,0.0,3.828,94.6,3.836,119.648
134.713,0.5,3.83139,1.9157,0.00187,0.0,0.00717,0.0,3.828,94.6,3.836,119.648
135.161,0.5,3.83148,1.91574,0.00194,0.0,0.00743,0.0,3.825,94.6,3.836,119.648
135.738,0.5,3.83167,1.91584,0.00201,0.0,0.0077,0.0,3.828,94.6,3.836,119.648
136.186,0.5,3.8317,1.91585,0.00208,0.0,0.00797,0.0,3.828,94.6,3.836,119.492
136.762,0.5,3.83176,1.91588,0.00215,0.0,0.00823,0.0,3.822,94.6,3.836,119.492
137.209,0.5,3.83189,1.91595,0.00222,0.0,0.0085,0.0,3.822,94.6,3.836,119.492
137.785,0.5,3.83202,1.91601,0.00229,0.0,0.00876,0.0,3.822,94.6,3.838,119.492
138.232,0.5,3.83204,1.91602,0.00236,0.0,0.00903,0.0,3.825,94.6,3.838,119.492
138.807,0.5,3.83218,1.91609,0.00243,0.0,0.00929,0.0,3.828,94.6,3.838,119.492
139.254,0.5,3.83228,1.91614,0.0025,0.0,0.00956,0.0,3.831,94.6,3.838,119.492
139.827,0.5,3.83236,1.91618,0.00257,0.0,0.00983,0.0,3.828,94.6,3.838,119.492
140.279,0.5,3.83249,1.91625,0.00263,0.0,0.01009,0.0,3.825,94.5,3.838,119.332
140.846,0.5,3.83247,1.91624,0.0027,0.0,0.01036,0.0,3.822,94.5,3.839,119.332
141.288,0.5,3.83262,1.91631,0.00277,0.0,0.01062,0.0,3.828,94.5,3.839,119.332
141.86,0.5,3.83274,1.91637,0.00284,0.0,0.01089,0.0,3.828,94.5,3.839,119.332
142.303,0.5,3.83275,1.91638,0.00291,0.0,0.01115,0.0,3.831,94.5,3.839,119.332
142.87,0.5,3.83286,1.91643,0.00298,0.0,0.01142,0.0,3.822,94.5,3.839,119.332
143.315,0.5,3.83298,1.91649,0.00305,0.0,0.01168,0.0,3.831,94.5,3.839,119.332
143.886,0.5,3.83308,1.91654,0.00312,0.0,0.01195,0.0,3.825,94.5,3.839,119.332
144.325,0.5,3.83305,1.91653,0.00319,0.0,0.01222,0.0,3.825,94.5,3.839,119.176
144.883,0.5,3.83315,1.91658,0.00326,0.0,0.01248,0.0,3.825,94.5,3.839,119.176
145.35,0.5,3.83321,1.91661,0.00333,0.0,0.01275,0.0,3.825,94.5,3.839,119.176
145.907,0.5,3.83337,1.91669,0.0034,0.0,0.01301,0.0,3.828,94.5,3.839,119.176
146.373,0.5,3.83342,1.91671,0.00347,0.0,0.01328,0.0,3.831,94.5,3.839,119.176
146.936,0.50001,3.83349,1.91678,0.00354,0.0,0.01355,0.0,3.834,94.5,3.839,119.176
147.388,0.5,3.83355,1.91678,0.00361,0.0,0.01381,0.0,3.828,94.5,3.839,119.176
147.95,0.5,3.83364,1.91682,0.00367,0.0,0.01408,0.0,3.822,94.5,3.839,119.176
148.416,0.5,3.83368,1.91684,0.00374,0.0,0.01434,0.0,3.822,94.5,3.839,119.016
148.977,0.5,3.83359,1.9168,0.00381,0.0,0.01461,0.0,3.828,94.5,3.839,119.016
149.446,0.5,3.83386,1.91693,0.00388,0.0,0.01487,0.0,3.831,94.5,3.839,119.016
150.004,0.5,3.83393,1.91697,0.00395,0.0,0.01514,0.0,3.831,94.5,3.839,119.016
150.472,0.5,3.83399,1.917,0.00402,0.0,0.01541,0.0,3.828,94.5,3.839,119.016
151.033,0.5,3.83418,1.91709,0.00416,0.0,0.01594,0.0,3.828,94.5,3.839,119.016
151.502,0.5,3.83418,1.91709,0.00416,0.0,0.01594,0.0,3.828,94.5,3.839,119.016
152.062,0.5,3.83423,1.91712,0.0043,0.0,0.01647,0.0,3.828,94.5,3.84,119.016
152.523,0.5,3.83423,1.91712,0.0043,0.0,0.01647,0.0,3.828,94.5,3.84,119.016
153.067,0.5,3.83455,1.91728,0.00444,0.0,0.017,0.0,3.828,94.5,3.84,118.859
153.545,0.5,3.83469,1.91735,0.00451,0.0,0.01727,0.0,3.828,94.5,3.84,118.859
154.107,0.5,3.83478,1.91739,0.00458,0.0,0.01753,0.0,3.831,94.5,3.84,118.859
154.576,0.5,3.83472,1.91736,0.00465,0.0,0.0178,0.0,3.834,94.5,3.84,118.859
155.131,0.5,3.83467,1.91734,0.00471,0.0,0.01807,0.0,3.834,94.5,3.84,118.859
155.599,0.5,3.83467,1.91734,0.00478,0.0,0.01833,0.0,3.828,94.5,3.84,118.859
156.16,0.5,3.83442,1.91721,0.00485,0.0,0.0186,0.0,3.834,94.5,3.84,118.859
156.615,0.5,3.83455,1.91728,0.00492,0.0,0.01886,0.0,3.831,94.4,3.84,118.859
157.174,0.5,3.83468,1.91734,0.00499,0.0,0.01913,0.0,3.834,94.4,3.84,118.699
157.644,0.5,3.83484,1.91742,0.00506,0.0,0.0194,0.0,3.831,94.4,3.84,118.699
158.206,0.5,3.83477,1.91739,0.00513,0.0,0.01966,0.0,3.828,94.4,3.84,118.699
158.657,0.5,3.83485,1.91743,0.0052,0.0,0.01993,0.0,3.825,94.4,3.841,118.699
159.222,0.5,3.83497,1.91749,0.00527,0.0,0.02019,0.0,3.834,94.4,3.841,118.699
159.661,0.5,3.83503,1.91752,0.00534,0.0,0.02046,0.0,3.828,94.4,3.841,118.699
160.219,0.5,3.83515,1.91758,0.00541,0.0,0.02073,0.0,3.834,94.4,3.841,118.699
160.674,0.5,3.8352,1.9176,0.00548,0.0,0.02099,0.0,3.834,94.4,3.841,118.699
161.236,0.5,3.83529,1.91765,0.00555,0.0,0.02126,0.0,3.828,94.4,3.841,118.543
161.701,0.5,3.83533,1.91767,0.00562,0.0,0.02152,0.0,3.828,94.4,3.841,118.543
162.262,0.5,3.83535,1.91768,0.00569,0.0,0.02179,0.0,3.831,94.4,3.841,118.543
162.731,0.5,3.83538,1.91769,0.00576,0.0,0.02206,0.0,3.831,94.4,3.841,118.543
163.292,0.5,3.83545,1.91773,0.00582,0.0,0.02232,0.0,3.828,94.4,3.841,118.543
163.754,0.5,3.83553,1.91777,0.00589,0.0,0.02259,0.0,3.834,94.4,3.841,118.543
164.317,0.5,3.83562,1.91781,0.00596,0.0,0.02285,0.0,3.834,94.4,3.841,118.543
164.784,0.5,3.83561,1.91781,0.00603,0.0,0.02312,0.0,3.828,94.4,3.841,118.543
165.339,0.5,3.83566,1.91783,0.0061,0.0,0.02339,0.0,3.828,94.4,3.841,118.383
165.808,0.5,3.83573,1.91787,0.00617,0.0,0.02365,0.0,3.825,94.4,3.841,118.383
166.366,0.5,3.83578,1.91789,0.00624,0.0,0.02392,0.0,3.834,94.4,3.841,118.383
166.829,0.5,3.83579,1.9179,0.00631,0.0,0.02418,0.0,3.834,94.4,3.841,118.383
167.383,0.5,3.8359,1.91795,0.00638,0.0,0.02445,0.0,3.834,94.4,3.841,118.383
167.851,0.5,3.83586,1.91793,0.00645,0.0,0.02472,0.0,3.828,94.4,3.841,118.383
168.414,0.5,3.83585,1.91793,0.00652,0.0,0.02498,0.0,3.828,94.4,3.841,118.383
168.88,0.5,3.83601,1.91801,0.00659,0.0,0.02525,0.0,3.828,94.4,3.841,118.383
169.438,0.5,3.83605,1.91803,0.00666,0.0,0.02551,0.0,3.834,94.4,3.841,118.383
169.906,0.5,3.8361,1.91805,0.00673,0.0,0.02578,0.0,3.831,94.4,3.841,118.227
170.463,0.5,3.83596,1.91798,0.0068,0.0,0.02605,0.0,3.834,94.4,3.841,118.227
170.93,0.5,3.83619,1.9181,0.00686,0.0,0.02631,0.0,3.837,94.4,3.841,118.227
171.489,0.5,3.83623,1.91812,0.00693,0.0,0.02658,0.0,3.831,94.4,3.841,118.227
171.952,0.5,3.83623,1.91812,0.007,0.0,0.02684,0.0,3.831,94.4,3.841,118.227
172.514,0.5,3.83634,1.91817,0.00707,0.0,0.02711,0.0,3.831,94.4,3.841,118.227
172.981,0.5,3.83636,1.91818,0.00714,0.0,0.02738,0.0,3.834,94.4,3.841,118.227
173.55,0.5,3.83644,1.91822,0.00728,0.0,0.02791,0.0,3.828,94.3,3.841,118.227
174.0,0.5,3.83644,1.91822,0.00728,0.0,0.02791,0.0,3.828,94.3,3.841,118.066
174.563,0.5,3.83652,1.91826,0.00742,0.0,0.02844,0.0,3.831,94.3,3.841,118.066
175.013,0.5,3.83652,1.91826,0.00742,0.0,0.02844,0.0,3.834,94.3,3.841,118.066
175.576,0.5,3.83672,1.91836,0.00756,0.0,0.02897,0.0,3.834,94.3,3.841,118.066
176.043,0.5,3.83672,1.91836,0.00763,0.0,0.02924,0.0,3.828,94.3,3.841,118.066
176.608,0.5,3.83694,1.91847,0.0077,0.0,0.0295,0.0,3.828,94.3,3.841,118.066
177.045,0.5,3.83698,1.91849,0.00777,0.0,0.02977,0.0,3.831,94.3,3.841,118.066
177.598,0.5,3.83687,1.91844,0.00784,0.0,0.03004,0.0,3.831,94.3,3.842,118.066
178.059,0.5,3.83704,1.91852,0.00791,0.0,0.0303,0.0,3.837,94.3,3.842,117.91
178.619,0.5,3.83716,1.91858,0.00797,0.0,0.03057,0.0,3.837,94.3,3.842,117.91
179.083,0.5,3.83725,1.91863,0.00804,0.0,0.03084,0.0,3.831,94.3,3.842,117.91
179.646,0.5,3.83707,1.91854,0.00811,0.0,0.0311,0.0,3.831,94.3,3.842,117.91
180.094,0.5,3.83705,1.91853,0.00818,0.0,0.03137,0.0,3.834,94.3,3.842,117.91
180.658,0.50001,3.83703,1.91855,0.00825,0.0,0.03163,0.0,3.834,94.3,3.842,117.91
181.115,0.5,3.83696,1.91848,0.00832,0.0,0.0319,0.0,3.828,94.3,3.842,117.91
181.672,0.0,3.6509,0.0,0.00832,0.0,0.0319,0.0,3.828,94.3,3.842,117.91
182.136,0.0,3.65038,0.0,0.00832,0.0,0.0319,0.0,3.834,94.3,3.842,117.91
182.696,0.0,3.65009,0.0,0.00832,0.0,0.0319,0.0,3.648,94.3,3.734,117.75
183.161,0.0,3.64983,0.0,0.00832,0.0,0.0319,0.0,3.65,94.3,3.659,117.75
183.724,0.0,3.6496,0.0,0.00832,0.0,0.0319,0.0,3.648,94.3,3.659,117.75
184.191,0.0,3.64956,0.0,0.00832,0.0,0.0319,0.0,3.648,94.3,3.659,117.75
184.756,0.0,3.64953,0.0,0.00832,0.0,0.0319,0.0,3.648,94.3,3.659,117.75
185.195,0.0,3.64943,0.0,0.00832,0.0,0.0319,0.0,3.648,94.3,3.659,117.75
185.758,0.0,3.64932,0.0,0.00832,0.0,0.0319,0.0,3.648,94.3,3.659,117.594
186.212,0.0,3.64923,0.0,0.00832,0.0,0.0319,0.0,3.645,94.2,3.658,117.594
186.771,0.0,3.64921,0.0,0.00832,0.0,0.0319,0.0,3.648,94.2,3.658,117.594
187.237,0.0,3.64917,0.0,0.00832,0.0,0.0319,0.0,3.648,94.2,3.658,117.594
187.795,0.0,3.64903,0.0,0.00832,0.0,0.0319,0.0,3.648,94.2,3.658,117.594
188.263,0.0,3.64893,0.0,0.00832,0.0,0.0319,0.0,3.648,94.2,3.658,117.594
188.823,0.0,3.64885,0.0,0.00832,0.0,0.0319,0.0,3.648,94.2,3.658,117.434
189.293,0.0,3.64881,0.0,0.00832,0.0,0.0319,0.0,3.648,94.2,3.658,117.434
189.854,0.0,3.64872,0.0,0.00832,0.0,0.0319,0.0,3.648,94.2,3.656,117.434
190.321,0.0,3.64865,0.0,0.00832,0.0,0.0319,0.0,3.648,94.2,3.656,117.434
190.884,0.0,3.64859,0.0,0.00832,0.0,0.0319,0.0,3.648,94.2,3.656,117.434
191.335,0.0,3.64854,0.0,0.00832,0.0,0.0319,0.0,3.648,94.2,3.656,117.434
191.909,0.0,3.64847,0.0,0.00832,0.0,0.0319,0.0,3.648,94.2,3.656,117.277
192.356,0.0,3.64844,0.0,0.00832,0.0,0.0319,0.0,3.645,94.2,3.656,117.277
192.926,0.0,3.64836,0.0,0.00832,0.0,0.0319,0.0,3.648,94.2,3.656,117.277
193.37,0.0,3.64828,0.0,0.00832,0.0,0.0319,0.0,3.645,94.2,3.656,117.277
193.925,0.0,3.64812,0.0,0.00832,0.0,0.0319,0.0,3.645,94.2,3.656,117.277
194.392,0.0,3.64807,0.0,0.00832,0.0,0.0319,0.0,3.645,94.2,3.656,117.277
194.948,0.0,3.64814,0.0,0.00832,0.0,0.0319,0.0,3.645,94.2,3.656,117.117
195.415,0.0,3.64806,0.0,0.00832,0.0,0.0319,0.0,3.648,94.1,3.656,117.117
195.975,0.0,3.64801,0.0,0.00832,0.0,0.0319,0.0,3.645,94.1,3.656,117.117
196.441,0.0,3.64801,0.0,0.00832,0.0,0.0319,0.0,3.645,94.1,3.656,117.117
197.003,0.0,3.64793,0.0,0.00832,0.0,0.0319,0.0,3.645,94.1,3.656,117.117
197.457,0.0,3.64789,0.0,0.00832,0.0,0.0319,0.0,3.645,94.1,3.656,117.117
198.015,0.0,3.64786,0.0,0.00832,0.0,0.0319,0.0,3.645,94.1,3.656,116.961
198.486,0.0,3.64781,0.0,0.00832,0.0,0.0319,0.0,3.645,94.1,3.656,116.961
199.047,0.0,3.64774,0.0,0.00832,0.0,0.0319,0.0,3.645,94.1,3.656,116.961
199.497,0.0,3.64772,0.0,0.00832,0.0,0.0319,0.0,3.645,94.1,3.656,116.961
200.056,0.0,3.64764,0.0,0.00832,0.0,0.0319,0.0,3.645,94.1,3.656,116.961
200.519,0.0,3.64759,0.0,0.00832,0.0,0.0319,0.0,3.645,94.1,3.656,116.961
201.076,0.0,3.64759,0.0,0.00832,0.0,0.0319,0.0,3.645,94.1,3.656,116.961
201.545,0.0,3.64759,0.0,0.00832,0.0,0.0319,0.0,3.645,94.1,3.656,116.801
202.104,0.0,3.64758,0.0,0.00832,0.0,0.0319,0.0,3.645,94.1,3.656,116.801
202.56,0.0,3.6474,0.0,0.00832,0.0,0.0319,0.0,3.645,94.1,3.656,116.801
203.119,0.0,3.6475,0.0,0.00832,0.0,0.0319,0.0,3.645,94.1,3.656,116.801
203.586,0.0,3.64759,0.0,0.00832,0.0,0.0319,0.0,3.645,94.1,3.656,116.801
204.143,0.0,3.64749,0.0,0.00832,0.0,0.0319,0.0,3.645,94.0,3.656,116.801
204.609,0.0,3.64734,0.0,0.00832,0.0,0.0319,0.0,3.645,94.0,3.656,116.645
205.171,0.0,3.64736,0.0,0.00832,0.0,0.0319,0.0,3.645,94.0,3.656,116.645
205.641,0.0,3.64715,0.0,0.00832,0.0,0.0319,0.0,3.645,94.0,3.656,116.645
206.204,0.0,3.64692,0.0,0.00832,0.0,0.0319,0.0,3.645,94.0,3.656,116.645
206.654,0.0,3.64684,0.0,0.00832,0.0,0.0319,0.0,3.645,94.0,3.656,116.645
207.215,0.0,3.64686,0.0,0.00832,0.0,0.0319,0.0,3.645,94.0,3.656,116.645
207.684,0.0,3.64699,0.0,0.00832,0.0,0.0319,0.0,3.645,94.0,3.655,116.484
208.242,0.0,3.64697,0.0,0.00832,0.0,0.0319,0.0,3.645,94.0,3.656,116.484
208.702,0.0,3.64699,0.0,0.00832,0.0,0.0319,0.0,3.645,94.0,3.655,116.484
209.261,0.0,3.64693,0.0,0.00832,0.0,0.0319,0.0,3.645,94.0,3.655,116.484
209.726,0.0,3.6469,0.0,0.00832,0.0,0.0319,0.0,3.645,94.0,3.655,116.484
210.289,0.0,3.64688,0.0,0.00832,0.0,0.0319,0.0,3.645,94.0,3.655,116.484
210.754,0.0,3.64686,0.0,0.00832,0.0,0.0319,0.0,3.645,94.0,3.655,116.328
211.316,0.0,3.64677,0.0,0.00832,0.0,0.0319,0.0,3.645,94.0,3.655,116.328
211.784,0.0,3.6468,0.0,0.00832,0.0,0.0319,0.0,3.645,93.9,3.655,116.328
212.348,0.0,3.64673,0.0,0.00832,0.0,0.0319,0.0,3.645,93.9,3.655,116.328
212.815,0.0,3.64676,0.0,0.00832,0.0,0.0319,0.0,3.645,93.9,3.655,116.328
213.373,0.0,3.64675,0.0,0.00832,0.0,0.0319,0.0,3.645,93.9,3.655,116.328
213.839,0.0,3.6467,0.0,0.00832,0.0,0.0319,0.0,3.642,93.9,3.655,116.168
214.399,0.0,3.64669,0.0,0.00832,0.0,0.0319,0.0,3.645,93.9,3.655,116.168
214.867,0.0,3.64657,0.0,0.00832,0.0,0.0319,0.0,3.645,93.9,3.655,116.168
215.432,0.0,3.64653,0.0,0.00832,0.0,0.0319,0.0,3.645,93.9,3.655,116.168
215.89,0.0,3.64662,0.0,0.00832,0.0,0.0319,0.0,3.645,93.9,3.655,116.168
216.451,0.0,3.64658,0.0,0.00832,0.0,0.0319,0.0,3.645,93.9,3.655,116.168
216.905,0.0,3.64655,0.0,0.00832,0.0,0.0319,0.0,3.645,93.9,3.655,116.012
217.467,0.0,3.64655,0.0,0.00832,0.0,0.0319,0.0,3.645,93.9,3.655,116.012
217.92,0.0,3.64648,0.0,0.00832,0.0,0.0319,0.0,3.645,93.9,3.655,116.012
218.48,0.0,3.64648,0.0,0.00832,0.0,0.0319,0.0,3.642,93.9,3.655,116.012
218.948,0.0,3.64641,0.0,0.00832,0.0,0.0319,0.0,3.645,93.9,3.655,116.012
219.512,0.0,3.64643,0.0,0.00832,0.0,0.0319,0.0,3.645,93.9,3.655,116.012
219.975,0.0,3.64643,0.0,0.00832,0.0,0.0319,0.0,3.645,93.9,3.655,115.852
220.539,0.0,3.64641,0.0,0.00832,0.0,0.0319,0.0,3.645,93.9,3.655,115.852
220.992,0.0,3.64634,0.0,0.00832,0.0,0.0319,0.0,3.645,93.9,3.654,115.852
221.552,0.0,3.64635,0.0,0.00832,0.0,0.0319,0.0,3.642,93.8,3.655,115.852
222.021,0.0,3.64636,0.0,0.00832,0.0,0.0319,0.0,3.645,93.8,3.654,115.852
222.582,0.0,3.6464,0.0,0.00832,0.0,0.0319,0.0,3.645,93.8,3.655,115.852
223.051,0.0,3.6464,0.0,0.00832,0.0,0.0319,0.0,3.642,93.8,3.654,115.852
223.613,0.0,3.64646,0.0,0.00832,0.0,0.0319,0.0,3.645,93.8,3.654,115.695
224.081,0.0,3.64643,0.0,0.00832,0.0,0.0319,0.0,3.645,93.8,3.654,115.695
224.64,0.0,3.64645,0.0,0.00832,0.0,0.0319,0.0,3.645,93.8,3.654,115.695
225.095,0.0,3.64645,0.0,0.00832,0.0,0.0319,0.0,3.642,93.8,3.654,115.695
225.655,0.0,3.64652,0.0,0.00832,0.0,0.0319,0.0,3.642,93.8,3.654,115.695
226.11,0.0,3.64643,0.0,0.00832,0.0,0.0319,0.0,3.645,93.8,3.654,115.695
226.673,0.0,3.64624,0.0,0.00832,0.0,0.0319,0.0,3.645,93.8,3.654,115.535
227.126,0.0,3.64635,0.0,0.00832,0.0,0.0319,0.0,3.645,93.8,3.654,115.535
227.689,0.0,3.64607,0.0,0.00832,0.0,0.0319,0.0,3.642,93.8,3.654,115.535
228.144,0.0,3.64617,0.0,0.00832,0.0,0.0319,0.0,3.645,93.8,3.654,115.535
228.71,0.0,3.64614,0.0,0.00832,0.0,0.0319,0.0,3.642,93.8,3.654,115.535
229.147,0.0,3.64607,0.0,0.00832,0.0,0.0319,0.0,3.642,93.8,3.654,115.535
229.695,0.0,3.64595,0.0,0.00832,0.0,0.0319,0.0,3.645,93.7,3.654,115.379
230.176,0.0,3.64601,0.0,0.00832,0.0,0.0319,0.0,3.645,93.7,3.654,115.379
230.726,0.0,3.64598,0.0,0.00832,0.0,0.0319,0.0,3.642,93.7,3.654,115.379
231.208,0.0,3.64603,0.0,0.00832,0.0,0.0319,0.0,3.645,93.7,3.654,115.379
231.771,0.0,3.646,0.0,0.00832,0.0,0.0319,0.0,3.645,93.7,3.654,115.379
232.238,0.0,3.64593,0.0,0.00832,0.0,0.0319,0.0,3.645,93.7,3.654,115.379
232.8,0.0,3.64599,0.0,0.00832,0.0,0.0319,0.0,3.645,93.7,3.654,115.219
233.256,0.0,3.64598,0.0,0.00832,0.0,0.0319,0.0,3.645,93.7,3.654,115.219
233.818,0.0,3.64597,0.0,0.00832,0.0,0.0319,0.0,3.645,93.7,3.654,115.219
234.27,0.0,3.64592,0.0,0.00832,0.0,0.0319,0.0,3.645,93.7,3.654,115.219
234.831,0.0,3.64594,0.0,0.00832,0.0,0.0319,0.0,3.645,93.7,3.654,115.219
235.286,0.0,3.64587,0.0,0.00832,0.0,0.0319,0.0,3.645,93.7,3.654,115.219
235.848,0.0,3.64592,0.0,0.00832,0.0,0.0319,0.0,3.642,93.7,3.654,115.063
236.314,0.0,3.64579,0.0,0.00832,0.0,0.0319,0.0,3.642,93.7,3.654,115.063
236.875,0.0,3.64582,0.0,0.00832,0.0,0.0319,0.0,3.642,93.7,3.654,115.063
237.331,0.0,3.64586,0.0,0.00832,0.0,0.0319,0.0,3.642,93.7,3.654,115.063
237.894,0.0,3.64586,0.0,0.00832,0.0,0.0319,0.0,3.642,93.7,3.654,115.063
238.349,0.0,3.64585,0.0,0.00832,0.0,0.0319,0.0,3.642,93.7,3.654,115.063
238.91,0.0,3.64584,0.0,0.00832,0.0,0.0319,0.0,3.642,93.7,3.654,115.063
239.379,0.0,3.64579,0.0,0.00832,0.0,0.0319,0.0,3.642,93.6,3.654,114.902
239.941,0.0,3.64579,0.0,0.00832,0.0,0.0319,0.0,3.645,93.6,3.654,114.902
240.411,0.0,3.64576,0.0,0.00832,0.0,0.0319,0.0,3.642,93.6,3.654,114.902
240.974,0.0,3.64576,0.0,0.00832,0.0,0.0319,0.0,3.645,93.6,3.654,114.902
241.426,0.0,3.64573,0.0,0.00832,0.0,0.0319,0.0,3.642,93.6,3.654,114.902
241.971,-0.19999,3.57129,-0.71422,0.00833,3e-05,0.03193,0.0001,3.642,93.6,3.654,114.902
242.453,-0.19999,3.5711,-0.71418,0.00833,6e-05,0.03193,0.0002,3.645,93.6,3.654,114.746
243.019,-0.19999,3.571,-0.71416,0.00833,8e-05,0.03193,0.0003,3.569,93.6,3.611,114.746
243.472,-0.19999,3.57086,-0.71414,0.00833,0.00011,0.03193,0.0004,3.569,93.6,3.581,114.746
244.032,-0.19999,3.57082,-0.71413,0.00833,0.00014,0.03193,0.0005,3.571,93.6,3.581,114.746
244.501,-0.19999,3.57065,-0.71409,0.00833,0.00017,0.03193,0.00059,3.569,93.6,3.58,114.746
245.062,-0.19999,3.57066,-0.7141,0.00833,0.00019,0.03193,0.00069,3.571,93.6,3.58,114.746
245.53,-0.19999,3.57058,-0.71408,0.00833,0.00022,0.03193,0.00079,3.571,93.6,3.58,114.586
246.091,-0.19999,3.57051,-0.71407,0.00833,0.00025,0.03193,0.00089,3.571,93.6,3.58,114.586
246.558,-0.19999,3.57048,-0.71406,0.00833,0.00028,0.03193,0.00099,3.569,93.6,3.58,114.586
247.123,-0.19999,3.57037,-0.71404,0.00833,0.00033,0.03193,0.00119,3.569,93.5,3.58,114.586
247.575,-0.19999,3.57037,-0.71404,0.00833,0.00033,0.03193,0.00119,3.569,93.5,3.58,114.586
248.085,-0.19999,3.57041,-0.71405,0.00833,0.00036,0.03193,0.00129,3.571,93.5,3.58,114.43
248.631,-0.19999,3.57037,-0.71404,0.00833,0.00042,0.03193,0.00149,3.569,93.5,3.58,114.43
249.113,-0.19999,3.57033,-0.71403,0.00833,0.00044,0.03193,0.00158,3.569,93.5,3.58,114.43
249.677,-0.19998,3.57028,-0.71398,0.00833,0.00047,0.03193,0.00168,3.569,93.5,3.58,114.43
250.143,-0.19999,3.57027,-0.71402,0.00833,0.0005,0.03193,0.00178,3.569,93.5,3.579,114.43
250.711,-0.19999,3.5702,-0.714,0.00833,0.00053,0.03193,0.00188,3.569,93.5,3.579,114.43
251.148,-0.19999,3.57022,-0.71401,0.00833,0.00055,0.03193,0.00198,3.569,93.5,3.579,114.27
251.71,-0.19999,3.57016,-0.714,0.00833,0.00058,0.03193,0.00208,3.569,93.5,3.579,114.27
252.179,-0.19999,3.57002,-0.71397,0.00833,0.00061,0.03193,0.00218,3.569,93.5,3.579,114.27
252.745,-0.19999,3.56992,-0.71395,0.00833,0.00064,0.03193,0.00228,3.571,93.5,3.579,114.27
253.183,-0.19999,3.56985,-0.71393,0.00833,0.00067,0.03193,0.00238,3.569,93.5,3.579,114.27
253.747,-0.19999,3.56963,-0.71389,0.00833,0.00069,0.03193,0.00248,3.569,93.4,3.579,114.27
254.203,-0.19999,3.56948,-0.71386,0.00833,0.00072,0.03193,0.00257,3.569,93.4,3.579,114.113
254.764,-0.19999,3.56942,-0.71385,0.00833,0.00075,0.03193,0.00267,3.566,93.4,3.579,114.113
255.232,-0.19999,3.56956,-0.71388,0.00833,0.00078,0.03193,0.00277,3.569,93.4,3.579,114.113
255.796,-0.19999,3.5695,-0.71386,0.00833,0.0008,0.03193,0.00287,3.569,93.4,3.579,114.113
256.248,-0.19999,3.56945,-0.71385,0.00833,0.00083,0.03193,0.00297,3.569,93.4,3.579,114.113
256.809,-0.19998,3.56946,-0.71382,0.00833,0.00086,0.03193,0.00307,3.566,93.4,3.579,113.953
257.262,-0.19999,3.56942,-0.71385,0.00833,0.00089,0.03193,0.00317,3.571,93.4,3.579,113.953
257.822,-0.19999,3.56939,-0.71384,0.00833,0.00092,0.03193,0.00327,3.571,93.4,3.579,113.953
258.275,-0.19999,3.56932,-0.71383,0.00833,0.00094,0.03193,0.00337,3.569,93.4,3.579,113.953
258.837,-0.19999,3.56928,-0.71382,0.00833,0.00097,0.03193,0.00347,3.569,93.4,3.579,113.953
259.291,-0.19999,3.56927,-0.71382,0.00833,0.001,0.03193,0.00356,3.569,93.4,3.579,113.953
259.854,-0.19999,3.56914,-0.71379,0.00833,0.00103,0.03193,0.00366,3.569,93.4,3.579,113.797
260.307,-0.19999,3.56912,-0.71379,0.00833,0.00105,0.03193,0.00376,3.569,93.3,3.579,113.797
260.871,-0.19999,3.56908,-0.71378,0.00833,0.00108,0.03193,0.00386,3.566,93.3,3.579,113.797
261.324,-0.19999,3.56911,-0.71379,0.00833,0.00111,0.03193,0.00396,3.566,93.3,3.579,113.797
261.884,-0.19999,3.569,-0.71376,0.00833,0.00114,0.03193,0.00406,3.566,93.3,3.579,113.797
262.338,-0.19999,3.56896,-0.71376,0.00833,0.00116,0.03193,0.00416,3.569,93.3,3.579,113.797
262.897,-0.19999,3.56898,-0.71376,0.00833,0.00119,0.03193,0.00426,3.569,93.3,3.579,113.637
263.353,-0.19998,3.5689,-0.71371,0.00833,0.00122,0.03193,0.00436,3.569,93.3,3.579,113.637
263.917,-0.19999,3.56889,-0.71374,0.00833,0.00125,0.03193,0.00446,3.569,93.3,3.579,113.637
264.369,-0.19999,3.56884,-0.71373,0.00833,0.00128,0.03193,0.00455,3.569,93.3,3.579,113.637
264.932,-0.19999,3.56877,-0.71372,0.00833,0.0013,0.03193,0.00465,3.569,93.3,3.579,113.637
265.399,-0.19999,3.56879,-0.71372,0.00833,0.00133,0.03193,0.00475,3.566,93.3,3.579,113.48
265.944,-0.19999,3.56875,-0.71371,0.00833,0.00136,0.03193,0.00485,3.566,93.3,3.579,113.48
266.424,-0.19999,3.5687,-0.7137,0.00833,0.00139,0.03193,0.00495,3.569,93.3,3.579,113.48
266.976,-0.19999,3.56866,-0.7137,0.00833,0.00141,0.03193,0.00505,3.569,93.3,3.579,113.48
267.428,-0.19999,3.56865,-0.71369,0.00833,0.00144,0.03193,0.00515,3.569,93.3,3.579,113.48
267.989,-0.19998,3.56859,-0.71365,0.00833,0.00147,0.03193,0.00525,3.569,93.2,3.579,113.48
268.457,-0.19998,3.56857,-0.71364,0.00833,0.0015,0.03193,0.00535,3.569,93.2,3.579,113.32
269.017,-0.19999,3.56847,-0.71366,0.00833,0.00153,0.03193,0.00544,3.569,93.2,3.579,113.32
269.486,-0.19999,3.5685,-0.71366,0.00833,0.00155,0.03193,0.00554,3.569,93.2,3.579,113.32
270.035,-0.19999,3.56847,-0.71366,0.00833,0.00158,0.03193,0.00564,3.569,93.2,3.578,113.32
270.506,-0.19999,3.56845,-0.71365,0.00833,0.00161,0.03193,0.00574,3.569,93.2,3.579,113.32
271.069,-0.19999,3.56842,-0.71365,0.00833,0.00164,0.03193,0.00584,3.569,93.2,3.579,113.32
271.518,-0.19998,3.56838,-0.7136,0.00833,0.00166,0.03193,0.00594,3.566,93.2,3.578,113.164
272.082,-0.19999,3.56837,-0.71364,0.00833,0.00169,0.03193,0.00604,3.569,93.2,3.578,113.164
272.547,-0.19999,3.56836,-0.71364,0.00833,0.00172,0.03193,0.00614,3.569,93.2,3.578,113.164
273.109,-0.19999,3.56827,-0.71362,0.00833,0.00175,0.03193,0.00624,3.569,93.2,3.578,113.164
273.578,-0.19998,3.5682,-0.71357,0.00833,0.00178,0.03193,0.00634,3.569,93.2,3.578,113.164
274.143,-0.19999,3.5683,-0.71362,0.00833,0.00183,0.03193,0.00653,3.569,93.2,3.578,113.164
274.595,-0.19999,3.5683,-0.71362,0.00833,0.00183,0.03193,0.00653,3.569,93.2,3.578,113.004
275.157,-0.19999,3.56833,-0.71363,0.00833,0.00189,0.03193,0.00673,3.569,93.1,3.578,113.004
275.611,-0.19999,3.56831,-0.71363,0.00833,0.00191,0.03193,0.00683,3.566,93.1,3.578,113.004
276.173,-0.19999,3.5683,-0.71362,0.00833,0.00194,0.03193,0.00693,3.569,93.1,3.578,113.004
276.628,-0.19999,3.56832,-0.71363,0.00833,0.00197,0.03193,0.00703,3.569,93.1,3.578,113.004
277.195,-0.19999,3.56829,-0.71362,0.00833,0.002,0.03193,0.00713,3.569,93.1,3.578,112.848
277.648,-0.19999,3.56835,-0.71363,0.00833,0.00202,0.03193,0.00723,3.566,93.1,3.578,112.848
278.208,-0.19999,3.56834,-0.71363,0.00833,0.00205,0.03193,0.00733,3.569,93.1,3.578,112.848
278.676,-0.19999,3.56813,-0.71359,0.00833,0.00208,0.03193,0.00742,3.569,93.1,3.578,112.848
279.243,-0.19999,3.56802,-0.71357,0.00833,0.00211,0.03193,0.00752,3.566,93.1,3.578,112.848
279.695,-0.19999,3.56787,-0.71354,0.00833,0.00214,0.03193,0.00762,3.566,93.1,3.578,112.848
280.255,-0.19999,3.56784,-0.71353,0.00833,0.00216,0.03193,0.00772,3.566,93.1,3.578,112.688
280.722,-0.19999,3.56776,-0.71352,0.00833,0.00219,0.03193,0.00782,3.566,93.1,3.578,112.688
281.285,-0.19999,3.5678,-0.71352,0.00833,0.00222,0.03193,0.00792,3.569,93.1,3.578,112.688
281.753,-0.19999,3.56781,-0.71353,0.00833,0.00225,0.03193,0.00802,3.569,93.1,3.578,112.688
282.311,-0.19999,3.56788,-0.71354,0.00833,0.00227,0.03193,0.00812,3.566,93.0,3.578,112.688
282.767,-0.19999,3.56788,-0.71354,0.00833,0.0023,0.03193,0.00822,3.569,93.0,3.578,112.688
283.328,-0.19999,3.56786,-0.71354,0.00833,0.00233,0.03193,0.00831,3.569,93.0,3.578,112.531
283.782,-0.19999,3.56788,-0.71354,0.00833,0.00236,0.03193,0.00841,3.566,93.0,3.578,112.531
284.344,-0.19999,3.56782,-0.71353,0.00833,0.00239,0.03193,0.00851,3.564,93.0,3.578,112.531
284.802,-0.19999,3.56779,-0.71352,0.00833,0.00241,0.03193,0.00861,3.566,93.0,3.578,112.531
285.365,-0.19999,3.56768,-0.7135,0.00833,0.00244,0.03193,0.00871,3.566,93.0,3.578,112.531
285.819,-0.19999,3.56781,-0.71353,0.00833,0.00247,0.03193,0.00881,3.566,93.0,3.578,112.371
286.387,-0.19999,3.56774,-0.71351,0.00833,0.0025,0.03193,0.00891,3.569,93.0,3.578,112.371
286.837,-0.19999,3.56775,-0.71351,0.00833,0.00252,0.03193,0.00901,3.569,93.0,3.578,112.371
287.4,-0.19999,3.56775,-0.71351,0.00833,0.00255,0.03193,0.00911,3.569,93.0,3.578,112.371
287.854,-0.19999,3.5677,-0.7135,0.00833,0.00258,0.03193,0.00921,3.566,93.0,3.578,112.371
288.412,-0.19999,3.56773,-0.71351,0.00833,0.00261,0.03193,0.0093,3.566,93.0,3.578,112.371
288.88,-0.19999,3.56764,-0.71349,0.00833,0.00263,0.03193,0.0094,3.566,92.9,3.578,112.215
289.441,-0.19998,3.56765,-0.71346,0.00833,0.00266,0.03193,0.0095,3.566,92.9,3.578,112.215
289.891,-0.19999,3.56766,-0.7135,0.00833,0.00269,0.03193,0.0096,3.566,92.9,3.578,112.215
290.452,-0.19999,3.56756,-0.71348,0.00833,0.00272,0.03193,0.0097,3.566,92.9,3.578,112.215
290.906,-0.19999,3.56765,-0.71349,0.00833,0.00275,0.03193,0.0098,3.566,92.9,3.578,112.215
291.469,-0.19999,3.56764,-0.71349,0.00833,0.00277,0.03193,0.0099,3.569,92.9,3.578,112.215
291.923,-0.19999,3.56761,-0.71349,0.00833,0.0028,0.03193,0.01,3.569,92.9,3.578,112.055
292.483,-0.19999,3.56759,-0.71348,0.00833,0.00283,0.03193,0.0101,3.566,92.9,3.576,112.055
292.949,-0.19998,3.56758,-0.71344,0.00833,0.00286,0.03193,0.0102,3.566,92.9,3.576,112.055
293.511,-0.19999,3.56761,-0.71349,0.00833,0.00288,0.03193,0.01029,3.566,92.9,3.578,112.055
293.98,-0.19999,3.56755,-0.71347,0.00833,0.00291,0.03193,0.01039,3.566,92.9,3.578,112.055
294.546,-0.19999,3.56749,-0.71346,0.00833,0.00294,0.03193,0.01049,3.566,92.9,3.576,112.055
294.984,-0.19999,3.56751,-0.71347,0.00833,0.00297,0.03193,0.01059,3.569,92.9,3.576,111.898
295.546,-0.19999,3.5675,-0.71346,0.00833,0.003,0.03193,0.01069,3.566,92.8,3.578,111.898
296.002,-0.19999,3.56736,-0.71344,0.00833,0.00302,0.03193,0.01079,3.566,92.8,3.576,111.898
296.565,-0.19998,3.56748,-0.71342,0.00833,0.00305,0.03193,0.01089,3.566,92.8,3.576,111.898
297.003,-0.19999,3.56744,-0.71345,0.00833,0.00308,0.03193,0.01099,3.566,92.8,3.576,111.898
297.567,-0.19999,3.56746,-0.71346,0.00833,0.00311,0.03193,0.01109,3.564,92.8,3.576,111.898
298.036,-0.19999,3.56742,-0.71345,0.00833,0.00313,0.03193,0.01118,3.564,92.8,3.576,111.738
298.598,-0.19999,3.56732,-0.71343,0.00833,0.00316,0.03193,0.01128,3.566,92.8,3.576,111.738
299.064,-0.19999,3.56731,-0.71343,0.00833,0.00319,0.03193,0.01138,3.566,92.8,3.576,111.738
299.623,-0.19999,3.56731,-0.71343,0.00833,0.00325,0.03193,0.01158,3.566,92.8,3.576,111.738
300.091,-0.19999,3.56731,-0.71343,0.00833,0.00325,0.03193,0.01158,3.566,92.8,3.576,111.738
300.659,-0.19999,3.56735,-0.71343,0.00833,0.0033,0.03193,0.01178,3.569,92.8,3.576,111.582
301.11,-0.19999,3.56735,-0.71343,0.00833,0.0033,0.03193,0.01178,3.566,92.8,3.576,111.582
301.67,0.0,3.64168,0.0,0.00833,0.00333,0.03193,0.01188,3.566,92.8,3.576,111.582
302.124,0.0,3.64168,0.0,0.00833,0.00333,0.03193,0.01188,3.566,92.8,3.576,111.582
302.681,0.0,3.64199,0.0,0.00833,0.00333,0.03193,0.01188,3.566,92.8,3.629,111.582
303.135,0.0,3.64199,0.0,0.00833,0.00333,0.03193,0.01188,3.642,92.7,3.65,111.582
303.699,0.0,3.64221,0.0,0.00833,0.00333,0.03193,0.01188,3.64,92.7,3.65,111.422
304.166,0.0,3.64232,0.0,0.00833,0.00333,0.03193,0.01188,3.64,92.7,3.651,111.422
304.727,0.0,3.64241,0.0,0.00833,0.00333,0.03193,0.01188,3.64,92.7,3.651,111.422
305.195,0.0,3.64248,0.0,0.00833,0.00333,0.03193,0.01188,3.64,92.7,3.651,111.422
305.761,0.0,3.6424,0.0,0.00833,0.00333,0.03193,0.01188,3.64,92.7,3.651,111.422
306.213,0.0,3.6424,0.0,0.00833,0.00333,0.03193,0.01188,3.64,92.7,3.651,111.422
306.774,0.0,3.64238,0.0,0.00833,0.00333,0.03193,0.01188,3.642,92.7,3.651,111.422
307.24,0.0,3.64232,0.0,0.00833,0.00333,0.03193,0.01188,3.642,92.7,3.651,111.266
307.803,0.0,3.64211,0.0,0.00833,0.00333,0.03193,0.01188,3.642,92.7,3.651,111.266
308.254,0.0,3.64226,0.0,0.00833,0.00333,0.03193,0.01188,3.642,92.7,3.651,111.266
308.817,0.0,3.64233,0.0,0.00833,0.00333,0.03193,0.01188,3.64,92.7,3.651,111.266
309.285,0.0,3.64244,0.0,0.00833,0.00333,0.03193,0.01188,3.64,92.7,3.651,111.266
309.845,0.0,3.64243,0.0,0.00833,0.00333,0.03193,0.01188,3.64,92.7,3.651,111.266
310.317,0.0,3.64245,0.0,0.00833,0.00333,0.03193,0.01188,3.64,92.7,3.651,111.105
310.862,0.0,3.64248,0.0,0.00833,0.00333,0.03193,0.01188,3.64,92.7,3.651,111.105
311.345,0.0,3.64254,0.0,0.00833,0.00333,0.03193,0.01188,3.64,92.7,3.651,111.105
311.907,0.0,3.64254,0.0,0.00833,0.00333,0.03193,0.01188,3.64,92.7,3.651,111.105
312.373,0.0,3.64256,0.0,0.00833,0.00333,0.03193,0.01188,3.642,92.6,3.651,111.105
312.938,0.0,3.6426,0.0,0.00833,0.00333,0.03193,0.01188,3.64,92.6,3.651,111.105
313.389,0.0,3.64263,0.0,0.00833,0.00333,0.03193,0.01188,3.642,92.6,3.651,111.105
313.952,0.0,3.64268,0.0,0.00833,0.00333,0.03193,0.01188,3.64,92.6,3.651,110.949
314.419,0.0,3.64265,0.0,0.00833,0.00333,0.03193,0.01188,3.642,92.6,3.651,110.949
314.983,0.0,3.64259,0.0,0.00833,0.00333,0.03193,0.01188,3.642,92.6,3.651,110.949
315.45,0.0,3.64272,0.0,0.00833,0.00333,0.03193,0.01188,3.642,92.6,3.651,110.949
316.012,0.0,3.64272,0.0,0.00833,0.00333,0.03193,0.01188,3.642,92.6,3.651,110.949
316.467,0.0,3.64276,0.0,0.00833,0.00333,0.03193,0.01188,3.64,92.6,3.651,110.949
317.035,0.0,3.64276,0.0,0.00833,0.00333,0.03193,0.01188,3.642,92.6,3.651,110.789
317.474,0.0,3.64277,0.0,0.00833,0.00333,0.03193,0.01188,3.64,92.6,3.651,110.789
318.041,0.0,3.64283,0.0,0.00833,0.00333,0.03193,0.01188,3.64,92.6,3.651,110.789
318.479,0.0,3.64278,0.0,0.00833,0.00333,0.03193,0.01188,3.642,92.6,3.651,110.789
319.045,0.0,3.64272,0.0,0.00833,0.00333,0.03193,0.01188,3.642,92.6,3.651,110.789
319.497,0.0,3.64276,0.0,0.00833,0.00333,0.03193,0.01188,3.642,92.6,3.651,110.789
320.061,0.0,3.64279,0.0,0.00833,0.00333,0.03193,0.01188,3.64,92.6,3.651,110.789
320.511,0.0,3.64285,0.0,0.00833,0.00333,0.03193,0.01188,3.64,92.6,3.651,110.633
321.071,0.0,3.64284,0.0,0.00833,0.00333,0.03193,0.01188,3.64,92.6,3.651,110.633
321.525,0.0,3.64288,0.0,0.00833,0.00333,0.03193,0.01188,3.642,92.5,3.651,110.633
322.09,0.0,3.6429,0.0,0.00833,0.00333,0.03193,0.01188,3.642,92.5,3.651,110.633
322.556,0.0,3.64288,0.0,0.00833,0.00333,0.03193,0.01188,3.642,92.5,3.651,110.633
323.119,0.0,3.64281,0.0,0.00833,0.00333,0.03193,0.01188,3.642,92.5,3.651,110.633
323.572,0.0,3.64293,0.0,0.00833,0.00333,0.03193,0.01188,3.642,92.5,3.651,110.633
324.133,0.0,3.64299,0.0,0.00833,0.00333,0.03193,0.01188,3.642,92.5,3.651,110.473
324.602,0.0,3.64298,0.0,0.00833,0.00333,0.03193,0.01188,3.642,92.5,3.651,110.473
325.149,0.0,3.64302,0.0,0.00833,0.00333,0.03193,0.01188,3.64,92.5,3.651,110.473
325.632,0.0,3.64302,0.0,0.00833,0.00333,0.03193,0.01188,3.642,92.5,3.651,110.473
326.196,0.0,3.64298,0.0,0.00833,0.00333,0.03193,0.01188,3.642,92.5,3.651,110.473
326.635,0.0,3.64298,0.0,0.00833,0.00333,0.03193,0.01188,3.642,92.5,3.651,110.473
327.198,0.0,3.64316,0.0,0.00833,0.00333,0.03193,0.01188,3.642,92.5,3.651,110.316
327.647,0.0,3.64313,0.0,0.00833,0.00333,0.03193,0.01188,3.642,92.5,3.651,110.316
328.211,0.0,3.64317,0.0,0.00833,0.00333,0.03193,0.01188,3.64,92.5,3.651,110.316
328.664,0.0,3.64331,0.0,0.00833,0.00333,0.03193,0.01188,3.64,92.5,3.651,110.316
329.229,0.0,3.64333,0.0,0.00833,0.00333,0.03193,0.01188,3.642,92.5,3.651,110.316
329.681,0.0,3.64333,0.0,0.00833,0.00333,0.03193,0.01188,3.642,92.5,3.651,110.316
330.243,0.0,3.64341,0.0,0.00833,0.00333,0.03193,0.01188,3.642,92.5,3.651,110.316
330.695,0.0,3.64337,0.0,0.00833,0.00333,0.03193,0.01188,3.642,92.4,3.651,110.156
331.255,0.0,3.64316,0.0,0.00833,0.00333,0.03193,0.01188,3.642,92.4,3.651,110.156
331.724,0.0,3.64302,0.0,0.00833,0.00333,0.03193,0.01188,3.642,92.4,3.651,110.156
332.287,0.0,3.6431,0.0,0.00833,0.00333,0.03193,0.01188,3.642,92.4,3.651,110.156
332.753,0.0,3.64298,0.0,0.00833,0.00333,0.03193,0.01188,3.642,92.4,3.651,110.156
333.314,0.0,3.64306,0.0,0.00833,0.00333,0.03193,0.01188,3.642,92.4,3.651,110.156
333.768,0.0,3.64297,0.0,0.00833,0.00333,0.03193,0.01188,3.642,92.4,3.651,110.0
334.331,0.0,3.64311,0.0,0.00833,0.00333,0.03193,0.01188,3.642,92.4,3.651,110.0
334.785,0.0,3.64319,0.0,0.00833,0.00333,0.03193,0.01188,3.642,92.4,3.651,110.0
335.346,0.0,3.64324,0.0,0.00833,0.00333,0.03193,0.01188,3.64,92.4,3.651,110.0
335.814,0.0,3.6432,0.0,0.00833,0.00333,0.03193,0.01188,3.64,92.4,3.651,110.0
336.378,0.0,3.64327,0.0,0.00833,0.00333,0.03193,0.01188,3.64,92.4,3.651,110.0
336.82,0.0,3.64324,0.0,0.00833,0.00333,0.03193,0.01188,3.642,92.4,3.651,110.0
337.381,0.0,3.64325,0.0,0.00833,0.00333,0.03193,0.01188,3.64,92.4,3.651,109.84
337.851,0.0,3.64327,0.0,0.00833,0.00333,0.03193,0.01188,3.642,92.4,3.651,109.84
338.416,0.0,3.64327,0.0,0.00833,0.00333,0.03193,0.01188,3.64,92.4,3.651,109.84
338.868,0.0,3.64326,0.0,0.00833,0.00333,0.03193,0.01188,3.642,92.4,3.651,109.84
339.428,0.0,3.64329,0.0,0.00833,0.00333,0.03193,0.01188,3.642,92.3,3.651,109.84
339.894,0.0,3.64329,0.0,0.00833,0.00333,0.03193,0.01188,3.642,92.3,3.651,109.84
340.459,0.0,3.64327,0.0,0.00833,0.00333,0.03193,0.01188,3.642,92.3,3.651,109.84
340.925,0.0,3.64333,0.0,0.00833,0.00333,0.03193,0.01188,3.642,92.3,3.651,109.684
341.484,0.0,3.64328,0.0,0.00833,0.00333,0.03193,0.01188,3.642,92.3,3.651,109.684
341.95,0.0,3.64322,0.0,0.00833,0.00333,0.03193,0.01188,3.642,92.3,3.651,109.684
342.512,0.0,3.64333,0.0,0.00833,0.00333,0.03193,0.01188,3.642,92.3,3.651,109.684
342.966,0.0,3.64328,0.0,0.00833,0.00333,0.03193,0.01188,3.642,92.3,3.651,109.684
343.528,0.0,3.64336,0.0,0.00833,0.00333,0.03193,0.01188,3.642,92.3,3.651,109.684
343.981,0.0,3.64334,0.0,0.00833,0.00333,0.03193,0.01188,3.642,92.3,3.651,109.523
344.546,0.0,3.64337,0.0,0.00833,0.00333,0.03193,0.01188,3.642,92.3,3.651,109.523
344.986,0.0,3.64339,0.0,0.00833,0.00333,0.03193,0.01188,3.642,92.3,3.651,109.523
345.551,0.0,3.64342,0.0,0.00833,0.00333,0.03193,0.01188,3.642,92.3,3.651,109.523
346.003,0.0,3.64343,0.0,0.00833,0.00333,0.03193,0.01188,3.642,92.3,3.651,109.523
346.563,0.0,3.64338,0.0,0.00833,0.00333,0.03193,0.01188,3.642,92.3,3.651,109.523
347.03,0.0,3.6434,0.0,0.00833,0.00333,0.03193,0.01188,3.642,92.3,3.651,109.523
347.592,0.0,3.64342,0.0,0.00833,0.00333,0.03193,0.01188,3.642,92.3,3.651,109.367
348.046,0.0,3.64346,0.0,0.00833,0.00333,0.03193,0.01188,3.642,92.3,3.651,109.367
348.61,0.0,3.64343,0.0,0.00833,0.00333,0.03193,0.01188,3.642,92.3,3.651,109.367
349.06,0.0,3.64344,0.0,0.00833,0.00333,0.03193,0.01188,3.642,92.2,3.651,109.367
349.622,0.0,3.64346,0.0,0.00833,0.00333,0.03193,0.01188,3.642,92.2,3.651,109.367
350.091,0.0,3.64347,0.0,0.00833,0.00333,0.03193,0.01188,3.642,92.2,3.651,109.367
350.652,0.0,3.6435,0.0,0.00833,0.00333,0.03193,0.01188,3.642,92.2,3.651,109.367
351.091,0.0,3.6435,0.0,0.00833,0.00333,0.03193,0.01188,3.64,92.2,3.651,109.207
351.654,0.0,3.6435,0.0,0.00833,0.00333,0.03193,0.01188,3.64,92.2,3.651,109.207
352.107,0.0,3.6435,0.0,0.00833,0.00333,0.03193,0.01188,3.642,92.2,3.651,109.207
352.668,0.0,3.64349,0.0,0.00833,0.00333,0.03193,0.01188,3.642,92.2,3.651,109.207
353.121,0.0,3.64349,0.0,0.00833,0.00333,0.03193,0.01188,3.642,92.2,3.651,109.207
353.685,0.0,3.64367,0.0,0.00833,0.00333,0.03193,0.01188,3.642,92.2,3.651,109.207
354.136,0.0,3.64367,0.0,0.00833,0.00333,0.03193,0.01188,3.642,92.2,3.651,109.207
354.699,0.0,3.6437,0.0,0.00833,0.00333,0.03193,0.01188,3.642,92.2,3.651,109.051
355.157,0.0,3.64373,0.0,0.00833,0.00333,0.03193,0.01188,3.642,92.2,3.651,109.051
355.719,0.0,3.64376,0.0,0.00833,0.00333,0.03193,0.01188,3.642,92.2,3.651,109.051
356.171,0.0,3.64384,0.0,0.00833,0.00333,0.03193,0.01188,3.642,92.2,3.651,109.051
356.719,0.0,3.64386,0.0,0.00833,0.00333,0.03193,0.01188,3.642,92.2,3.651,109.051
357.202,0.0,3.64377,0.0,0.00833,0.00333,0.03193,0.01188,3.642,92.2,3.651,109.051
357.762,0.0,3.64376,0.0,0.00833,0.00333,0.03193,0.01188,3.642,92.2,3.651,108.891
358.217,0.0,3.64358,0.0,0.00833,0.00333,0.03193,0.01188,3.642,92.1,3.651,108.891
358.781,0.0,3.64358,0.0,0.00833,0.00333,0.03193,0.01188,3.642,92.1,3.651,108.891
359.249,0.0,3.64355,0.0,0.00833,0.00333,0.03193,0.01188,3.642,92.1,3.651,108.891
359.81,0.0,3.6435,0.0,0.00833,0.00333,0.03193,0.01188,3.642,92.1,3.651,108.891
360.275,0.0,3.64355,0.0,0.00833,0.00333,0.03193,0.01188,3.642,92.1,3.651,108.891
360.838,0.0,3.64356,0.0,0.00833,0.00333,0.03193,0.01188,3.642,92.1,3.651,108.891
361.29,0.0,3.64348,0.0,0.00833,0.00333,0.03193,0.01188,3.642,92.1,3.651,108.734
361.851,0.4,3.79221,1.51688,0.00838,0.00333,0.03214,0.01189,3.642,92.1,3.651,108.734
362.307,0.4,3.79245,1.51698,0.00844,0.00333,0.03235,0.01189,3.642,92.1,3.651,108.734
362.87,0.4,3.79274,1.5171,0.00849,0.00333,0.03256,0.01189,3.787,92.1,3.754,108.734
363.324,0.4,3.79292,1.51717,0.00855,0.00333,0.03277,0.01189,3.787,92.1,3.799,108.734
363.882,0.4,3.79308,1.51723,0.00861,0.00333,0.03298,0.01189,3.787,92.1,3.799,108.734
364.35,0.4,3.79336,1.51734,0.00866,0.00333,0.03319,0.01189,3.787,92.1,3.799,108.734
364.911,0.4,3.79345,1.51738,0.00872,0.00333,0.0334,0.01189,3.787,92.1,3.799,108.734
365.38,0.4,3.79358,1.51743,0.00877,0.00333,0.03361,0.01189,3.793,92.1,3.799,108.574
365.94,0.4,3.79362,1.51745,0.00883,0.00333,0.03382,0.01189,3.79,92.1,3.799,108.574
366.408,0.4,3.79382,1.51753,0.00888,0.00333,0.03403,0.01189,3.79,92.1,3.8,108.574
366.969,0.4,3.79403,1.51761,0.00894,0.00333,0.03424,0.01189,3.79,92.1,3.8,108.574
367.422,0.4,3.79412,1.51765,0.00899,0.00333,0.03445,0.01189,3.793,92.1,3.8,108.574
367.985,0.4,3.7942,1.51768,0.00905,0.00333,0.03466,0.01189,3.793,92.1,3.8,108.574
368.451,0.4,3.79436,1.51774,0.0091,0.00333,0.03487,0.01189,3.793,92.1,3.8,108.574
369.011,0.4,3.79443,1.51777,0.00916,0.00333,0.03508,0.01189,3.79,92.1,3.801,108.574
369.48,0.4,3.79453,1.51781,0.00922,0.00333,0.03529,0.01189,3.79,92.0,3.801,108.574
370.041,0.4,3.79463,1.51785,0.00927,0.00333,0.0355,0.01189,3.79,92.0,3.801,108.418
370.499,0.4,3.79468,1.51787,0.00933,0.00333,0.03571,0.01189,3.787,92.0,3.801,108.418
371.064,0.4,3.7948,1.51792,0.00938,0.00333,0.03592,0.01189,3.787,92.0,3.801,108.418
371.505,0.4,3.79492,1.51797,0.00944,0.00333,0.03613,0.01189,3.79,92.0,3.801,108.418
372.064,0.4,3.795,1.518,0.00949,0.00333,0.03634,0.01189,3.793,92.0,3.801,108.418
372.532,0.4,3.79508,1.51803,0.00955,0.00333,0.03656,0.01189,3.793,92.0,3.801,108.418
373.093,0.4,3.79513,1.51805,0.0096,0.00333,0.03677,0.01189,3.79,92.0,3.801,108.418
373.559,0.4,3.79527,1.51811,0.00966,0.00333,0.03698,0.01189,3.79,92.0,3.801,108.418
374.124,0.4,3.79537,1.51815,0.00971,0.00333,0.03719,0.01189,3.79,92.0,3.801,108.418
374.577,0.4,3.79543,1.51817,0.00977,0.00333,0.0374,0.01189,3.793,92.0,3.801,108.258
375.143,0.4,3.79553,1.51821,0.00983,0.00333,0.03761,0.01189,3.793,92.0,3.801,108.258
375.596,0.4,3.79563,1.51825,0.00988,0.00333,0.03782,0.01189,3.79,92.0,3.801,108.258
376.158,0.4,3.79569,1.51828,0.00994,0.00333,0.03803,0.01189,3.79,92.0,3.801,108.258
376.625,0.4,3.79577,1.51831,0.00999,0.00333,0.03824,0.01189,3.79,92.0,3.801,108.258
377.187,0.4,3.79567,1.51827,0.01005,0.00333,0.03845,0.01189,3.79,92.0,3.801,108.258
377.655,0.4,3.79597,1.51839,0.0101,0.00333,0.03866,0.01189,3.793,92.0,3.801,108.258
378.22,0.4,3.79612,1.51845,0.01021,0.00333,0.03908,0.01189,3.793,92.0,3.801,108.258
378.674,0.4,3.79612,1.51845,0.01021,0.00333,0.03908,0.01189,3.793,92.0,3.801,108.258
379.232,0.4,3.79631,1.51852,0.01033,0.00333,0.0395,0.01189,3.796,92.0,3.803,108.102
379.687,0.4,3.79631,1.51852,0.01033,0.00333,0.0395,0.01189,3.796,92.0,3.803,108.102
380.245,0.4,3.79651,1.5186,0.01044,0.00333,0.03992,0.01189,3.79,92.0,3.803,108.102
380.713,0.4,3.79659,1.51864,0.01049,0.00333,0.04013,0.01189,3.79,92.0,3.803,108.102
381.28,0.4,3.79654,1.51862,0.01055,0.00333,0.04034,0.01189,3.79,92.0,3.803,108.102
381.718,0.4,3.79683,1.51873,0.0106,0.00333,0.04056,0.01189,3.793,92.0,3.803,108.102
382.278,0.4,3.79697,1.51879,0.01066,0.00333,0.04077,0.01189,3.793,92.0,3.803,108.102
382.746,0.4,3.79701,1.5188,0.01071,0.00333,0.04098,0.01189,3.793,92.0,3.803,108.102
383.309,0.4,3.79708,1.51883,0.01077,0.00333,0.04119,0.01189,3.79,92.0,3.803,108.102
383.766,0.4,3.79718,1.51887,0.01082,0.00333,0.0414,0.01189,3.79,92.0,3.804,107.941
384.334,0.4,3.7971,1.51884,0.01088,0.00333,0.04161,0.01189,3.79,92.0,3.804,107.941
384.77,0.4,3.79704,1.51882,0.01094,0.00333,0.04182,0.01189,3.79,92.0,3.804,107.941
385.334,0.4,3.79701,1.5188,0.01099,0.00333,0.04203,0.01189,3.79,91.9,3.804,107.941
385.79,0.4,3.79698,1.51879,0.01105,0.00333,0.04224,0.01189,3.793,91.9,3.804,107.941
386.351,0.4,3.7971,1.51884,0.0111,0.00333,0.04245,0.01189,3.787,91.9,3.804,107.941
386.818,0.4,3.79716,1.51886,0.01116,0.00333,0.04266,0.01189,3.796,91.9,3.804,107.941
387.382,0.4,3.79714,1.51886,0.01121,0.00333,0.04287,0.01189,3.796,91.9,3.804,107.941
387.834,0.4,3.7973,1.51892,0.01127,0.00333,0.04308,0.01189,3.793,91.9,3.804,107.941
388.4,0.4,3.79742,1.51897,0.01132,0.00333,0.04329,0.01189,3.793,91.9,3.804,107.785
388.841,0.4,3.79737,1.51895,0.01138,0.00333,0.0435,0.01189,3.793,91.9,3.804,107.785
389.397,0.4,3.79748,1.51899,0.01143,0.00333,0.04371,0.01189,3.79,91.9,3.804,107.785
389.865,0.4,3.79761,1.51904,0.01149,0.00333,0.04392,0.01189,3.79,91.9,3.804,107.785
390.426,0.4,3.79764,1.51906,0.01155,0.00333,0.04414,0.01189,3.793,91.9,3.804,107.785
390.894,0.4,3.7977,1.51908,0.0116,0.00333,0.04435,0.01189,3.796,91.9,3.804,107.785
391.456,0.4,3.79776,1.5191,0.01166,0.00333,0.04456,0.01189,3.79,91.9,3.804,107.785
391.927,0.4,3.79781,1.51912,0.01171,0.00333,0.04477,0.01189,3.799,91.9,3.804,107.785
392.499,0.4,3.79783,1.51913,0.01177,0.00333,0.04498,0.01189,3.787,91.9,3.804,107.785
392.938,0.4,3.79786,1.51914,0.01182,0.00333,0.04519,0.01189,3.793,91.9,3.804,107.625
393.503,0.4,3.79798,1.51919,0.01188,0.00333,0.0454,0.01189,3.793,91.9,3.804,107.625
393.958,0.4,3.79801,1.5192,0.01193,0.00333,0.04561,0.01189,3.793,91.9,3.804,107.625
394.52,0.4,3.79809,1.51924,0.01199,0.00333,0.04582,0.01189,3.796,91.9,3.804,107.625
394.988,0.4,3.79803,1.51921,0.01204,0.00333,0.04603,0.01189,3.796,91.9,3.804,107.625
395.55,0.4,3.79818,1.51927,0.0121,0.00333,0.04624,0.01189,3.796,91.9,3.804,107.625
396.017,0.4,3.79825,1.5193,0.01216,0.00333,0.04645,0.01189,3.793,91.9,3.804,107.625
396.58,0.4,3.79827,1.51931,0.01221,0.00333,0.04666,0.01189,3.793,91.9,3.804,107.625
397.031,0.4,3.79833,1.51933,0.01227,0.00333,0.04687,0.01189,3.793,91.9,3.804,107.625
397.593,0.4,3.79833,1.51933,0.01232,0.00333,0.04708,0.01189,3.793,91.9,3.804,107.469
398.059,0.4,3.79844,1.51938,0.01238,0.00333,0.0473,0.01189,3.793,91.9,3.804,107.469
398.622,0.4,3.79848,1.51939,0.01243,0.00333,0.04751,0.01189,3.79,91.9,3.804,107.469
399.076,0.4,3.7986,1.51944,0.01249,0.00333,0.04772,0.01189,3.796,91.9,3.804,107.469
399.639,0.4,3.79861,1.51944,0.01254,0.00333,0.04793,0.01189,3.796,91.9,3.804,107.469
400.097,0.4,3.79866,1.51946,0.0126,0.00333,0.04814,0.01189,3.793,91.9,3.805,107.469
400.664,0.4,3.79857,1.51943,0.01265,0.00333,0.04835,0.01189,3.796,91.9,3.805,107.469
401.102,0.4,3.79858,1.51943,0.01271,0.00333,0.04856,0.01189,3.796,91.9,3.805,107.469
401.661,0.4,3.79873,1.51949,0.01277,0.00333,0.04877,0.01189,3.796,91.8,3.805,107.469
402.126,0.4,3.79879,1.51952,0.01282,0.00333,0.04898,0.01189,3.796,91.8,3.805,107.309
402.693,0.4,3.79883,1.51953,0.01288,0.00333,0.04919,0.01189,3.793,91.8,3.805,107.309
403.129,0.4,3.79881,1.51952,0.01293,0.00333,0.0494,0.01189,3.793,91.8,3.805,107.309
403.694,0.4,3.79897,1.51959,0.01299,0.00333,0.04961,0.01189,3.793,91.8,3.805,107.309
404.148,0.4,3.79898,1.51959,0.01304,0.00333,0.04982,0.01189,3.796,91.8,3.805,107.309
404.71,0.4,3.79907,1.51963,0.01315,0.00333,0.05025,0.01189,3.796,91.8,3.805,107.309
405.16,0.4,3.79907,1.51963,0.01315,0.00333,0.05025,0.01189,3.796,91.8,3.805,107.309
405.717,0.4,3.79923,1.51969,0.01326,0.00333,0.05067,0.01189,3.799,91.8,3.805,107.309
406.184,0.4,3.79923,1.51969,0.01326,0.00333,0.05067,0.01189,3.793,91.8,3.805,107.309
406.744,0.4,3.79938,1.51975,0.01338,0.00333,0.05109,0.01189,3.793,91.8,3.805,107.309
407.23,0.4,3.7994,1.51976,0.01343,0.00333,0.0513,0.01189,3.793,91.8,3.806,107.152
407.717,0.4,3.79945,1.51978,0.01349,0.00333,0.05151,0.01189,3.796,91.8,3.806,107.152
408.279,0.4,3.79959,1.51984,0.01354,0.00333,0.05172,0.01189,3.796,91.8,3.806,107.152
408.72,0.4,3.79959,1.51984,0.0136,0.00333,0.05193,0.01189,3.799,91.8,3.806,107.152
409.277,0.4,3.79971,1.51988,0.01365,0.00333,0.05214,0.01189,3.793,91.8,3.806,107.152
409.747,0.4,3.79966,1.51986,0.01371,0.00333,0.05235,0.01189,3.793,91.8,3.806,107.152
410.31,0.4,3.79972,1.51989,0.01376,0.00333,0.05256,0.01189,3.793,91.8,3.806,107.152
410.777,0.4,3.7994,1.51976,0.01382,0.00333,0.05277,0.01189,3.793,91.8,3.806,107.152
411.336,0.4,3.79951,1.5198,0.01387,0.00333,0.05299,0.01189,3.796,91.8,3.806,107.152
411.804,0.4,3.79942,1.51977,0.01393,0.00333,0.0532,0.01189,3.796,91.8,3.806,106.992
412.363,0.4,3.79963,1.51985,0.01399,0.00333,0.05341,0.01189,3.796,91.8,3.806,106.992
412.833,0.4,3.79978,1.51991,0.01404,0.00333,0.05362,0.01189,3.799,91.8,3.806,106.992
413.395,0.4,3.79974,1.5199,0.0141,0.00333,0.05383,0.01189,3.793,91.8,3.806,106.992
413.862,0.4,3.79984,1.51994,0.01415,0.00333,0.05404,0.01189,3.796,91.8,3.806,106.992
414.42,0.4,3.79981,1.51992,0.01421,0.00333,0.05425,0.01189,3.793,91.8,3.806,106.992
414.886,0.4,3.79985,1.51994,0.01426,0.00333,0.05446,0.01189,3.796,91.8,3.806,106.992
415.444,0.4,3.7999,1.51996,0.01432,0.00333,0.05467,0.01189,3.796,91.8,3.806,106.992
415.913,0.4,3.79994,1.51998,0.01437,0.00333,0.05488,0.01189,3.793,91.8,3.806,106.992
416.473,0.4,3.79997,1.51999,0.01443,0.00333,0.05509,0.01189,3.796,91.8,3.806,106.836
416.94,0.4,3.8,1.52,0.01449,0.00333,0.0553,0.01189,3.796,91.8,3.806,106.836
417.502,0.4,3.80005,1.52002,0.01454,0.00333,0.05551,0.01189,3.796,91.8,3.806,106.836
417.954,0.4,3.80006,1.52002,0.0146,0.00333,0.05573,0.01189,3.79,91.7,3.806,106.836
418.515,0.4,3.80014,1.52006,0.01465,0.00333,0.05594,0.01189,3.799,91.7,3.806,106.836
418.98,0.4,3.80016,1.52006,0.01471,0.00333,0.05615,0.01189,3.799,91.7,3.806,106.836
419.538,0.4,3.80021,1.52008,0.01476,0.00333,0.05636,0.01189,3.799,91.7,3.806,106.836
420.005,0.4,3.80022,1.52009,0.01482,0.00333,0.05657,0.01189,3.796,91.7,3.806,106.836
420.562,0.4,3.80024,1.5201,0.01487,0.00333,0.05678,0.01189,3.793,91.7,3.806,106.836
421.03,0.4,3.80027,1.52011,0.01493,0.00333,0.05699,0.01189,3.796,91.7,3.806,106.836
