Device,Temperature (C),Humidity,Timestamp
SHTC3,23.430,75.160,2022-06-16 18:06:22.074080+00:00
SHTC3,23.430,75.160,2022-06-16 18:06:22.583194+00:00
SHTC3,23.390,75.140,2022-06-16 18:06:23.088195+00:00
SHTC3,23.390,75.160,2022-06-16 18:06:23.595308+00:00
SHTC3,23.390,75.150,2022-06-16 18:06:24.105656+00:00
SHTC3,23.410,75.170,2022-06-16 18:06:24.621263+00:00
SHTC3,23.380,75.180,2022-06-16 18:06:25.134259+00:00
SHTC3,23.410,75.140,2022-06-16 18:06:25.647135+00:00
SHTC3,23.410,75.170,2022-06-16 18:06:26.157114+00:00
SHTC3,23.390,75.170,2022-06-16 18:06:26.673967+00:00
SHTC3,23.380,75.180,2022-06-16 18:06:27.188016+00:00
SHTC3,23.420,75.150,2022-06-16 18:06:27.698782+00:00
SHTC3,23.430,75.160,2022-06-16 18:06:28.214112+00:00
SHTC3,23.380,75.160,2022-06-16 18:06:28.727976+00:00
SHTC3,23.420,75.180,2022-06-16 18:06:29.239953+00:00
SHTC3,23.410,75.190,2022-06-16 18:06:29.755085+00:00
SHTC3,23.400,75.170,2022-06-16 18:06:30.269878+00:00
SHTC3,23.410,75.180,2022-06-16 18:06:30.780016+00:00
SHTC3,23.430,75.190,2022-06-16 18:06:31.288397+00:00
SHTC3,23.410,75.180,2022-06-16 18:06:31.803527+00:00
SHTC3,23.410,75.180,2022-06-16 18:06:32.316273+00:00
SHTC3,23.390,75.180,2022-06-16 18:06:32.827659+00:00
SHTC3,23.420,75.180,2022-06-16 18:06:33.337685+00:00
SHTC3,23.390,75.170,2022-06-16 18:06:33.850285+00:00
SHTC3,23.400,75.180,2022-06-16 18:06:34.363424+00:00
SHTC3,23.430,75.200,2022-06-16 18:06:34.876775+00:00
SHTC3,23.390,75.190,2022-06-16 18:06:35.389578+00:00
SHTC3,23.390,75.180,2022-06-16 18:06:35.904241+00:00
SHTC3,23.430,75.190,2022-06-16 18:06:36.411661+00:00
SHTC3,23.390,75.180,2022-06-16 18:06:36.919633+00:00
SHTC3,23.420,75.200,2022-06-16 18:06:37.434069+00:00
SHTC3,23.400,75.170,2022-06-16 18:06:37.944604+00:00
SHTC3,23.410,75.180,2022-06-16 18:06:38.458037+00:00
SHTC3,23.380,75.180,2022-06-16 18:06:38.959519+00:00
SHTC3,23.410,75.160,2022-06-16 18:06:39.461235+00:00
SHTC3,23.410,75.170,2022-06-16 18:06:39.972385+00:00
SHTC3,23.410,75.180,2022-06-16 18:06:40.484382+00:00
SHTC3,23.410,75.170,2022-06-16 18:06:40.998285+00:00
SHTC3,23.390,75.170,2022-06-16 18:06:41.499059+00:00
SHTC3,23.390,75.160,2022-06-16 18:06:42.013989+00:00
SHTC3,23.400,75.180,2022-06-16 18:06:42.526509+00:00
SHTC3,23.410,75.170,2022-06-16 18:06:43.041223+00:00
SHTC3,23.390,75.180,2022-06-16 18:06:43.555173+00:00
SHTC3,23.400,75.160,2022-06-16 18:06:44.068299+00:00
SHTC3,23.430,75.170,2022-06-16 18:06:44.582389+00:00
SHTC3,23.360,75.190,2022-06-16 18:06:45.097799+00:00
SHTC3,23.420,75.160,2022-06-16 18:06:45.606301+00:00
SHTC3,23.410,75.160,2022-06-16 18:06:46.117067+00:00
SHTC3,23.390,75.160,2022-06-16 18:06:46.635028+00:00
SHTC3,23.410,75.170,2022-06-16 18:06:47.148075+00:00
SHTC3,23.420,75.170,2022-06-16 18:06:47.658102+00:00
SHTC3,23.420,75.160,2022-06-16 18:06:48.161416+00:00
SHTC3,23.400,75.160,2022-06-16 18:06:48.670670+00:00
SHTC3,23.400,75.190,2022-06-16 18:06:49.183213+00:00
SHTC3,23.400,75.150,2022-06-16 18:06:49.694644+00:00
SHTC3,23.390,75.160,2022-06-16 18:06:50.196178+00:00
SHTC3,23.420,75.140,2022-06-16 18:06:50.712493+00:00
SHTC3,23.410,75.140,2022-06-16 18:06:51.224048+00:00
SHTC3,23.400,75.140,2022-06-16 18:06:51.736263+00:00
SHTC3,23.460,75.130,2022-06-16 18:06:52.245900+00:00
SHTC3,23.400,75.150,2022-06-16 18:06:52.761487+00:00
SHTC3,23.430,75.150,2022-06-16 18:06:53.274467+00:00
SHTC3,23.390,75.150,2022-06-16 18:06:53.787240+00:00
SHTC3,23.440,75.180,2022-06-16 18:06:54.304461+00:00
SHTC3,23.410,75.160,2022-06-16 18:06:54.817633+00:00
SHTC3,23.390,75.160,2022-06-16 18:06:55.331584+00:00
SHTC3,23.410,75.140,2022-06-16 18:06:55.839864+00:00
SHTC3,23.420,75.150,2022-06-16 18:06:56.352099+00:00
SHTC3,23.410,75.160,2022-06-16 18:06:56.865130+00:00
SHTC3,23.410,75.140,2022-06-16 18:06:57.378727+00:00
SHTC3,23.410,75.140,2022-06-16 18:06:57.893196+00:00
SHTC3,23.420,75.160,2022-06-16 18:06:58.403995+00:00
SHTC3,23.440,75.140,2022-06-16 18:06:58.912178+00:00
SHTC3,23.430,75.140,2022-06-16 18:06:59.428584+00:00
SHTC3,23.450,75.160,2022-06-16 18:06:59.939384+00:00
SHTC3,23.380,75.150,2022-06-16 18:07:00.441684+00:00
SHTC3,23.410,75.140,2022-06-16 18:07:00.952167+00:00
SHTC3,23.460,75.150,2022-06-16 18:07:01.465926+00:00
SHTC3,23.440,75.150,2022-06-16 18:07:01.974386+00:00
SHTC3,23.440,75.130,2022-06-16 18:07:02.489385+00:00
SHTC3,23.410,75.170,2022-06-16 18:07:03.000202+00:00
SHTC3,23.430,75.130,2022-06-16 18:07:03.514870+00:00
SHTC3,23.460,75.160,2022-06-16 18:07:04.029337+00:00
SHTC3,23.400,75.140,2022-06-16 18:07:04.540586+00:00
SHTC3,23.470,75.130,2022-06-16 18:07:05.051385+00:00
SHTC3,23.440,75.140,2022-06-16 18:07:05.564697+00:00
SHTC3,23.440,75.130,2022-06-16 18:07:06.066859+00:00
SHTC3,23.430,75.140,2022-06-16 18:07:06.581479+00:00
SHTC3,23.440,75.130,2022-06-16 18:07:07.085483+00:00
SHTC3,23.440,75.130,2022-06-16 18:07:07.597240+00:00
SHTC3,23.450,75.120,2022-06-16 18:07:08.097841+00:00
SHTC3,23.430,75.130,2022-06-16 18:07:08.612373+00:00
SHTC3,23.430,75.120,2022-06-16 18:07:09.124969+00:00
SHTC3,23.420,75.140,2022-06-16 18:07:09.640337+00:00
SHTC3,23.420,75.140,2022-06-16 18:07:10.153322+00:00
SHTC3,23.410,75.120,2022-06-16 18:07:10.667968+00:00
SHTC3,23.430,75.110,2022-06-16 18:07:11.177369+00:00
SHTC3,23.450,75.110,2022-06-16 18:07:11.689029+00:00
SHTC3,23.400,75.110,2022-06-16 18:07:12.199133+00:00
SHTC3,23.420,75.120,2022-06-16 18:07:12.710175+00:00
SHTC3,23.430,75.130,2022-06-16 18:07:13.221174+00:00
SHTC3,23.400,75.090,2022-06-16 18:07:13.733936+00:00
SHTC3,23.410,75.110,2022-06-16 18:07:14.241102+00:00
SHTC3,23.400,75.130,2022-06-16 18:07:14.754975+00:00
SHTC3,23.440,75.090,2022-06-16 18:07:15.262421+00:00
SHTC3,23.430,75.110,2022-06-16 18:07:15.778990+00:00
SHTC3,23.420,75.120,2022-06-16 18:07:16.290476+00:00
SHTC3,23.410,75.120,2022-06-16 18:07:16.805193+00:00
SHTC3,23.420,75.110,2022-06-16 18:07:17.315499+00:00
SHTC3,23.410,75.100,2022-06-16 18:07:17.824971+00:00
SHTC3,23.430,75.120,2022-06-16 18:07:18.336138+00:00
SHTC3,23.410,75.110,2022-06-16 18:07:18.846974+00:00
SHTC3,23.410,75.100,2022-06-16 18:07:19.360785+00:00
SHTC3,23.430,75.090,2022-06-16 18:07:19.866967+00:00
SHTC3,23.440,75.080,2022-06-16 18:07:20.382903+00:00
SHTC3,23.430,75.100,2022-06-16 18:07:20.898327+00:00
SHTC3,23.430,75.060,2022-06-16 18:07:21.398377+00:00
SHTC3,23.390,75.090,2022-06-16 18:07:21.911149+00:00
SHTC3,23.420,75.100,2022-06-16 18:07:22.423337+00:00
SHTC3,23.430,75.100,2022-06-16 18:07:22.937955+00:00
SHTC3,23.430,75.100,2022-06-16 18:07:23.437435+00:00
SHTC3,23.410,75.080,2022-06-16 18:07:23.949147+00:00
SHTC3,23.420,75.090,2022-06-16 18:07:24.465722+00:00
SHTC3,23.440,75.090,2022-06-16 18:07:24.979777+00:00
SHTC3,23.440,75.050,2022-06-16 18:07:25.492369+00:00
SHTC3,23.440,75.070,2022-06-16 18:07:26.008799+00:00
SHTC3,23.400,75.090,2022-06-16 18:07:26.517407+00:00
SHTC3,23.420,75.070,2022-06-16 18:07:27.031443+00:00
SHTC3,23.410,75.080,2022-06-16 18:07:27.544330+00:00
SHTC3,23.400,75.060,2022-06-16 18:07:28.054442+00:00
SHTC3,23.420,75.080,2022-06-16 18:07:28.567433+00:00
SHTC3,23.400,75.070,2022-06-16 18:07:29.079799+00:00
SHTC3,23.420,75.050,2022-06-16 18:07:29.590983+00:00
SHTC3,23.450,75.060,2022-06-16 18:07:30.108293+00:00
SHTC3,23.400,75.050,2022-06-16 18:07:30.621769+00:00
SHTC3,23.410,75.040,2022-06-16 18:07:31.134213+00:00
SHTC3,23.410,75.050,2022-06-16 18:07:31.647330+00:00
SHTC3,23.420,75.060,2022-06-16 18:07:32.148955+00:00
SHTC3,23.390,75.050,2022-06-16 18:07:32.653265+00:00
SHTC3,23.410,75.050,2022-06-16 18:07:33.166460+00:00
SHTC3,23.410,75.030,2022-06-16 18:07:33.682911+00:00
SHTC3,23.430,75.060,2022-06-16 18:07:34.196737+00:00
SHTC3,23.420,75.010,2022-06-16 18:07:34.709717+00:00
SHTC3,23.430,75.020,2022-06-16 18:07:35.220299+00:00
SHTC3,23.420,75.020,2022-06-16 18:07:35.734071+00:00
SHTC3,23.410,75.020,2022-06-16 18:07:36.246680+00:00
SHTC3,23.460,75.010,2022-06-16 18:07:36.746867+00:00
SHTC3,23.430,75.010,2022-06-16 18:07:37.259216+00:00
SHTC3,23.410,75.010,2022-06-16 18:07:37.769967+00:00
SHTC3,23.440,75.010,2022-06-16 18:07:38.284964+00:00
SHTC3,23.450,75.030,2022-06-16 18:07:38.797852+00:00
SHTC3,23.420,75.000,2022-06-16 18:07:39.309982+00:00
SHTC3,23.450,75.010,2022-06-16 18:07:39.824206+00:00
SHTC3,23.460,75.010,2022-06-16 18:07:40.339930+00:00
SHTC3,23.450,75.010,2022-06-16 18:07:40.853047+00:00
SHTC3,23.420,75.010,2022-06-16 18:07:41.354951+00:00
SHTC3,23.430,75.000,2022-06-16 18:07:41.865770+00:00
SHTC3,23.420,75.000,2022-06-16 18:07:42.375649+00:00
SHTC3,23.420,75.020,2022-06-16 18:07:42.888856+00:00
SHTC3,23.440,74.990,2022-06-16 18:07:43.402295+00:00
SHTC3,23.450,75.000,2022-06-16 18:07:43.915377+00:00
SHTC3,23.390,75.000,2022-06-16 18:07:44.416367+00:00
SHTC3,23.430,75.000,2022-06-16 18:07:44.927030+00:00
SHTC3,23.430,74.970,2022-06-16 18:07:45.433764+00:00
SHTC3,23.460,74.990,2022-06-16 18:07:45.945824+00:00
SHTC3,23.430,74.990,2022-06-16 18:07:46.461332+00:00
SHTC3,23.410,75.010,2022-06-16 18:07:46.975487+00:00
SHTC3,23.450,74.990,2022-06-16 18:07:47.487676+00:00
SHTC3,23.420,75.000,2022-06-16 18:07:48.003589+00:00
SHTC3,23.390,74.950,2022-06-16 18:07:48.516677+00:00
SHTC3,23.420,75.000,2022-06-16 18:07:49.030295+00:00
SHTC3,23.420,74.980,2022-06-16 18:07:49.539515+00:00
SHTC3,23.430,75.010,2022-06-16 18:07:50.049332+00:00
SHTC3,23.430,74.980,2022-06-16 18:07:50.550752+00:00
SHTC3,23.420,74.970,2022-06-16 18:07:51.059490+00:00
SHTC3,23.470,74.990,2022-06-16 18:07:51.570905+00:00
SHTC3,23.430,74.980,2022-06-16 18:07:52.071191+00:00
SHTC3,23.460,74.980,2022-06-16 18:07:52.586682+00:00
SHTC3,23.430,74.990,2022-06-16 18:07:53.099082+00:00
SHTC3,23.450,74.970,2022-06-16 18:07:53.608250+00:00
SHTC3,23.420,74.980,2022-06-16 18:07:54.120255+00:00
SHTC3,23.450,74.960,2022-06-16 18:07:54.632190+00:00
SHTC3,23.380,74.960,2022-06-16 18:07:55.145320+00:00
SHTC3,23.420,74.970,2022-06-16 18:07:55.655215+00:00
SHTC3,23.430,74.970,2022-06-16 18:07:56.163962+00:00
SHTC3,23.450,74.990,2022-06-16 18:07:56.677036+00:00
SHTC3,23.440,74.970,2022-06-16 18:07:57.191323+00:00
SHTC3,23.460,74.960,2022-06-16 18:07:57.700931+00:00
SHTC3,23.450,74.980,2022-06-16 18:07:58.213850+00:00
SHTC3,23.410,74.970,2022-06-16 18:07:58.728043+00:00
SHTC3,23.450,74.960,2022-06-16 18:07:59.243885+00:00
SHTC3,23.450,74.990,2022-06-16 18:07:59.756057+00:00
SHTC3,23.420,74.990,2022-06-16 18:08:00.265872+00:00
SHTC3,23.430,74.970,2022-06-16 18:08:00.776654+00:00
SHTC3,23.420,74.950,2022-06-16 18:08:01.287960+00:00
SHTC3,23.420,74.980,2022-06-16 18:08:01.799834+00:00
SHTC3,23.440,74.950,2022-06-16 18:08:02.300463+00:00
SHTC3,23.440,74.960,2022-06-16 18:08:02.811468+00:00
SHTC3,23.430,74.980,2022-06-16 18:08:03.328520+00:00
SHTC3,23.410,74.980,2022-06-16 18:08:03.840986+00:00
SHTC3,23.450,74.970,2022-06-16 18:08:04.350541+00:00
SHTC3,23.440,74.970,2022-06-16 18:08:04.851542+00:00
SHTC3,23.460,74.960,2022-06-16 18:08:05.363115+00:00
SHTC3,23.410,74.940,2022-06-16 18:08:05.878755+00:00
SHTC3,23.440,74.970,2022-06-16 18:08:06.392467+00:00
SHTC3,23.440,74.950,2022-06-16 18:08:06.907761+00:00
SHTC3,23.450,74.950,2022-06-16 18:08:07.407761+00:00
SHTC3,23.450,74.940,2022-06-16 18:08:07.924419+00:00
SHTC3,23.450,74.960,2022-06-16 18:08:08.438530+00:00
SHTC3,23.450,74.940,2022-06-16 18:08:08.949346+00:00
SHTC3,23.430,74.960,2022-06-16 18:08:09.459734+00:00
SHTC3,23.430,74.960,2022-06-16 18:08:09.971358+00:00
SHTC3,23.430,74.970,2022-06-16 18:08:10.480635+00:00
SHTC3,23.450,74.960,2022-06-16 18:08:10.993549+00:00
SHTC3,23.410,74.990,2022-06-16 18:08:11.508915+00:00
SHTC3,23.420,74.990,2022-06-16 18:08:12.011556+00:00
SHTC3,23.430,74.970,2022-06-16 18:08:12.525336+00:00
SHTC3,23.450,74.990,2022-06-16 18:08:13.034550+00:00
SHTC3,23.420,74.990,2022-06-16 18:08:13.548313+00:00
SHTC3,23.460,74.990,2022-06-16 18:08:14.061915+00:00
SHTC3,23.430,74.980,2022-06-16 18:08:14.574426+00:00
SHTC3,23.430,75.000,2022-06-16 18:08:15.086914+00:00
SHTC3,23.460,74.990,2022-06-16 18:08:15.603955+00:00
SHTC3,23.450,74.980,2022-06-16 18:08:16.117317+00:00
SHTC3,23.430,74.950,2022-06-16 18:08:16.631500+00:00
SHTC3,23.430,75.000,2022-06-16 18:08:17.145234+00:00
SHTC3,23.410,74.980,2022-06-16 18:08:17.659481+00:00
SHTC3,23.450,75.000,2022-06-16 18:08:18.172656+00:00
SHTC3,23.440,74.980,2022-06-16 18:08:18.675946+00:00
SHTC3,23.470,74.990,2022-06-16 18:08:19.182626+00:00
SHTC3,23.440,74.990,2022-06-16 18:08:19.695367+00:00
SHTC3,23.450,74.960,2022-06-16 18:08:20.207324+00:00
SHTC3,23.450,74.960,2022-06-16 18:08:20.721800+00:00
SHTC3,23.460,75.000,2022-06-16 18:08:21.221398+00:00
SHTC3,23.460,74.990,2022-06-16 18:08:21.731288+00:00
SHTC3,23.450,75.010,2022-06-16 18:08:22.246190+00:00
SHTC3,23.470,75.000,2022-06-16 18:08:22.755919+00:00
SHTC3,23.470,74.990,2022-06-16 18:08:23.272157+00:00
SHTC3,23.440,74.970,2022-06-16 18:08:23.779452+00:00
SHTC3,23.460,74.960,2022-06-16 18:08:24.292915+00:00
SHTC3,23.440,74.970,2022-06-16 18:08:24.796353+00:00
SHTC3,23.460,74.950,2022-06-16 18:08:25.308199+00:00
SHTC3,23.450,74.960,2022-06-16 18:08:25.815164+00:00
SHTC3,23.470,74.980,2022-06-16 18:08:26.317723+00:00
SHTC3,23.450,74.950,2022-06-16 18:08:26.832106+00:00
SHTC3,23.430,74.960,2022-06-16 18:08:27.342696+00:00
SHTC3,23.470,74.960,2022-06-16 18:08:27.851452+00:00
SHTC3,23.470,74.960,2022-06-16 18:08:28.350965+00:00
SHTC3,23.450,74.970,2022-06-16 18:08:28.863274+00:00
SHTC3,23.480,74.970,2022-06-16 18:08:29.365165+00:00
SHTC3,23.460,74.960,2022-06-16 18:08:29.878709+00:00
SHTC3,23.460,74.970,2022-06-16 18:08:30.391244+00:00
SHTC3,23.500,74.950,2022-06-16 18:08:30.890443+00:00
SHTC3,23.460,74.950,2022-06-16 18:08:31.394146+00:00
SHTC3,23.470,74.960,2022-06-16 18:08:31.898309+00:00
SHTC3,23.470,74.960,2022-06-16 18:08:32.401275+00:00
SHTC3,23.460,74.950,2022-06-16 18:08:32.905388+00:00
SHTC3,23.500,74.960,2022-06-16 18:08:33.410193+00:00
SHTC3,23.420,74.960,2022-06-16 18:08:33.913105+00:00
SHTC3,23.450,74.970,2022-06-16 18:08:34.413747+00:00
SHTC3,23.460,74.980,2022-06-16 18:08:34.920459+00:00
SHTC3,23.440,74.980,2022-06-16 18:08:35.423535+00:00
SHTC3,23.470,74.990,2022-06-16 18:08:35.925210+00:00
SHTC3,23.500,74.990,2022-06-16 18:08:36.435324+00:00
SHTC3,23.480,74.980,2022-06-16 18:08:36.945347+00:00
SHTC3,23.500,74.970,2022-06-16 18:08:37.452807+00:00
SHTC3,23.520,74.980,2022-06-16 18:08:37.961944+00:00
SHTC3,23.480,74.980,2022-06-16 18:08:38.467689+00:00
SHTC3,23.460,74.970,2022-06-16 18:08:38.976133+00:00
SHTC3,23.470,74.960,2022-06-16 18:08:39.481975+00:00
SHTC3,23.490,74.990,2022-06-16 18:08:39.984466+00:00
SHTC3,23.470,74.970,2022-06-16 18:08:40.490924+00:00
SHTC3,23.490,74.990,2022-06-16 18:08:40.993882+00:00
SHTC3,23.510,74.960,2022-06-16 18:08:41.503996+00:00
SHTC3,23.490,74.930,2022-06-16 18:08:42.015111+00:00
SHTC3,23.460,74.930,2022-06-16 18:08:42.520225+00:00
SHTC3,23.490,74.900,2022-06-16 18:08:43.031339+00:00
SHTC3,23.470,74.920,2022-06-16 18:08:43.532768+00:00
SHTC3,23.470,74.910,2022-06-16 18:08:44.042885+00:00
SHTC3,23.460,74.870,2022-06-16 18:08:44.551001+00:00
SHTC3,23.470,74.900,2022-06-16 18:08:45.062116+00:00
SHTC3,23.480,74.910,2022-06-16 18:08:45.572232+00:00
SHTC3,23.510,74.890,2022-06-16 18:08:46.084349+00:00
SHTC3,23.470,74.860,2022-06-16 18:08:46.595463+00:00
SHTC3,23.470,74.830,2022-06-16 18:08:47.108578+00:00
SHTC3,23.500,74.860,2022-06-16 18:08:47.618695+00:00
SHTC3,23.470,74.850,2022-06-16 18:08:48.126808+00:00
SHTC3,23.460,74.840,2022-06-16 18:08:48.638926+00:00
SHTC3,23.500,74.840,2022-06-16 18:08:49.152041+00:00
SHTC3,23.470,74.850,2022-06-16 18:08:49.661158+00:00
SHTC3,23.490,74.830,2022-06-16 18:08:50.172274+00:00
SHTC3,23.460,74.840,2022-06-16 18:08:50.684398+00:00
SHTC3,23.460,74.830,2022-06-16 18:08:51.192974+00:00
SHTC3,23.490,74.850,2022-06-16 18:08:51.699612+00:00
SHTC3,23.480,74.840,2022-06-16 18:08:52.208728+00:00
SHTC3,23.500,74.840,2022-06-16 18:08:52.716843+00:00
SHTC3,23.510,74.850,2022-06-16 18:08:53.226959+00:00
SHTC3,23.510,74.850,2022-06-16 18:08:53.740075+00:00
SHTC3,23.480,74.830,2022-06-16 18:08:54.251190+00:00
SHTC3,23.500,74.850,2022-06-16 18:08:54.761306+00:00
SHTC3,23.500,74.850,2022-06-16 18:08:55.273421+00:00
SHTC3,23.510,74.850,2022-06-16 18:08:55.781140+00:00
SHTC3,23.530,74.830,2022-06-16 18:08:56.289254+00:00
SHTC3,23.530,74.850,2022-06-16 18:08:56.798368+00:00
SHTC3,23.480,74.830,2022-06-16 18:08:57.307483+00:00
SHTC3,23.510,74.840,2022-06-16 18:08:57.818599+00:00
SHTC3,23.540,74.830,2022-06-16 18:08:58.329715+00:00
SHTC3,23.510,74.820,2022-06-16 18:08:58.834828+00:00
SHTC3,23.470,74.810,2022-06-16 18:08:59.342942+00:00
SHTC3,23.500,74.820,2022-06-16 18:08:59.850795+00:00
SHTC3,23.480,74.830,2022-06-16 18:09:00.357908+00:00
SHTC3,23.510,74.830,2022-06-16 18:09:00.867025+00:00
SHTC3,23.480,74.830,2022-06-16 18:09:01.378141+00:00
SHTC3,23.530,74.800,2022-06-16 18:09:01.890255+00:00
SHTC3,23.480,74.810,2022-06-16 18:09:02.400374+00:00
SHTC3,23.490,74.800,2022-06-16 18:09:02.904993+00:00
SHTC3,23.500,74.800,2022-06-16 18:09:03.415109+00:00
SHTC3,23.510,74.800,2022-06-16 18:09:03.926225+00:00
SHTC3,23.510,74.810,2022-06-16 18:09:04.438340+00:00
SHTC3,23.490,74.780,2022-06-16 18:09:04.947456+00:00
SHTC3,23.470,74.800,2022-06-16 18:09:05.460575+00:00
SHTC3,23.500,74.830,2022-06-16 18:09:05.968688+00:00
SHTC3,23.500,74.800,2022-06-16 18:09:06.480805+00:00
SHTC3,23.510,74.790,2022-06-16 18:09:06.992922+00:00
SHTC3,23.500,74.790,2022-06-16 18:09:07.504036+00:00
SHTC3,23.510,74.770,2022-06-16 18:09:08.011196+00:00
SHTC3,23.500,74.770,2022-06-16 18:09:08.521313+00:00
SHTC3,23.500,74.790,2022-06-16 18:09:09.030429+00:00
SHTC3,23.520,74.770,2022-06-16 18:09:09.542544+00:00
SHTC3,23.500,74.750,2022-06-16 18:09:10.053659+00:00
SHTC3,23.490,74.740,2022-06-16 18:09:10.562775+00:00
SHTC3,23.520,74.750,2022-06-16 18:09:11.073889+00:00
SHTC3,23.480,74.760,2022-06-16 18:09:11.585005+00:00
SHTC3,23.500,74.750,2022-06-16 18:09:12.093118+00:00
SHTC3,23.510,74.710,2022-06-16 18:09:12.602234+00:00
SHTC3,23.500,74.720,2022-06-16 18:09:13.103348+00:00
SHTC3,23.530,74.730,2022-06-16 18:09:13.616467+00:00
SHTC3,23.460,74.720,2022-06-16 18:09:14.126581+00:00
SHTC3,23.510,74.720,2022-06-16 18:09:14.638697+00:00
SHTC3,23.510,74.710,2022-06-16 18:09:15.149812+00:00
SHTC3,23.470,74.710,2022-06-16 18:09:15.660931+00:00
SHTC3,23.500,74.720,2022-06-16 18:09:16.168916+00:00
SHTC3,23.500,74.710,2022-06-16 18:09:16.680032+00:00
SHTC3,23.510,74.680,2022-06-16 18:09:17.192090+00:00
SHTC3,23.490,74.680,2022-06-16 18:09:17.701204+00:00
SHTC3,23.520,74.660,2022-06-16 18:09:18.213319+00:00
SHTC3,23.510,74.690,2022-06-16 18:09:18.725435+00:00
SHTC3,23.510,74.660,2022-06-16 18:09:19.235549+00:00
SHTC3,23.500,74.660,2022-06-16 18:09:19.743663+00:00
SHTC3,23.510,74.680,2022-06-16 18:09:20.253778+00:00
SHTC3,23.500,74.630,2022-06-16 18:09:20.764247+00:00
SHTC3,23.500,74.620,2022-06-16 18:09:21.276363+00:00
SHTC3,23.500,74.630,2022-06-16 18:09:21.787478+00:00
SHTC3,23.520,74.630,2022-06-16 18:09:22.299593+00:00
SHTC3,23.490,74.650,2022-06-16 18:09:22.808709+00:00
SHTC3,23.530,74.640,2022-06-16 18:09:23.318826+00:00
SHTC3,23.520,74.640,2022-06-16 18:09:23.830944+00:00
SHTC3,23.470,74.660,2022-06-16 18:09:24.338185+00:00
SHTC3,23.510,74.660,2022-06-16 18:09:24.851305+00:00
SHTC3,23.530,74.660,2022-06-16 18:09:25.360421+00:00
SHTC3,23.530,74.690,2022-06-16 18:09:25.872534+00:00
SHTC3,23.510,74.650,2022-06-16 18:09:26.384650+00:00
SHTC3,23.530,74.660,2022-06-16 18:09:26.896767+00:00
SHTC3,23.500,74.650,2022-06-16 18:09:27.408884+00:00
SHTC3,23.510,74.640,2022-06-16 18:09:27.918998+00:00
SHTC3,23.480,74.650,2022-06-16 18:09:28.432114+00:00
SHTC3,23.510,74.610,2022-06-16 18:09:28.942228+00:00
SHTC3,23.520,74.610,2022-06-16 18:09:29.454344+00:00
SHTC3,23.510,74.620,2022-06-16 18:09:29.963789+00:00
SHTC3,23.520,74.600,2022-06-16 18:09:30.478406+00:00
SHTC3,23.500,74.600,2022-06-16 18:09:30.982614+00:00
SHTC3,23.530,74.620,2022-06-16 18:09:31.488869+00:00
SHTC3,23.510,74.630,2022-06-16 18:09:31.997984+00:00
SHTC3,23.520,74.620,2022-06-16 18:09:32.503497+00:00
SHTC3,23.530,74.610,2022-06-16 18:09:33.006525+00:00
SHTC3,23.500,74.620,2022-06-16 18:09:33.515575+00:00
SHTC3,23.490,74.600,2022-06-16 18:09:34.021714+00:00
SHTC3,23.510,74.610,2022-06-16 18:09:34.524624+00:00
SHTC3,23.530,74.620,2022-06-16 18:09:35.035045+00:00
SHTC3,23.520,74.590,2022-06-16 18:09:35.550132+00:00
SHTC3,23.540,74.610,2022-06-16 18:09:36.060125+00:00
SHTC3,23.510,74.590,2022-06-16 18:09:36.572535+00:00
SHTC3,23.540,74.600,2022-06-16 18:09:37.074002+00:00
SHTC3,23.510,74.600,2022-06-16 18:09:37.587785+00:00
SHTC3,23.520,74.590,2022-06-16 18:09:38.103324+00:00
SHTC3,23.540,74.600,2022-06-16 18:09:38.615182+00:00
SHTC3,23.510,74.580,2022-06-16 18:09:39.130133+00:00
SHTC3,23.510,74.570,2022-06-16 18:09:39.646270+00:00
SHTC3,23.530,74.570,2022-06-16 18:09:40.158201+00:00
SHTC3,23.520,74.600,2022-06-16 18:09:40.672217+00:00
SHTC3,23.500,74.570,2022-06-16 18:09:41.186186+00:00
SHTC3,23.520,74.590,2022-06-16 18:09:41.700182+00:00
SHTC3,23.540,74.570,2022-06-16 18:09:42.213409+00:00
SHTC3,23.540,74.580,2022-06-16 18:09:42.724155+00:00
SHTC3,23.540,74.600,2022-06-16 18:09:43.236211+00:00
SHTC3,23.520,74.570,2022-06-16 18:09:43.746238+00:00
SHTC3,23.540,74.580,2022-06-16 18:09:44.260219+00:00
SHTC3,23.510,74.580,2022-06-16 18:09:44.776081+00:00
SHTC3,23.510,74.560,2022-06-16 18:09:45.287293+00:00
SHTC3,23.510,74.580,2022-06-16 18:09:45.798205+00:00
SHTC3,23.510,74.570,2022-06-16 18:09:46.313775+00:00
SHTC3,23.500,74.530,2022-06-16 18:09:46.814792+00:00
SHTC3,23.530,74.550,2022-06-16 18:09:47.327259+00:00
SHTC3,23.530,74.550,2022-06-16 18:09:47.841461+00:00
SHTC3,23.520,74.520,2022-06-16 18:09:48.357304+00:00
SHTC3,23.530,74.520,2022-06-16 18:09:48.856153+00:00
SHTC3,23.550,74.520,2022-06-16 18:09:49.358890+00:00
SHTC3,23.530,74.500,2022-06-16 18:09:49.860824+00:00
SHTC3,23.540,74.520,2022-06-16 18:09:50.372143+00:00
SHTC3,23.510,74.500,2022-06-16 18:09:50.874445+00:00
SHTC3,23.540,74.520,2022-06-16 18:09:51.388012+00:00
SHTC3,23.510,74.510,2022-06-16 18:09:51.900458+00:00
SHTC3,23.540,74.510,2022-06-16 18:09:52.415792+00:00
SHTC3,23.510,74.540,2022-06-16 18:09:52.930424+00:00
SHTC3,23.570,74.540,2022-06-16 18:09:53.444547+00:00
SHTC3,23.530,74.560,2022-06-16 18:09:53.955063+00:00
SHTC3,23.530,74.520,2022-06-16 18:09:54.470752+00:00
SHTC3,23.530,74.560,2022-06-16 18:09:54.984272+00:00
SHTC3,23.540,74.570,2022-06-16 18:09:55.493724+00:00
SHTC3,23.530,74.550,2022-06-16 18:09:56.006937+00:00
SHTC3,23.540,74.550,2022-06-16 18:09:56.519066+00:00
SHTC3,23.540,74.540,2022-06-16 18:09:57.029125+00:00
SHTC3,23.530,74.570,2022-06-16 18:09:57.536971+00:00
SHTC3,23.530,74.560,2022-06-16 18:09:58.051006+00:00
SHTC3,23.530,74.560,2022-06-16 18:09:58.566106+00:00
SHTC3,23.530,74.540,2022-06-16 18:09:59.079561+00:00
SHTC3,23.540,74.560,2022-06-16 18:09:59.591799+00:00
SHTC3,23.550,74.550,2022-06-16 18:10:00.106273+00:00
SHTC3,23.550,74.560,2022-06-16 18:10:00.616355+00:00
SHTC3,23.530,74.560,2022-06-16 18:10:01.130015+00:00
SHTC3,23.540,74.560,2022-06-16 18:10:01.640940+00:00
SHTC3,23.570,74.560,2022-06-16 18:10:02.153145+00:00
SHTC3,23.510,74.570,2022-06-16 18:10:02.666784+00:00
SHTC3,23.530,74.580,2022-06-16 18:10:03.180832+00:00
SHTC3,23.550,74.590,2022-06-16 18:10:03.685513+00:00
SHTC3,23.530,74.610,2022-06-16 18:10:04.199699+00:00
SHTC3,23.550,74.620,2022-06-16 18:10:04.699733+00:00
SHTC3,23.530,74.620,2022-06-16 18:10:05.213227+00:00
SHTC3,23.540,74.630,2022-06-16 18:10:05.728663+00:00
SHTC3,23.540,74.630,2022-06-16 18:10:06.244467+00:00
SHTC3,23.550,74.630,2022-06-16 18:10:06.745672+00:00
SHTC3,23.520,74.630,2022-06-16 18:10:07.247826+00:00
SHTC3,23.550,74.620,2022-06-16 18:10:07.752550+00:00
SHTC3,23.530,74.630,2022-06-16 18:10:08.258996+00:00
SHTC3,23.550,74.640,2022-06-16 18:10:08.772951+00:00
SHTC3,23.550,74.640,2022-06-16 18:10:09.283145+00:00
SHTC3,23.580,74.640,2022-06-16 18:10:09.786392+00:00
SHTC3,23.550,74.620,2022-06-16 18:10:10.296114+00:00
SHTC3,23.580,74.630,2022-06-16 18:10:10.812716+00:00
SHTC3,23.560,74.590,2022-06-16 18:10:11.314957+00:00
SHTC3,23.570,74.580,2022-06-16 18:10:11.826677+00:00
SHTC3,23.570,74.580,2022-06-16 18:10:12.336888+00:00
SHTC3,23.540,74.580,2022-06-16 18:10:12.850108+00:00
SHTC3,23.570,74.580,2022-06-16 18:10:13.361570+00:00
SHTC3,23.540,74.590,2022-06-16 18:10:13.876803+00:00
SHTC3,23.530,74.580,2022-06-16 18:10:14.389801+00:00
SHTC3,23.560,74.600,2022-06-16 18:10:14.892524+00:00
SHTC3,23.570,74.570,2022-06-16 18:10:15.393728+00:00
SHTC3,23.560,74.570,2022-06-16 18:10:15.897721+00:00
SHTC3,23.570,74.560,2022-06-16 18:10:16.412101+00:00
SHTC3,23.550,74.550,2022-06-16 18:10:16.923506+00:00
SHTC3,23.560,74.560,2022-06-16 18:10:17.437839+00:00
SHTC3,23.540,74.550,2022-06-16 18:10:17.947803+00:00
SHTC3,23.560,74.560,2022-06-16 18:10:18.462911+00:00
SHTC3,23.530,74.530,2022-06-16 18:10:18.977762+00:00
SHTC3,23.550,74.560,2022-06-16 18:10:19.493359+00:00
SHTC3,23.590,74.540,2022-06-16 18:10:20.007416+00:00
SHTC3,23.570,74.530,2022-06-16 18:10:20.520024+00:00
SHTC3,23.580,74.540,2022-06-16 18:10:21.022868+00:00
SHTC3,23.560,74.550,2022-06-16 18:10:21.534927+00:00
SHTC3,23.560,74.530,2022-06-16 18:10:22.044426+00:00
SHTC3,23.550,74.530,2022-06-16 18:10:22.554504+00:00
SHTC3,23.580,74.530,2022-06-16 18:10:23.060617+00:00
SHTC3,23.550,74.550,2022-06-16 18:10:23.569527+00:00
SHTC3,23.570,74.540,2022-06-16 18:10:24.080150+00:00
SHTC3,23.580,74.530,2022-06-16 18:10:24.591982+00:00
SHTC3,23.550,74.540,2022-06-16 18:10:25.103389+00:00
SHTC3,23.590,74.530,2022-06-16 18:10:25.614113+00:00
SHTC3,23.550,74.520,2022-06-16 18:10:26.126769+00:00
SHTC3,23.580,74.520,2022-06-16 18:10:26.641425+00:00
SHTC3,23.550,74.550,2022-06-16 18:10:27.155668+00:00
SHTC3,23.560,74.550,2022-06-16 18:10:27.656148+00:00
SHTC3,23.580,74.520,2022-06-16 18:10:28.166942+00:00
SHTC3,23.560,74.540,2022-06-16 18:10:28.683879+00:00
SHTC3,23.590,74.550,2022-06-16 18:10:29.186751+00:00
SHTC3,23.570,74.540,2022-06-16 18:10:29.696123+00:00
SHTC3,23.570,74.550,2022-06-16 18:10:30.210745+00:00
SHTC3,23.550,74.550,2022-06-16 18:10:30.719344+00:00
SHTC3,23.570,74.550,2022-06-16 18:10:31.229735+00:00
SHTC3,23.570,74.520,2022-06-16 18:10:31.745111+00:00
SHTC3,23.580,74.520,2022-06-16 18:10:32.256738+00:00
SHTC3,23.570,74.530,2022-06-16 18:10:32.759140+00:00
SHTC3,23.580,74.540,2022-06-16 18:10:33.273747+00:00
SHTC3,23.580,74.540,2022-06-16 18:10:33.786791+00:00
SHTC3,23.580,74.510,2022-06-16 18:10:34.298771+00:00
SHTC3,23.580,74.510,2022-06-16 18:10:34.810529+00:00
SHTC3,23.580,74.490,2022-06-16 18:10:35.325734+00:00
SHTC3,23.620,74.490,2022-06-16 18:10:35.838794+00:00
SHTC3,23.580,74.510,2022-06-16 18:10:36.342164+00:00
SHTC3,23.590,74.510,2022-06-16 18:10:36.855220+00:00
SHTC3,23.580,74.500,2022-06-16 18:10:37.370339+00:00
SHTC3,23.600,74.510,2022-06-16 18:10:37.882942+00:00
SHTC3,23.570,74.510,2022-06-16 18:10:38.394994+00:00
SHTC3,23.590,74.520,2022-06-16 18:10:38.902297+00:00
SHTC3,23.530,74.510,2022-06-16 18:10:39.413312+00:00
SHTC3,23.610,74.530,2022-06-16 18:10:39.925805+00:00
SHTC3,23.590,74.530,2022-06-16 18:10:40.441037+00:00
SHTC3,23.590,74.520,2022-06-16 18:10:40.954950+00:00
SHTC3,23.590,74.530,2022-06-16 18:10:41.470606+00:00
SHTC3,23.610,74.530,2022-06-16 18:10:41.984133+00:00
SHTC3,23.610,74.530,2022-06-16 18:10:42.500956+00:00
SHTC3,23.580,74.510,2022-06-16 18:10:43.014689+00:00
SHTC3,23.570,74.530,2022-06-16 18:10:43.526005+00:00
SHTC3,23.620,74.510,2022-06-16 18:10:44.039143+00:00
SHTC3,23.580,74.490,2022-06-16 18:10:44.552173+00:00
SHTC3,23.570,74.500,2022-06-16 18:10:45.067332+00:00
SHTC3,23.580,74.480,2022-06-16 18:10:45.585138+00:00
SHTC3,23.580,74.480,2022-06-16 18:10:46.089210+00:00
SHTC3,23.590,74.500,2022-06-16 18:10:46.588173+00:00
SHTC3,23.590,74.510,2022-06-16 18:10:47.105735+00:00
SHTC3,23.590,74.480,2022-06-16 18:10:47.619763+00:00
SHTC3,23.580,74.480,2022-06-16 18:10:48.123113+00:00
SHTC3,23.590,74.480,2022-06-16 18:10:48.634954+00:00
SHTC3,23.570,74.490,2022-06-16 18:10:49.148187+00:00
SHTC3,23.600,74.490,2022-06-16 18:10:49.665058+00:00
SHTC3,23.570,74.510,2022-06-16 18:10:50.175093+00:00
SHTC3,23.600,74.470,2022-06-16 18:10:50.689883+00:00
SHTC3,23.610,74.470,2022-06-16 18:10:51.192499+00:00
SHTC3,23.610,74.480,2022-06-16 18:10:51.706078+00:00
SHTC3,23.580,74.470,2022-06-16 18:10:52.221725+00:00
SHTC3,23.620,74.490,2022-06-16 18:10:52.737739+00:00
SHTC3,23.610,74.470,2022-06-16 18:10:53.249399+00:00
SHTC3,23.560,74.460,2022-06-16 18:10:53.765728+00:00
SHTC3,23.590,74.480,2022-06-16 18:10:54.280422+00:00
SHTC3,23.590,74.480,2022-06-16 18:10:54.792676+00:00
SHTC3,23.600,74.470,2022-06-16 18:10:55.294445+00:00
SHTC3,23.600,74.490,2022-06-16 18:10:55.807253+00:00
SHTC3,23.620,74.470,2022-06-16 18:10:56.308719+00:00
SHTC3,23.620,74.450,2022-06-16 18:10:56.824911+00:00
SHTC3,23.590,74.450,2022-06-16 18:10:57.326712+00:00
SHTC3,23.650,74.460,2022-06-16 18:10:57.840743+00:00
SHTC3,23.590,74.460,2022-06-16 18:10:58.343955+00:00
SHTC3,23.630,74.460,2022-06-16 18:10:58.846309+00:00
SHTC3,23.600,74.480,2022-06-16 18:10:59.347973+00:00
SHTC3,23.610,74.450,2022-06-16 18:10:59.863085+00:00
SHTC3,23.610,74.430,2022-06-16 18:11:00.376793+00:00
SHTC3,23.600,74.440,2022-06-16 18:11:00.894134+00:00
SHTC3,23.590,74.470,2022-06-16 18:11:01.408730+00:00
SHTC3,23.640,74.430,2022-06-16 18:11:01.923758+00:00
SHTC3,23.610,74.450,2022-06-16 18:11:02.437666+00:00
SHTC3,23.590,74.440,2022-06-16 18:11:02.953687+00:00
SHTC3,23.580,74.420,2022-06-16 18:11:03.453878+00:00
SHTC3,23.570,74.400,2022-06-16 18:11:03.956309+00:00
SHTC3,23.590,74.430,2022-06-16 18:11:04.470673+00:00
SHTC3,23.600,74.440,2022-06-16 18:11:04.983682+00:00
SHTC3,23.600,74.420,2022-06-16 18:11:05.486913+00:00
SHTC3,23.630,74.410,2022-06-16 18:11:06.000600+00:00
SHTC3,23.610,74.420,2022-06-16 18:11:06.514717+00:00
SHTC3,23.600,74.410,2022-06-16 18:11:07.028571+00:00
SHTC3,23.630,74.420,2022-06-16 18:11:07.532744+00:00
SHTC3,23.600,74.390,2022-06-16 18:11:08.047723+00:00
SHTC3,23.610,74.400,2022-06-16 18:11:08.549218+00:00
SHTC3,23.620,74.390,2022-06-16 18:11:09.064843+00:00
SHTC3,23.620,74.400,2022-06-16 18:11:09.580090+00:00
SHTC3,23.610,74.410,2022-06-16 18:11:10.095786+00:00
SHTC3,23.620,74.400,2022-06-16 18:11:10.611683+00:00
SHTC3,23.600,74.380,2022-06-16 18:11:11.112022+00:00
SHTC3,23.620,74.370,2022-06-16 18:11:11.626330+00:00
SHTC3,23.650,74.380,2022-06-16 18:11:12.140077+00:00
SHTC3,23.580,74.350,2022-06-16 18:11:12.654166+00:00
SHTC3,23.620,74.370,2022-06-16 18:11:13.172109+00:00
SHTC3,23.590,74.360,2022-06-16 18:11:13.671967+00:00
SHTC3,23.620,74.370,2022-06-16 18:11:14.186691+00:00
SHTC3,23.640,74.350,2022-06-16 18:11:14.701017+00:00
SHTC3,23.620,74.350,2022-06-16 18:11:15.216216+00:00
SHTC3,23.590,74.360,2022-06-16 18:11:15.730664+00:00
SHTC3,23.620,74.360,2022-06-16 18:11:16.242275+00:00
SHTC3,23.580,74.330,2022-06-16 18:11:16.756670+00:00
SHTC3,23.600,74.370,2022-06-16 18:11:17.259498+00:00
SHTC3,23.600,74.360,2022-06-16 18:11:17.774142+00:00
SHTC3,23.590,74.350,2022-06-16 18:11:18.286269+00:00
SHTC3,23.630,74.350,2022-06-16 18:11:18.800601+00:00
SHTC3,23.600,74.360,2022-06-16 18:11:19.313864+00:00
SHTC3,23.580,74.360,2022-06-16 18:11:19.829493+00:00
SHTC3,23.590,74.370,2022-06-16 18:11:20.343686+00:00
SHTC3,23.610,74.360,2022-06-16 18:11:20.846074+00:00
SHTC3,23.660,74.350,2022-06-16 18:11:21.348169+00:00
SHTC3,23.620,74.350,2022-06-16 18:11:21.864325+00:00
SHTC3,23.630,74.370,2022-06-16 18:11:22.379101+00:00
SHTC3,23.610,74.360,2022-06-16 18:11:22.882140+00:00
SHTC3,23.600,74.360,2022-06-16 18:11:23.384080+00:00
SHTC3,23.600,74.340,2022-06-16 18:11:23.898701+00:00
SHTC3,23.620,74.330,2022-06-16 18:11:24.402712+00:00
SHTC3,23.640,74.370,2022-06-16 18:11:24.918085+00:00
SHTC3,23.620,74.340,2022-06-16 18:11:25.432171+00:00
SHTC3,23.580,74.350,2022-06-16 18:11:25.933241+00:00
SHTC3,23.570,74.340,2022-06-16 18:11:26.448228+00:00
SHTC3,23.610,74.350,2022-06-16 18:11:26.963443+00:00
SHTC3,23.620,74.330,2022-06-16 18:11:27.462093+00:00
SHTC3,23.590,74.330,2022-06-16 18:11:27.975517+00:00
SHTC3,23.600,74.360,2022-06-16 18:11:28.476339+00:00
SHTC3,23.620,74.330,2022-06-16 18:11:28.989957+00:00
SHTC3,23.630,74.340,2022-06-16 18:11:29.491178+00:00
SHTC3,23.610,74.350,2022-06-16 18:11:30.005192+00:00
SHTC3,23.640,74.330,2022-06-16 18:11:30.507146+00:00
SHTC3,23.610,74.360,2022-06-16 18:11:31.010193+00:00
SHTC3,23.590,74.360,2022-06-16 18:11:31.524185+00:00
SHTC3,23.590,74.330,2022-06-16 18:11:32.037083+00:00
SHTC3,23.610,74.340,2022-06-16 18:11:32.538128+00:00
SHTC3,23.600,74.330,2022-06-16 18:11:33.050898+00:00
SHTC3,23.620,74.340,2022-06-16 18:11:33.553501+00:00
SHTC3,23.630,74.330,2022-06-16 18:11:34.068031+00:00
SHTC3,23.620,74.370,2022-06-16 18:11:34.568979+00:00
SHTC3,23.590,74.340,2022-06-16 18:11:35.084780+00:00
SHTC3,23.590,74.330,2022-06-16 18:11:35.599118+00:00
SHTC3,23.610,74.320,2022-06-16 18:11:36.113480+00:00
SHTC3,23.620,74.350,2022-06-16 18:11:36.624305+00:00
SHTC3,23.650,74.330,2022-06-16 18:11:37.126848+00:00
SHTC3,23.590,74.340,2022-06-16 18:11:37.628581+00:00
SHTC3,23.620,74.340,2022-06-16 18:11:38.143088+00:00
SHTC3,23.640,74.320,2022-06-16 18:11:38.657676+00:00
SHTC3,23.640,74.350,2022-06-16 18:11:39.171963+00:00
SHTC3,23.640,74.310,2022-06-16 18:11:39.688244+00:00
SHTC3,23.650,74.310,2022-06-16 18:11:40.202413+00:00
SHTC3,23.640,74.300,2022-06-16 18:11:40.705960+00:00
SHTC3,23.640,74.320,2022-06-16 18:11:41.207962+00:00
SHTC3,23.610,74.320,2022-06-16 18:11:41.719220+00:00
SHTC3,23.650,74.300,2022-06-16 18:11:42.234067+00:00
SHTC3,23.640,74.290,2022-06-16 18:11:42.746673+00:00
SHTC3,23.620,74.300,2022-06-16 18:11:43.262972+00:00
SHTC3,23.600,74.290,2022-06-16 18:11:43.776826+00:00
SHTC3,23.670,74.310,2022-06-16 18:11:44.280970+00:00
SHTC3,23.640,74.300,2022-06-16 18:11:44.793933+00:00
SHTC3,23.650,74.260,2022-06-16 18:11:45.296006+00:00
SHTC3,23.660,74.270,2022-06-16 18:11:45.809683+00:00
SHTC3,23.600,74.270,2022-06-16 18:11:46.324367+00:00
SHTC3,23.660,74.310,2022-06-16 18:11:46.828068+00:00
SHTC3,23.650,74.270,2022-06-16 18:11:47.332417+00:00
SHTC3,23.650,74.280,2022-06-16 18:11:47.847842+00:00
SHTC3,23.660,74.290,2022-06-16 18:11:48.362189+00:00
SHTC3,23.620,74.290,2022-06-16 18:11:48.875131+00:00
SHTC3,23.620,74.280,2022-06-16 18:11:49.380138+00:00
SHTC3,23.640,74.270,2022-06-16 18:11:49.894998+00:00
SHTC3,23.660,74.280,2022-06-16 18:11:50.408595+00:00
SHTC3,23.680,74.260,2022-06-16 18:11:50.922957+00:00
SHTC3,23.630,74.280,2022-06-16 18:11:51.437200+00:00
SHTC3,23.660,74.290,2022-06-16 18:11:51.952308+00:00
SHTC3,23.610,74.280,2022-06-16 18:11:52.463871+00:00
SHTC3,23.650,74.270,2022-06-16 18:11:52.965949+00:00
SHTC3,23.630,74.260,2022-06-16 18:11:53.481158+00:00
SHTC3,23.590,74.240,2022-06-16 18:11:53.983202+00:00
SHTC3,23.640,74.280,2022-06-16 18:11:54.496950+00:00
SHTC3,23.640,74.270,2022-06-16 18:11:55.002628+00:00
SHTC3,23.640,74.270,2022-06-16 18:11:55.517001+00:00
SHTC3,23.640,74.240,2022-06-16 18:11:56.019942+00:00
SHTC3,23.650,74.260,2022-06-16 18:11:56.525062+00:00
SHTC3,23.640,74.230,2022-06-16 18:11:57.038064+00:00
SHTC3,23.630,74.240,2022-06-16 18:11:57.538021+00:00
SHTC3,23.630,74.250,2022-06-16 18:11:58.054822+00:00
SHTC3,23.620,74.230,2022-06-16 18:11:58.565744+00:00
SHTC3,23.660,74.240,2022-06-16 18:11:59.078577+00:00
SHTC3,23.640,74.240,2022-06-16 18:11:59.578113+00:00
SHTC3,23.650,74.230,2022-06-16 18:12:00.094170+00:00
SHTC3,23.670,74.230,2022-06-16 18:12:00.604950+00:00
SHTC3,23.660,74.250,2022-06-16 18:12:01.105802+00:00
SHTC3,23.650,74.230,2022-06-16 18:12:01.605941+00:00
SHTC3,23.670,74.230,2022-06-16 18:12:02.123649+00:00
SHTC3,23.620,74.230,2022-06-16 18:12:02.635909+00:00
SHTC3,23.630,74.220,2022-06-16 18:12:03.150305+00:00
SHTC3,23.640,74.220,2022-06-16 18:12:03.663897+00:00
SHTC3,23.610,74.210,2022-06-16 18:12:04.179938+00:00
SHTC3,23.670,74.240,2022-06-16 18:12:04.685074+00:00
SHTC3,23.670,74.210,2022-06-16 18:12:05.183645+00:00
SHTC3,23.660,74.230,2022-06-16 18:12:05.698300+00:00
SHTC3,23.630,74.220,2022-06-16 18:12:06.201688+00:00
SHTC3,23.650,74.220,2022-06-16 18:12:06.701613+00:00
SHTC3,23.660,74.230,2022-06-16 18:12:07.204693+00:00
SHTC3,23.640,74.210,2022-06-16 18:12:07.719579+00:00
SHTC3,23.670,74.210,2022-06-16 18:12:08.234347+00:00
SHTC3,23.660,74.220,2022-06-16 18:12:08.750174+00:00
SHTC3,23.660,74.190,2022-06-16 18:12:09.264185+00:00
SHTC3,23.630,74.200,2022-06-16 18:12:09.776153+00:00
SHTC3,23.670,74.220,2022-06-16 18:12:10.291601+00:00
SHTC3,23.660,74.200,2022-06-16 18:12:10.795110+00:00
SHTC3,23.700,74.210,2022-06-16 18:12:11.309463+00:00
SHTC3,23.610,74.200,2022-06-16 18:12:11.824096+00:00
SHTC3,23.650,74.210,2022-06-16 18:12:12.324212+00:00
SHTC3,23.660,74.190,2022-06-16 18:12:12.835039+00:00
SHTC3,23.630,74.200,2022-06-16 18:12:13.335289+00:00
SHTC3,23.640,74.180,2022-06-16 18:12:13.850982+00:00
SHTC3,23.660,74.160,2022-06-16 18:12:14.366330+00:00
SHTC3,23.660,74.170,2022-06-16 18:12:14.880134+00:00
SHTC3,23.670,74.150,2022-06-16 18:12:15.395099+00:00
SHTC3,23.670,74.160,2022-06-16 18:12:15.898063+00:00
SHTC3,23.620,74.190,2022-06-16 18:12:16.412327+00:00
SHTC3,23.660,74.200,2022-06-16 18:12:16.925975+00:00
SHTC3,23.650,74.200,2022-06-16 18:12:17.439232+00:00
SHTC3,23.650,74.160,2022-06-16 18:12:17.941260+00:00
SHTC3,23.690,74.180,2022-06-16 18:12:18.455044+00:00
SHTC3,23.680,74.170,2022-06-16 18:12:18.970535+00:00
SHTC3,23.670,74.180,2022-06-16 18:12:19.485569+00:00
SHTC3,23.640,74.170,2022-06-16 18:12:19.999633+00:00
SHTC3,23.660,74.160,2022-06-16 18:12:20.516317+00:00
SHTC3,23.660,74.170,2022-06-16 18:12:21.032221+00:00
SHTC3,23.650,74.140,2022-06-16 18:12:21.545790+00:00
SHTC3,23.650,74.150,2022-06-16 18:12:22.061250+00:00
SHTC3,23.670,74.150,2022-06-16 18:12:22.573804+00:00
SHTC3,23.670,74.150,2022-06-16 18:12:23.089629+00:00
SHTC3,23.660,74.150,2022-06-16 18:12:23.589957+00:00
SHTC3,23.690,74.130,2022-06-16 18:12:24.104566+00:00
SHTC3,23.640,74.150,2022-06-16 18:12:24.618199+00:00
SHTC3,23.660,74.150,2022-06-16 18:12:25.135171+00:00
SHTC3,23.670,74.140,2022-06-16 18:12:25.650247+00:00
SHTC3,23.660,74.130,2022-06-16 18:12:26.163659+00:00
SHTC3,23.680,74.130,2022-06-16 18:12:26.666469+00:00
SHTC3,23.670,74.130,2022-06-16 18:12:27.170944+00:00
SHTC3,23.670,74.140,2022-06-16 18:12:27.674333+00:00
SHTC3,23.690,74.120,2022-06-16 18:12:28.177512+00:00
SHTC3,23.680,74.120,2022-06-16 18:12:28.678900+00:00
SHTC3,23.700,74.130,2022-06-16 18:12:29.182312+00:00
SHTC3,23.670,74.140,2022-06-16 18:12:29.696924+00:00
SHTC3,23.670,74.130,2022-06-16 18:12:30.212697+00:00
SHTC3,23.690,74.100,2022-06-16 18:12:30.711604+00:00
SHTC3,23.670,74.130,2022-06-16 18:12:31.223650+00:00
SHTC3,23.670,74.100,2022-06-16 18:12:31.725987+00:00
SHTC3,23.690,74.120,2022-06-16 18:12:32.242691+00:00
SHTC3,23.660,74.120,2022-06-16 18:12:32.755958+00:00
SHTC3,23.680,74.100,2022-06-16 18:12:33.258106+00:00
SHTC3,23.700,74.110,2022-06-16 18:12:33.771524+00:00
SHTC3,23.660,74.100,2022-06-16 18:12:34.287075+00:00
SHTC3,23.670,74.090,2022-06-16 18:12:34.801237+00:00
SHTC3,23.690,74.110,2022-06-16 18:12:35.316160+00:00
SHTC3,23.710,74.090,2022-06-16 18:12:35.831562+00:00
SHTC3,23.700,74.080,2022-06-16 18:12:36.332983+00:00
SHTC3,23.670,74.070,2022-06-16 18:12:36.835936+00:00
SHTC3,23.670,74.100,2022-06-16 18:12:37.335093+00:00
SHTC3,23.690,74.080,2022-06-16 18:12:37.848462+00:00
SHTC3,23.660,74.070,2022-06-16 18:12:38.362050+00:00
SHTC3,23.710,74.070,2022-06-16 18:12:38.865407+00:00
SHTC3,23.670,74.090,2022-06-16 18:12:39.364882+00:00
SHTC3,23.680,74.070,2022-06-16 18:12:39.881732+00:00
SHTC3,23.680,74.080,2022-06-16 18:12:40.395038+00:00
SHTC3,23.670,74.070,2022-06-16 18:12:40.894582+00:00
SHTC3,23.680,74.070,2022-06-16 18:12:41.409989+00:00
SHTC3,23.710,74.080,2022-06-16 18:12:41.924608+00:00
SHTC3,23.710,74.060,2022-06-16 18:12:42.441148+00:00
SHTC3,23.660,74.080,2022-06-16 18:12:42.953308+00:00
SHTC3,23.670,74.080,2022-06-16 18:12:43.453911+00:00
SHTC3,23.680,74.070,2022-06-16 18:12:43.966703+00:00
SHTC3,23.690,74.090,2022-06-16 18:12:44.482981+00:00
SHTC3,23.690,74.060,2022-06-16 18:12:44.985754+00:00
SHTC3,23.710,74.060,2022-06-16 18:12:45.500096+00:00
SHTC3,23.670,74.060,2022-06-16 18:12:46.013498+00:00
SHTC3,23.670,74.070,2022-06-16 18:12:46.517888+00:00
SHTC3,23.720,74.020,2022-06-16 18:12:47.019628+00:00
SHTC3,23.680,74.070,2022-06-16 18:12:47.534657+00:00
SHTC3,23.680,74.050,2022-06-16 18:12:48.051604+00:00
SHTC3,23.690,74.020,2022-06-16 18:12:48.567582+00:00
SHTC3,23.690,74.030,2022-06-16 18:12:49.069595+00:00
SHTC3,23.690,74.010,2022-06-16 18:12:49.582041+00:00
SHTC3,23.710,74.020,2022-06-16 18:12:50.094490+00:00
SHTC3,23.720,73.980,2022-06-16 18:12:50.611570+00:00
SHTC3,23.680,74.010,2022-06-16 18:12:51.124675+00:00
SHTC3,23.690,74.010,2022-06-16 18:12:51.637786+00:00
SHTC3,23.710,74.010,2022-06-16 18:12:52.150874+00:00
SHTC3,23.690,74.000,2022-06-16 18:12:52.664868+00:00
SHTC3,23.680,74.000,2022-06-16 18:12:53.167193+00:00
SHTC3,23.670,74.020,2022-06-16 18:12:53.680608+00:00
SHTC3,23.680,74.010,2022-06-16 18:12:54.182712+00:00
SHTC3,23.700,74.000,2022-06-16 18:12:54.682806+00:00
SHTC3,23.690,74.010,2022-06-16 18:12:55.185255+00:00
SHTC3,23.690,74.000,2022-06-16 18:12:55.688289+00:00
SHTC3,23.700,73.990,2022-06-16 18:12:56.203263+00:00
SHTC3,23.720,73.980,2022-06-16 18:12:56.718008+00:00
SHTC3,23.690,73.980,2022-06-16 18:12:57.231598+00:00
SHTC3,23.680,73.980,2022-06-16 18:12:57.745119+00:00
SHTC3,23.700,74.000,2022-06-16 18:12:58.246283+00:00
SHTC3,23.710,73.970,2022-06-16 18:12:58.748236+00:00
SHTC3,23.710,73.980,2022-06-16 18:12:59.261051+00:00
SHTC3,23.720,73.990,2022-06-16 18:12:59.774142+00:00
SHTC3,23.700,73.980,2022-06-16 18:13:00.291560+00:00
SHTC3,23.690,73.980,2022-06-16 18:13:00.790936+00:00
SHTC3,23.690,73.970,2022-06-16 18:13:01.292028+00:00
SHTC3,23.680,74.000,2022-06-16 18:13:01.806471+00:00
SHTC3,23.690,73.980,2022-06-16 18:13:02.307284+00:00
SHTC3,23.710,73.990,2022-06-16 18:13:02.819927+00:00
SHTC3,23.700,73.970,2022-06-16 18:13:03.321011+00:00
SHTC3,23.690,73.980,2022-06-16 18:13:03.821957+00:00
SHTC3,23.720,73.990,2022-06-16 18:13:04.336451+00:00
SHTC3,23.730,73.970,2022-06-16 18:13:04.852920+00:00
SHTC3,23.700,73.970,2022-06-16 18:13:05.356570+00:00
SHTC3,23.710,73.970,2022-06-16 18:13:05.871240+00:00
SHTC3,23.710,73.950,2022-06-16 18:13:06.371248+00:00
SHTC3,23.670,73.950,2022-06-16 18:13:06.888028+00:00
SHTC3,23.700,73.970,2022-06-16 18:13:07.401556+00:00
SHTC3,23.710,73.950,2022-06-16 18:13:07.914932+00:00
SHTC3,23.720,73.960,2022-06-16 18:13:08.416721+00:00
SHTC3,23.690,73.940,2022-06-16 18:13:08.931921+00:00
SHTC3,23.690,73.950,2022-06-16 18:13:09.448018+00:00
SHTC3,23.700,73.940,2022-06-16 18:13:09.961906+00:00
SHTC3,23.700,73.950,2022-06-16 18:13:10.475918+00:00
SHTC3,23.670,73.950,2022-06-16 18:13:10.989926+00:00
SHTC3,23.700,73.930,2022-06-16 18:13:11.489903+00:00
SHTC3,23.680,73.930,2022-06-16 18:13:12.006735+00:00
SHTC3,23.700,73.940,2022-06-16 18:13:12.506548+00:00
SHTC3,23.710,73.930,2022-06-16 18:13:13.008744+00:00
SHTC3,23.700,73.940,2022-06-16 18:13:13.523480+00:00
SHTC3,23.710,73.940,2022-06-16 18:13:14.035929+00:00
SHTC3,23.690,73.930,2022-06-16 18:13:14.551561+00:00
SHTC3,23.710,73.930,2022-06-16 18:13:15.063645+00:00
SHTC3,23.680,73.940,2022-06-16 18:13:15.578571+00:00
SHTC3,23.690,73.930,2022-06-16 18:13:16.094302+00:00
SHTC3,23.670,73.930,2022-06-16 18:13:16.606721+00:00
SHTC3,23.720,73.920,2022-06-16 18:13:17.108601+00:00
SHTC3,23.710,73.930,2022-06-16 18:13:17.621463+00:00
SHTC3,23.680,73.940,2022-06-16 18:13:18.136782+00:00
SHTC3,23.710,73.960,2022-06-16 18:13:18.650371+00:00
SHTC3,23.710,73.910,2022-06-16 18:13:19.163223+00:00
SHTC3,23.700,73.900,2022-06-16 18:13:19.678563+00:00
SHTC3,23.700,73.910,2022-06-16 18:13:20.193056+00:00
SHTC3,23.700,73.930,2022-06-16 18:13:20.697771+00:00
SHTC3,23.730,73.910,2022-06-16 18:13:21.201463+00:00
SHTC3,23.700,73.910,2022-06-16 18:13:21.705025+00:00
SHTC3,23.690,73.920,2022-06-16 18:13:22.216935+00:00
SHTC3,23.710,73.920,2022-06-16 18:13:22.732148+00:00
SHTC3,23.710,73.900,2022-06-16 18:13:23.245933+00:00
SHTC3,23.690,73.910,2022-06-16 18:13:23.759557+00:00
SHTC3,23.720,73.920,2022-06-16 18:13:24.276495+00:00
SHTC3,23.710,73.900,2022-06-16 18:13:24.776436+00:00
SHTC3,23.710,73.900,2022-06-16 18:13:25.280903+00:00
SHTC3,23.730,73.910,2022-06-16 18:13:25.794841+00:00
SHTC3,23.720,73.910,2022-06-16 18:13:26.307920+00:00
SHTC3,23.710,73.890,2022-06-16 18:13:26.824956+00:00
SHTC3,23.710,73.910,2022-06-16 18:13:27.338621+00:00
SHTC3,23.700,73.900,2022-06-16 18:13:27.853839+00:00
SHTC3,23.720,73.900,2022-06-16 18:13:28.356747+00:00
SHTC3,23.740,73.890,2022-06-16 18:13:28.874224+00:00
SHTC3,23.710,73.900,2022-06-16 18:13:29.384978+00:00
SHTC3,23.720,73.910,2022-06-16 18:13:29.886769+00:00
SHTC3,23.720,73.890,2022-06-16 18:13:30.399905+00:00
SHTC3,23.720,73.900,2022-06-16 18:13:30.914473+00:00
SHTC3,23.730,73.880,2022-06-16 18:13:31.416923+00:00
SHTC3,23.730,73.900,2022-06-16 18:13:31.918912+00:00
SHTC3,23.740,73.910,2022-06-16 18:13:32.431691+00:00
SHTC3,23.720,73.900,2022-06-16 18:13:32.945186+00:00
SHTC3,23.720,73.900,2022-06-16 18:13:33.460875+00:00
SHTC3,23.690,73.900,2022-06-16 18:13:33.965273+00:00
SHTC3,23.690,73.880,2022-06-16 18:13:34.468599+00:00
SHTC3,23.710,73.910,2022-06-16 18:13:34.971756+00:00
SHTC3,23.720,73.900,2022-06-16 18:13:35.485935+00:00
SHTC3,23.720,73.900,2022-06-16 18:13:35.989639+00:00
SHTC3,23.710,73.870,2022-06-16 18:13:36.505161+00:00
SHTC3,23.730,73.900,2022-06-16 18:13:37.017798+00:00
SHTC3,23.730,73.900,2022-06-16 18:13:37.519467+00:00
SHTC3,23.730,73.880,2022-06-16 18:13:38.034782+00:00
SHTC3,23.730,73.880,2022-06-16 18:13:38.536018+00:00
SHTC3,23.700,73.890,2022-06-16 18:13:39.039213+00:00
SHTC3,23.710,73.870,2022-06-16 18:13:39.550957+00:00
SHTC3,23.720,73.880,2022-06-16 18:13:40.065944+00:00
SHTC3,23.710,73.880,2022-06-16 18:13:40.580422+00:00
SHTC3,23.720,73.880,2022-06-16 18:13:41.094890+00:00
SHTC3,23.720,73.880,2022-06-16 18:13:41.610117+00:00
SHTC3,23.730,73.890,2022-06-16 18:13:42.126038+00:00
SHTC3,23.710,73.870,2022-06-16 18:13:42.633300+00:00
SHTC3,23.710,73.890,2022-06-16 18:13:43.137961+00:00
SHTC3,23.690,73.870,2022-06-16 18:13:43.654830+00:00
SHTC3,23.700,73.880,2022-06-16 18:13:44.157492+00:00
SHTC3,23.730,73.900,2022-06-16 18:13:44.673049+00:00
SHTC3,23.710,73.880,2022-06-16 18:13:45.187096+00:00
SHTC3,23.720,73.880,2022-06-16 18:13:45.702425+00:00
SHTC3,23.730,73.910,2022-06-16 18:13:46.215652+00:00
SHTC3,23.710,73.880,2022-06-16 18:13:46.716502+00:00
SHTC3,23.740,73.910,2022-06-16 18:13:47.231134+00:00
SHTC3,23.710,73.910,2022-06-16 18:13:47.744891+00:00
SHTC3,23.740,73.920,2022-06-16 18:13:48.258994+00:00
SHTC3,23.720,73.920,2022-06-16 18:13:48.773437+00:00
SHTC3,23.690,73.890,2022-06-16 18:13:49.276788+00:00
SHTC3,23.720,73.920,2022-06-16 18:13:49.792047+00:00
SHTC3,23.710,73.930,2022-06-16 18:13:50.296918+00:00
SHTC3,23.740,73.940,2022-06-16 18:13:50.800119+00:00
SHTC3,23.700,73.930,2022-06-16 18:13:51.303418+00:00
SHTC3,23.720,73.910,2022-06-16 18:13:51.814627+00:00
SHTC3,23.710,73.900,2022-06-16 18:13:52.325503+00:00
SHTC3,23.710,73.930,2022-06-16 18:13:52.829941+00:00
SHTC3,23.720,73.930,2022-06-16 18:13:53.332054+00:00
SHTC3,23.710,73.900,2022-06-16 18:13:53.832879+00:00
SHTC3,23.690,73.920,2022-06-16 18:13:54.346899+00:00
SHTC3,23.740,73.910,2022-06-16 18:13:54.847917+00:00
SHTC3,23.710,73.910,2022-06-16 18:13:55.359925+00:00
SHTC3,23.710,73.900,2022-06-16 18:13:55.869504+00:00
SHTC3,23.730,73.910,2022-06-16 18:13:56.384045+00:00
SHTC3,23.730,73.890,2022-06-16 18:13:56.896997+00:00
SHTC3,23.750,73.920,2022-06-16 18:13:57.414547+00:00
SHTC3,23.740,73.910,2022-06-16 18:13:57.916397+00:00
SHTC3,23.710,73.910,2022-06-16 18:13:58.416728+00:00
SHTC3,23.700,73.880,2022-06-16 18:13:58.920145+00:00
SHTC3,23.710,73.890,2022-06-16 18:13:59.430649+00:00
SHTC3,23.730,73.880,2022-06-16 18:13:59.947804+00:00
SHTC3,23.730,73.860,2022-06-16 18:14:00.462848+00:00
SHTC3,23.740,73.850,2022-06-16 18:14:00.977303+00:00
SHTC3,23.730,73.850,2022-06-16 18:14:01.489902+00:00
SHTC3,23.730,73.840,2022-06-16 18:14:02.003307+00:00
SHTC3,23.730,73.860,2022-06-16 18:14:02.517796+00:00
SHTC3,23.720,73.860,2022-06-16 18:14:03.032367+00:00
SHTC3,23.720,73.860,2022-06-16 18:14:03.549826+00:00
SHTC3,23.720,73.880,2022-06-16 18:14:04.060853+00:00
SHTC3,23.730,73.860,2022-06-16 18:14:04.573476+00:00
SHTC3,23.730,73.900,2022-06-16 18:14:05.085469+00:00
SHTC3,23.720,73.870,2022-06-16 18:14:05.597250+00:00
SHTC3,23.730,73.880,2022-06-16 18:14:06.111210+00:00
SHTC3,23.730,73.870,2022-06-16 18:14:06.626792+00:00
SHTC3,23.710,73.900,2022-06-16 18:14:07.140214+00:00
SHTC3,23.710,73.870,2022-06-16 18:14:07.640957+00:00
SHTC3,23.740,73.890,2022-06-16 18:14:08.154691+00:00
SHTC3,23.750,73.890,2022-06-16 18:14:08.669056+00:00
SHTC3,23.730,73.870,2022-06-16 18:14:09.179185+00:00
SHTC3,23.730,73.900,2022-06-16 18:14:09.692036+00:00
SHTC3,23.740,73.910,2022-06-16 18:14:10.205499+00:00
SHTC3,23.730,73.880,2022-06-16 18:14:10.716854+00:00
SHTC3,23.740,73.900,2022-06-16 18:14:11.229560+00:00
SHTC3,23.720,73.920,2022-06-16 18:14:11.744493+00:00
SHTC3,23.730,73.910,2022-06-16 18:14:12.258852+00:00
SHTC3,23.700,73.910,2022-06-16 18:14:12.768478+00:00
SHTC3,23.760,73.910,2022-06-16 18:14:13.279208+00:00
SHTC3,23.710,73.920,2022-06-16 18:14:13.791501+00:00
SHTC3,23.720,73.900,2022-06-16 18:14:14.305469+00:00
SHTC3,23.730,73.910,2022-06-16 18:14:14.807716+00:00
SHTC3,23.730,73.900,2022-06-16 18:14:15.321084+00:00
SHTC3,23.740,73.900,2022-06-16 18:14:15.822133+00:00
SHTC3,23.730,73.900,2022-06-16 18:14:16.335710+00:00
SHTC3,23.720,73.880,2022-06-16 18:14:16.839477+00:00
SHTC3,23.710,73.880,2022-06-16 18:14:17.354555+00:00
SHTC3,23.720,73.880,2022-06-16 18:14:17.868790+00:00
SHTC3,23.740,73.870,2022-06-16 18:14:18.383887+00:00
SHTC3,23.740,73.860,2022-06-16 18:14:18.898581+00:00
SHTC3,23.750,73.880,2022-06-16 18:14:19.412901+00:00
SHTC3,23.740,73.860,2022-06-16 18:14:19.926137+00:00
SHTC3,23.740,73.880,2022-06-16 18:14:20.442718+00:00
SHTC3,23.750,73.860,2022-06-16 18:14:20.958474+00:00
SHTC3,23.740,73.870,2022-06-16 18:14:21.472886+00:00
SHTC3,23.730,73.850,2022-06-16 18:14:21.988320+00:00
SHTC3,23.730,73.850,2022-06-16 18:14:22.499030+00:00
SHTC3,23.750,73.860,2022-06-16 18:14:23.001019+00:00
SHTC3,23.740,73.850,2022-06-16 18:14:23.516660+00:00
SHTC3,23.760,73.850,2022-06-16 18:14:24.032757+00:00
SHTC3,23.730,73.860,2022-06-16 18:14:24.545451+00:00
SHTC3,23.730,73.850,2022-06-16 18:14:25.060362+00:00
SHTC3,23.740,73.850,2022-06-16 18:14:25.573594+00:00
SHTC3,23.730,73.840,2022-06-16 18:14:26.089688+00:00
SHTC3,23.720,73.840,2022-06-16 18:14:26.590962+00:00
SHTC3,23.760,73.840,2022-06-16 18:14:27.103852+00:00
SHTC3,23.760,73.830,2022-06-16 18:14:27.619066+00:00
SHTC3,23.760,73.840,2022-06-16 18:14:28.121757+00:00
SHTC3,23.730,73.840,2022-06-16 18:14:28.639066+00:00
SHTC3,23.730,73.860,2022-06-16 18:14:29.154486+00:00
SHTC3,23.760,73.830,2022-06-16 18:14:29.667723+00:00
SHTC3,23.760,73.840,2022-06-16 18:14:30.170478+00:00
SHTC3,23.740,73.850,2022-06-16 18:14:30.671457+00:00
SHTC3,23.730,73.860,2022-06-16 18:14:31.186280+00:00
SHTC3,23.750,73.840,2022-06-16 18:14:31.698832+00:00
SHTC3,23.760,73.840,2022-06-16 18:14:32.211257+00:00
SHTC3,23.740,73.850,2022-06-16 18:14:32.724174+00:00
SHTC3,23.750,73.870,2022-06-16 18:14:33.225432+00:00
SHTC3,23.770,73.860,2022-06-16 18:14:33.739838+00:00
SHTC3,23.760,73.840,2022-06-16 18:14:34.253019+00:00
SHTC3,23.740,73.850,2022-06-16 18:14:34.755455+00:00
SHTC3,23.780,73.840,2022-06-16 18:14:35.265448+00:00
SHTC3,23.740,73.840,2022-06-16 18:14:35.782163+00:00
SHTC3,23.770,73.820,2022-06-16 18:14:36.284006+00:00
SHTC3,23.760,73.840,2022-06-16 18:14:36.799765+00:00
SHTC3,23.760,73.850,2022-06-16 18:14:37.312170+00:00
SHTC3,23.760,73.830,2022-06-16 18:14:37.826213+00:00
SHTC3,23.750,73.820,2022-06-16 18:14:38.340104+00:00
SHTC3,23.750,73.840,2022-06-16 18:14:38.855415+00:00
SHTC3,23.740,73.820,2022-06-16 18:14:39.370946+00:00
SHTC3,23.760,73.820,2022-06-16 18:14:39.875648+00:00
SHTC3,23.760,73.840,2022-06-16 18:14:40.391002+00:00
SHTC3,23.750,73.810,2022-06-16 18:14:40.894935+00:00
SHTC3,23.750,73.820,2022-06-16 18:14:41.395958+00:00
SHTC3,23.740,73.820,2022-06-16 18:14:41.914011+00:00
SHTC3,23.740,73.820,2022-06-16 18:14:42.415252+00:00
SHTC3,23.750,73.820,2022-06-16 18:14:42.918711+00:00
SHTC3,23.740,73.800,2022-06-16 18:14:43.431873+00:00
SHTC3,23.760,73.800,2022-06-16 18:14:43.944482+00:00
SHTC3,23.760,73.800,2022-06-16 18:14:44.458099+00:00
SHTC3,23.770,73.820,2022-06-16 18:14:44.958836+00:00
SHTC3,23.750,73.820,2022-06-16 18:14:45.461604+00:00
SHTC3,23.740,73.820,2022-06-16 18:14:45.974458+00:00
SHTC3,23.770,73.800,2022-06-16 18:14:46.490550+00:00
SHTC3,23.760,73.830,2022-06-16 18:14:47.002784+00:00
SHTC3,23.760,73.820,2022-06-16 18:14:47.517570+00:00
SHTC3,23.780,73.790,2022-06-16 18:14:48.021078+00:00
SHTC3,23.730,73.820,2022-06-16 18:14:48.537686+00:00
SHTC3,23.750,73.820,2022-06-16 18:14:49.037765+00:00
SHTC3,23.760,73.830,2022-06-16 18:14:49.549594+00:00
SHTC3,23.760,73.790,2022-06-16 18:14:50.065243+00:00
SHTC3,23.750,73.830,2022-06-16 18:14:50.582823+00:00
SHTC3,23.760,73.800,2022-06-16 18:14:51.096638+00:00
SHTC3,23.750,73.820,2022-06-16 18:14:51.613710+00:00
SHTC3,23.760,73.820,2022-06-16 18:14:52.125426+00:00
SHTC3,23.740,73.820,2022-06-16 18:14:52.641448+00:00
SHTC3,23.760,73.820,2022-06-16 18:14:53.152945+00:00
SHTC3,23.770,73.810,2022-06-16 18:14:53.654402+00:00
SHTC3,23.760,73.800,2022-06-16 18:14:54.168024+00:00
SHTC3,23.770,73.800,2022-06-16 18:14:54.682428+00:00
SHTC3,23.750,73.820,2022-06-16 18:14:55.197772+00:00
SHTC3,23.780,73.820,2022-06-16 18:14:55.698687+00:00
SHTC3,23.760,73.820,2022-06-16 18:14:56.211629+00:00
SHTC3,23.760,73.790,2022-06-16 18:14:56.723961+00:00
SHTC3,23.730,73.800,2022-06-16 18:14:57.225813+00:00
SHTC3,23.770,73.820,2022-06-16 18:14:57.737877+00:00
SHTC3,23.750,73.810,2022-06-16 18:14:58.240086+00:00
SHTC3,23.770,73.800,2022-06-16 18:14:58.756379+00:00
SHTC3,23.740,73.790,2022-06-16 18:14:59.258438+00:00
SHTC3,23.780,73.810,2022-06-16 18:14:59.774315+00:00
SHTC3,23.760,73.790,2022-06-16 18:15:00.278456+00:00
SHTC3,23.780,73.810,2022-06-16 18:15:00.783794+00:00
SHTC3,23.770,73.800,2022-06-16 18:15:01.284144+00:00
SHTC3,23.760,73.790,2022-06-16 18:15:01.802110+00:00
SHTC3,23.750,73.790,2022-06-16 18:15:02.311882+00:00
SHTC3,23.770,73.810,2022-06-16 18:15:02.825674+00:00
SHTC3,23.770,73.790,2022-06-16 18:15:03.326781+00:00
SHTC3,23.760,73.780,2022-06-16 18:15:03.840085+00:00
SHTC3,23.760,73.810,2022-06-16 18:15:04.352768+00:00
SHTC3,23.760,73.780,2022-06-16 18:15:04.868246+00:00
SHTC3,23.750,73.800,2022-06-16 18:15:05.380904+00:00
SHTC3,23.780,73.810,2022-06-16 18:15:05.894974+00:00
SHTC3,23.780,73.820,2022-06-16 18:15:06.410909+00:00
SHTC3,23.770,73.790,2022-06-16 18:15:06.921498+00:00
SHTC3,23.770,73.790,2022-06-16 18:15:07.435837+00:00
SHTC3,23.760,73.770,2022-06-16 18:15:07.949155+00:00
SHTC3,23.780,73.800,2022-06-16 18:15:08.450093+00:00
SHTC3,23.760,73.780,2022-06-16 18:15:08.961989+00:00
SHTC3,23.770,73.780,2022-06-16 18:15:09.477606+00:00
SHTC3,23.780,73.800,2022-06-16 18:15:09.987276+00:00
SHTC3,23.740,73.800,2022-06-16 18:15:10.500596+00:00
SHTC3,23.750,73.780,2022-06-16 18:15:11.002428+00:00
SHTC3,23.750,73.800,2022-06-16 18:15:11.516533+00:00
SHTC3,23.760,73.800,2022-06-16 18:15:12.019400+00:00
SHTC3,23.780,73.780,2022-06-16 18:15:12.536662+00:00
SHTC3,23.780,73.770,2022-06-16 18:15:13.049725+00:00
SHTC3,23.780,73.780,2022-06-16 18:15:13.563024+00:00
SHTC3,23.770,73.760,2022-06-16 18:15:14.079455+00:00
SHTC3,23.770,73.770,2022-06-16 18:15:14.589667+00:00
SHTC3,23.770,73.760,2022-06-16 18:15:15.102595+00:00
SHTC3,23.780,73.760,2022-06-16 18:15:15.616007+00:00
SHTC3,23.760,73.750,2022-06-16 18:15:16.118008+00:00
SHTC3,23.760,73.770,2022-06-16 18:15:16.618052+00:00
SHTC3,23.770,73.770,2022-06-16 18:15:17.129418+00:00
SHTC3,23.770,73.770,2022-06-16 18:15:17.646512+00:00
SHTC3,23.790,73.760,2022-06-16 18:15:18.159861+00:00
SHTC3,23.770,73.750,2022-06-16 18:15:18.671598+00:00
SHTC3,23.760,73.770,2022-06-16 18:15:19.186386+00:00
SHTC3,23.760,73.750,2022-06-16 18:15:19.700059+00:00
SHTC3,23.760,73.770,2022-06-16 18:15:20.210876+00:00
SHTC3,23.790,73.750,2022-06-16 18:15:20.722727+00:00
SHTC3,23.770,73.770,2022-06-16 18:15:21.238465+00:00
SHTC3,23.760,73.760,2022-06-16 18:15:21.751701+00:00
SHTC3,23.760,73.760,2022-06-16 18:15:22.265942+00:00
SHTC3,23.780,73.760,2022-06-16 18:15:22.780025+00:00
SHTC3,23.760,73.750,2022-06-16 18:15:23.293305+00:00
SHTC3,23.760,73.740,2022-06-16 18:15:23.806775+00:00
SHTC3,23.760,73.750,2022-06-16 18:15:24.320379+00:00
SHTC3,23.760,73.760,2022-06-16 18:15:24.822749+00:00
SHTC3,23.780,73.760,2022-06-16 18:15:25.340014+00:00
SHTC3,23.760,73.750,2022-06-16 18:15:25.853894+00:00
SHTC3,23.760,73.760,2022-06-16 18:15:26.358433+00:00
SHTC3,23.780,73.760,2022-06-16 18:15:26.857961+00:00
SHTC3,23.770,73.760,2022-06-16 18:15:27.370668+00:00
SHTC3,23.780,73.770,2022-06-16 18:15:27.870897+00:00
SHTC3,23.780,73.740,2022-06-16 18:15:28.384684+00:00
SHTC3,23.780,73.750,2022-06-16 18:15:28.899901+00:00
SHTC3,23.780,73.760,2022-06-16 18:15:29.411392+00:00
SHTC3,23.780,73.730,2022-06-16 18:15:29.922196+00:00
SHTC3,23.780,73.740,2022-06-16 18:15:30.438864+00:00
SHTC3,23.780,73.710,2022-06-16 18:15:30.941262+00:00
SHTC3,23.790,73.740,2022-06-16 18:15:31.453602+00:00
SHTC3,23.760,73.730,2022-06-16 18:15:31.965117+00:00
SHTC3,23.780,73.730,2022-06-16 18:15:32.480307+00:00
SHTC3,23.780,73.720,2022-06-16 18:15:32.994793+00:00
SHTC3,23.780,73.740,2022-06-16 18:15:33.507436+00:00
SHTC3,23.770,73.720,2022-06-16 18:15:34.021578+00:00
SHTC3,23.760,73.720,2022-06-16 18:15:34.534872+00:00
SHTC3,23.780,73.720,2022-06-16 18:15:35.047716+00:00
SHTC3,23.760,73.700,2022-06-16 18:15:35.560899+00:00
SHTC3,23.790,73.690,2022-06-16 18:15:36.071845+00:00
SHTC3,23.780,73.710,2022-06-16 18:15:36.585370+00:00
SHTC3,23.760,73.700,2022-06-16 18:15:37.100867+00:00
SHTC3,23.760,73.690,2022-06-16 18:15:37.613314+00:00
SHTC3,23.770,73.690,2022-06-16 18:15:38.127599+00:00
SHTC3,23.780,73.680,2022-06-16 18:15:38.644756+00:00
SHTC3,23.790,73.670,2022-06-16 18:15:39.144976+00:00
SHTC3,23.780,73.660,2022-06-16 18:15:39.661379+00:00
SHTC3,23.790,73.670,2022-06-16 18:15:40.176338+00:00
SHTC3,23.790,73.660,2022-06-16 18:15:40.687391+00:00
SHTC3,23.760,73.670,2022-06-16 18:15:41.201549+00:00
SHTC3,23.790,73.640,2022-06-16 18:15:41.713986+00:00
SHTC3,23.790,73.660,2022-06-16 18:15:42.230762+00:00
SHTC3,23.810,73.660,2022-06-16 18:15:42.743769+00:00
SHTC3,23.780,73.670,2022-06-16 18:15:43.259033+00:00
SHTC3,23.800,73.660,2022-06-16 18:15:43.772773+00:00
SHTC3,23.780,73.660,2022-06-16 18:15:44.287372+00:00
SHTC3,23.770,73.660,2022-06-16 18:15:44.798377+00:00
SHTC3,23.770,73.650,2022-06-16 18:15:45.302802+00:00
SHTC3,23.790,73.650,2022-06-16 18:15:45.818397+00:00
SHTC3,23.780,73.660,2022-06-16 18:15:46.328789+00:00
SHTC3,23.800,73.660,2022-06-16 18:15:46.835580+00:00
SHTC3,23.800,73.660,2022-06-16 18:15:47.349740+00:00
SHTC3,23.780,73.650,2022-06-16 18:15:47.854276+00:00
SHTC3,23.790,73.660,2022-06-16 18:15:48.359995+00:00
SHTC3,23.790,73.650,2022-06-16 18:15:48.875355+00:00
SHTC3,23.760,73.650,2022-06-16 18:15:49.390293+00:00
SHTC3,23.760,73.640,2022-06-16 18:15:49.896355+00:00
SHTC3,23.780,73.650,2022-06-16 18:15:50.401689+00:00
SHTC3,23.790,73.640,2022-06-16 18:15:50.918882+00:00
SHTC3,23.780,73.620,2022-06-16 18:15:51.432499+00:00
SHTC3,23.780,73.640,2022-06-16 18:15:51.945356+00:00
SHTC3,23.780,73.650,2022-06-16 18:15:52.454240+00:00
SHTC3,23.780,73.640,2022-06-16 18:15:52.968333+00:00
SHTC3,23.790,73.620,2022-06-16 18:15:53.481483+00:00
SHTC3,23.760,73.620,2022-06-16 18:15:53.993586+00:00
SHTC3,23.740,73.640,2022-06-16 18:15:54.497239+00:00
SHTC3,23.780,73.600,2022-06-16 18:15:55.009871+00:00
SHTC3,23.770,73.600,2022-06-16 18:15:55.510719+00:00
SHTC3,23.780,73.600,2022-06-16 18:15:56.024787+00:00
SHTC3,23.790,73.620,2022-06-16 18:15:56.539268+00:00
SHTC3,23.790,73.600,2022-06-16 18:15:57.053784+00:00
SHTC3,23.780,73.600,2022-06-16 18:15:57.566198+00:00
SHTC3,23.800,73.610,2022-06-16 18:15:58.080486+00:00
SHTC3,23.790,73.620,2022-06-16 18:15:58.596567+00:00
SHTC3,23.800,73.600,2022-06-16 18:15:59.111278+00:00
SHTC3,23.790,73.600,2022-06-16 18:15:59.621527+00:00
SHTC3,23.780,73.580,2022-06-16 18:16:00.136539+00:00
SHTC3,23.810,73.590,2022-06-16 18:16:00.638904+00:00
SHTC3,23.790,73.600,2022-06-16 18:16:01.150753+00:00
SHTC3,23.790,73.580,2022-06-16 18:16:01.651328+00:00
SHTC3,23.790,73.600,2022-06-16 18:16:02.163766+00:00
SHTC3,23.780,73.600,2022-06-16 18:16:02.679761+00:00
SHTC3,23.810,73.590,2022-06-16 18:16:03.178658+00:00
SHTC3,23.790,73.600,2022-06-16 18:16:03.690135+00:00
SHTC3,23.790,73.590,2022-06-16 18:16:04.202488+00:00
SHTC3,23.790,73.600,2022-06-16 18:16:04.717405+00:00
SHTC3,23.800,73.600,2022-06-16 18:16:05.228426+00:00
SHTC3,23.790,73.590,2022-06-16 18:16:05.740408+00:00
SHTC3,23.800,73.590,2022-06-16 18:16:06.253058+00:00
SHTC3,23.790,73.610,2022-06-16 18:16:06.767567+00:00
SHTC3,23.800,73.600,2022-06-16 18:16:07.281489+00:00
SHTC3,23.770,73.590,2022-06-16 18:16:07.793946+00:00
SHTC3,23.790,73.600,2022-06-16 18:16:08.304983+00:00
SHTC3,23.800,73.610,2022-06-16 18:16:08.815902+00:00
SHTC3,23.800,73.580,2022-06-16 18:16:09.330945+00:00
SHTC3,23.820,73.590,2022-06-16 18:16:09.844572+00:00
SHTC3,23.790,73.590,2022-06-16 18:16:10.358922+00:00
SHTC3,23.810,73.600,2022-06-16 18:16:10.871593+00:00
SHTC3,23.790,73.580,2022-06-16 18:16:11.383402+00:00
SHTC3,23.790,73.580,2022-06-16 18:16:11.897829+00:00
SHTC3,23.820,73.580,2022-06-16 18:16:12.413740+00:00
SHTC3,23.790,73.580,2022-06-16 18:16:12.927540+00:00
SHTC3,23.790,73.580,2022-06-16 18:16:13.439232+00:00
SHTC3,23.820,73.550,2022-06-16 18:16:13.951537+00:00
SHTC3,23.790,73.570,2022-06-16 18:16:14.466016+00:00
SHTC3,23.790,73.570,2022-06-16 18:16:14.979339+00:00
SHTC3,23.810,73.550,2022-06-16 18:16:15.492131+00:00
SHTC3,23.800,73.550,2022-06-16 18:16:16.006254+00:00
SHTC3,23.800,73.530,2022-06-16 18:16:16.521003+00:00
SHTC3,23.800,73.550,2022-06-16 18:16:17.021956+00:00
SHTC3,23.800,73.550,2022-06-16 18:16:17.535349+00:00
SHTC3,23.800,73.530,2022-06-16 18:16:18.049073+00:00
SHTC3,23.790,73.500,2022-06-16 18:16:18.560954+00:00
SHTC3,23.780,73.540,2022-06-16 18:16:19.062633+00:00
SHTC3,23.780,73.540,2022-06-16 18:16:19.576176+00:00
SHTC3,23.800,73.510,2022-06-16 18:16:20.092527+00:00
SHTC3,23.780,73.540,2022-06-16 18:16:20.604891+00:00
SHTC3,23.820,73.530,2022-06-16 18:16:21.118709+00:00
SHTC3,23.800,73.530,2022-06-16 18:16:21.632694+00:00
SHTC3,23.800,73.520,2022-06-16 18:16:22.143206+00:00
SHTC3,23.780,73.520,2022-06-16 18:16:22.658395+00:00
SHTC3,23.800,73.520,2022-06-16 18:16:23.173886+00:00
SHTC3,23.800,73.530,2022-06-16 18:16:23.685622+00:00
SHTC3,23.770,73.540,2022-06-16 18:16:24.199494+00:00
SHTC3,23.790,73.530,2022-06-16 18:16:24.715717+00:00
SHTC3,23.790,73.540,2022-06-16 18:16:25.228778+00:00
SHTC3,23.800,73.520,2022-06-16 18:16:25.742359+00:00
SHTC3,23.810,73.510,2022-06-16 18:16:26.243018+00:00
SHTC3,23.800,73.530,2022-06-16 18:16:26.755900+00:00
SHTC3,23.790,73.520,2022-06-16 18:16:27.270650+00:00
SHTC3,23.810,73.520,2022-06-16 18:16:27.770651+00:00
SHTC3,23.790,73.510,2022-06-16 18:16:28.282526+00:00
SHTC3,23.820,73.510,2022-06-16 18:16:28.796241+00:00
SHTC3,23.780,73.500,2022-06-16 18:16:29.310812+00:00
SHTC3,23.800,73.500,2022-06-16 18:16:29.825183+00:00
SHTC3,23.810,73.490,2022-06-16 18:16:30.339771+00:00
SHTC3,23.810,73.510,2022-06-16 18:16:30.852394+00:00
SHTC3,23.790,73.510,2022-06-16 18:16:31.365116+00:00
SHTC3,23.790,73.520,2022-06-16 18:16:31.880598+00:00
SHTC3,23.810,73.490,2022-06-16 18:16:32.383508+00:00
SHTC3,23.820,73.480,2022-06-16 18:16:32.898412+00:00
SHTC3,23.830,73.470,2022-06-16 18:16:33.397953+00:00
SHTC3,23.820,73.500,2022-06-16 18:16:33.912823+00:00
SHTC3,23.810,73.500,2022-06-16 18:16:34.426912+00:00
SHTC3,23.790,73.470,2022-06-16 18:16:34.941621+00:00
SHTC3,23.780,73.480,2022-06-16 18:16:35.455259+00:00
SHTC3,23.810,73.480,2022-06-16 18:16:35.956336+00:00
SHTC3,23.810,73.490,2022-06-16 18:16:36.470833+00:00
SHTC3,23.800,73.500,2022-06-16 18:16:36.983949+00:00
SHTC3,23.810,73.480,2022-06-16 18:16:37.485080+00:00
SHTC3,23.810,73.510,2022-06-16 18:16:37.999718+00:00
SHTC3,23.800,73.500,2022-06-16 18:16:38.513912+00:00
SHTC3,23.790,73.500,2022-06-16 18:16:39.029333+00:00
SHTC3,23.810,73.470,2022-06-16 18:16:39.530419+00:00
SHTC3,23.810,73.490,2022-06-16 18:16:40.041994+00:00
SHTC3,23.830,73.520,2022-06-16 18:16:40.552595+00:00
SHTC3,23.790,73.540,2022-06-16 18:16:41.062741+00:00
SHTC3,23.780,73.550,2022-06-16 18:16:41.576089+00:00
SHTC3,23.830,73.550,2022-06-16 18:16:42.090013+00:00
SHTC3,23.820,73.550,2022-06-16 18:16:42.599729+00:00
SHTC3,23.790,73.550,2022-06-16 18:16:43.112616+00:00
SHTC3,23.830,73.560,2022-06-16 18:16:43.626981+00:00
SHTC3,23.830,73.550,2022-06-16 18:16:44.141300+00:00
